SET session_replication_role = replica;
SET session_replication_role = replica;

--
-- PostgreSQL database dump
--

-- \restrict 36PruBtAUa3eTdVx8pDK1y6Y1wmthqVVGVucv5GCN1XqwJzsSlaosTaGezOTkAA

-- Dumped from database version 17.6
-- Dumped by pg_dump version 17.6

SET statement_timeout = 0;
SET lock_timeout = 0;
SET idle_in_transaction_session_timeout = 0;
SET transaction_timeout = 0;
SET client_encoding = 'UTF8';
SET standard_conforming_strings = on;
SELECT pg_catalog.set_config('search_path', '', false);
SET check_function_bodies = false;
SET xmloption = content;
SET client_min_messages = warning;
SET row_security = off;

--
-- Data for Name: audit_log_entries; Type: TABLE DATA; Schema: auth; Owner: supabase_auth_admin
--

INSERT INTO "auth"."audit_log_entries" ("instance_id", "id", "payload", "created_at", "ip_address") VALUES
	('00000000-0000-0000-0000-000000000000', '3a588afa-9760-4f92-ae1e-ee705ba79c25', '{"action":"user_signedup","actor_id":"00000000-0000-0000-0000-000000000000","actor_username":"service_role","actor_via_sso":false,"log_type":"team","traits":{"provider":"email","user_email":"n+ya2sl9xrko7jpdx0em9ltboup4rbhklkj4zwbuhu4=@addisnet.et","user_id":"a467f7a7-dd7d-48df-a0ab-049859644453","user_phone":""}}', '2026-05-03 12:49:30.683579+00', ''),
	('00000000-0000-0000-0000-000000000000', '30bf8cdd-687b-4e9e-937a-dedbee09b0b1', '{"action":"login","actor_id":"a467f7a7-dd7d-48df-a0ab-049859644453","actor_username":"n+ya2sl9xrko7jpdx0em9ltboup4rbhklkj4zwbuhu4=@addisnet.et","actor_via_sso":false,"log_type":"account","traits":{"provider":"email"}}', '2026-05-03 12:49:31.229767+00', ''),
	('00000000-0000-0000-0000-000000000000', 'e131815a-d994-47dd-a220-8b54926beb7f', '{"action":"logout","actor_id":"a467f7a7-dd7d-48df-a0ab-049859644453","actor_username":"n+ya2sl9xrko7jpdx0em9ltboup4rbhklkj4zwbuhu4=@addisnet.et","actor_via_sso":false,"log_type":"account"}', '2026-05-03 12:57:03.882179+00', ''),
	('00000000-0000-0000-0000-000000000000', 'c9e1a116-f5a7-4d41-9727-203a6cf35b2a', '{"action":"login","actor_id":"a467f7a7-dd7d-48df-a0ab-049859644453","actor_username":"n+ya2sl9xrko7jpdx0em9ltboup4rbhklkj4zwbuhu4=@addisnet.et","actor_via_sso":false,"log_type":"account","traits":{"provider":"email"}}', '2026-05-03 13:01:02.971991+00', ''),
	('00000000-0000-0000-0000-000000000000', 'f471caed-90d6-4668-a4fe-f1fb60dd9d1f', '{"action":"logout","actor_id":"a467f7a7-dd7d-48df-a0ab-049859644453","actor_username":"n+ya2sl9xrko7jpdx0em9ltboup4rbhklkj4zwbuhu4=@addisnet.et","actor_via_sso":false,"log_type":"account"}', '2026-05-03 13:01:10.48181+00', ''),
	('00000000-0000-0000-0000-000000000000', '6ef65172-9bdb-4b41-ba4a-bd455fdf1db4', '{"action":"user_signedup","actor_id":"00000000-0000-0000-0000-000000000000","actor_username":"service_role","actor_via_sso":false,"log_type":"team","traits":{"provider":"email","user_email":"m2padha+miczawnrt60p0ejaciqfyqvrz9t2v6bj9be=@addisnet.et","user_id":"adfe3895-e3f6-4dc0-8a99-1282de8d2416","user_phone":""}}', '2026-05-03 13:01:40.923243+00', ''),
	('00000000-0000-0000-0000-000000000000', '50e03ba2-7190-4f81-9324-1260de54615d', '{"action":"login","actor_id":"adfe3895-e3f6-4dc0-8a99-1282de8d2416","actor_username":"m2padha+miczawnrt60p0ejaciqfyqvrz9t2v6bj9be=@addisnet.et","actor_via_sso":false,"log_type":"account","traits":{"provider":"email"}}', '2026-05-03 13:01:41.141072+00', ''),
	('00000000-0000-0000-0000-000000000000', 'b76676de-1197-4186-9434-7e985e304037', '{"action":"logout","actor_id":"adfe3895-e3f6-4dc0-8a99-1282de8d2416","actor_username":"m2padha+miczawnrt60p0ejaciqfyqvrz9t2v6bj9be=@addisnet.et","actor_via_sso":false,"log_type":"account"}', '2026-05-03 13:07:46.232988+00', ''),
	('00000000-0000-0000-0000-000000000000', 'c5d405c0-d34a-43d7-a2f2-47a71ffe3877', '{"action":"login","actor_id":"a467f7a7-dd7d-48df-a0ab-049859644453","actor_username":"n+ya2sl9xrko7jpdx0em9ltboup4rbhklkj4zwbuhu4=@addisnet.et","actor_via_sso":false,"log_type":"account","traits":{"provider":"email"}}', '2026-05-03 13:10:03.560645+00', ''),
	('00000000-0000-0000-0000-000000000000', '8776b925-96a3-4f3d-8a8f-ebbe5d81b495', '{"action":"logout","actor_id":"a467f7a7-dd7d-48df-a0ab-049859644453","actor_username":"n+ya2sl9xrko7jpdx0em9ltboup4rbhklkj4zwbuhu4=@addisnet.et","actor_via_sso":false,"log_type":"account"}', '2026-05-03 13:10:09.593562+00', ''),
	('00000000-0000-0000-0000-000000000000', '870dcccd-bff4-4597-bb83-1559a186a5c5', '{"action":"login","actor_id":"a467f7a7-dd7d-48df-a0ab-049859644453","actor_username":"n+ya2sl9xrko7jpdx0em9ltboup4rbhklkj4zwbuhu4=@addisnet.et","actor_via_sso":false,"log_type":"account","traits":{"provider":"email"}}', '2026-05-04 06:36:33.562945+00', ''),
	('00000000-0000-0000-0000-000000000000', '979c03f5-6573-47bb-97f5-3937a4787ecd', '{"action":"token_refreshed","actor_id":"a467f7a7-dd7d-48df-a0ab-049859644453","actor_username":"n+ya2sl9xrko7jpdx0em9ltboup4rbhklkj4zwbuhu4=@addisnet.et","actor_via_sso":false,"log_type":"token"}', '2026-05-04 07:47:52.467123+00', ''),
	('00000000-0000-0000-0000-000000000000', 'f74d2210-0ca3-4cc2-9908-4276e55a36bc', '{"action":"token_revoked","actor_id":"a467f7a7-dd7d-48df-a0ab-049859644453","actor_username":"n+ya2sl9xrko7jpdx0em9ltboup4rbhklkj4zwbuhu4=@addisnet.et","actor_via_sso":false,"log_type":"token"}', '2026-05-04 07:47:52.469074+00', ''),
	('00000000-0000-0000-0000-000000000000', 'bcbe23a5-3129-45c7-8e8b-04d9a94f2455', '{"action":"logout","actor_id":"a467f7a7-dd7d-48df-a0ab-049859644453","actor_username":"n+ya2sl9xrko7jpdx0em9ltboup4rbhklkj4zwbuhu4=@addisnet.et","actor_via_sso":false,"log_type":"account"}', '2026-05-04 08:18:53.515568+00', ''),
	('00000000-0000-0000-0000-000000000000', '3826d161-cb81-42d2-9212-5a5c17f8895e', '{"action":"login","actor_id":"a467f7a7-dd7d-48df-a0ab-049859644453","actor_username":"n+ya2sl9xrko7jpdx0em9ltboup4rbhklkj4zwbuhu4=@addisnet.et","actor_via_sso":false,"log_type":"account","traits":{"provider":"email"}}', '2026-05-04 08:19:10.375474+00', ''),
	('00000000-0000-0000-0000-000000000000', '0bc02346-8552-4fab-a586-67df75b23d72', '{"action":"token_refreshed","actor_id":"a467f7a7-dd7d-48df-a0ab-049859644453","actor_username":"n+ya2sl9xrko7jpdx0em9ltboup4rbhklkj4zwbuhu4=@addisnet.et","actor_via_sso":false,"log_type":"token"}', '2026-05-04 10:52:41.066444+00', ''),
	('00000000-0000-0000-0000-000000000000', 'bcca760a-fa23-4a92-85a8-391dddff3b03', '{"action":"token_revoked","actor_id":"a467f7a7-dd7d-48df-a0ab-049859644453","actor_username":"n+ya2sl9xrko7jpdx0em9ltboup4rbhklkj4zwbuhu4=@addisnet.et","actor_via_sso":false,"log_type":"token"}', '2026-05-04 10:52:41.081884+00', ''),
	('00000000-0000-0000-0000-000000000000', '1b8d6e0b-5a33-4c0c-ae31-f0f0fc3cd633', '{"action":"token_refreshed","actor_id":"a467f7a7-dd7d-48df-a0ab-049859644453","actor_username":"n+ya2sl9xrko7jpdx0em9ltboup4rbhklkj4zwbuhu4=@addisnet.et","actor_via_sso":false,"log_type":"token"}', '2026-05-04 10:52:41.461393+00', ''),
	('00000000-0000-0000-0000-000000000000', '74a1da07-e3d6-446c-94b4-46e08ce06177', '{"action":"token_refreshed","actor_id":"a467f7a7-dd7d-48df-a0ab-049859644453","actor_username":"n+ya2sl9xrko7jpdx0em9ltboup4rbhklkj4zwbuhu4=@addisnet.et","actor_via_sso":false,"log_type":"token"}', '2026-05-04 12:06:00.247401+00', ''),
	('00000000-0000-0000-0000-000000000000', '592f0897-4574-4e69-8723-696409b56afa', '{"action":"token_revoked","actor_id":"a467f7a7-dd7d-48df-a0ab-049859644453","actor_username":"n+ya2sl9xrko7jpdx0em9ltboup4rbhklkj4zwbuhu4=@addisnet.et","actor_via_sso":false,"log_type":"token"}', '2026-05-04 12:06:00.249952+00', ''),
	('00000000-0000-0000-0000-000000000000', '4f8e91f0-ad26-41b3-87e4-1a63da20d8ca', '{"action":"token_refreshed","actor_id":"a467f7a7-dd7d-48df-a0ab-049859644453","actor_username":"n+ya2sl9xrko7jpdx0em9ltboup4rbhklkj4zwbuhu4=@addisnet.et","actor_via_sso":false,"log_type":"token"}', '2026-05-04 13:04:55.295135+00', ''),
	('00000000-0000-0000-0000-000000000000', '0eed01e5-ce20-440c-8914-31512bd2074d', '{"action":"token_revoked","actor_id":"a467f7a7-dd7d-48df-a0ab-049859644453","actor_username":"n+ya2sl9xrko7jpdx0em9ltboup4rbhklkj4zwbuhu4=@addisnet.et","actor_via_sso":false,"log_type":"token"}', '2026-05-04 13:04:55.299102+00', ''),
	('00000000-0000-0000-0000-000000000000', '8e07921c-89db-4275-b92e-dfc4d004f099', '{"action":"token_refreshed","actor_id":"a467f7a7-dd7d-48df-a0ab-049859644453","actor_username":"n+ya2sl9xrko7jpdx0em9ltboup4rbhklkj4zwbuhu4=@addisnet.et","actor_via_sso":false,"log_type":"token"}', '2026-05-04 14:03:56.364968+00', ''),
	('00000000-0000-0000-0000-000000000000', 'ad50266e-b64d-405d-8946-082efbb23ac4', '{"action":"token_revoked","actor_id":"a467f7a7-dd7d-48df-a0ab-049859644453","actor_username":"n+ya2sl9xrko7jpdx0em9ltboup4rbhklkj4zwbuhu4=@addisnet.et","actor_via_sso":false,"log_type":"token"}', '2026-05-04 14:03:56.366844+00', ''),
	('00000000-0000-0000-0000-000000000000', 'eb22e898-1be8-4ff8-aa0c-f6b41715accd', '{"action":"token_refreshed","actor_id":"a467f7a7-dd7d-48df-a0ab-049859644453","actor_username":"n+ya2sl9xrko7jpdx0em9ltboup4rbhklkj4zwbuhu4=@addisnet.et","actor_via_sso":false,"log_type":"token"}', '2026-05-04 16:33:20.252556+00', ''),
	('00000000-0000-0000-0000-000000000000', '4b890b85-519e-45b5-b2eb-3da25bf51adc', '{"action":"token_revoked","actor_id":"a467f7a7-dd7d-48df-a0ab-049859644453","actor_username":"n+ya2sl9xrko7jpdx0em9ltboup4rbhklkj4zwbuhu4=@addisnet.et","actor_via_sso":false,"log_type":"token"}', '2026-05-04 16:33:20.260527+00', ''),
	('00000000-0000-0000-0000-000000000000', '6165adf1-2cdf-4a98-ad16-8d48fbed1cb4', '{"action":"token_refreshed","actor_id":"a467f7a7-dd7d-48df-a0ab-049859644453","actor_username":"n+ya2sl9xrko7jpdx0em9ltboup4rbhklkj4zwbuhu4=@addisnet.et","actor_via_sso":false,"log_type":"token"}', '2026-05-04 17:31:43.139993+00', ''),
	('00000000-0000-0000-0000-000000000000', 'f8599530-08c5-4ad2-9b32-c50e0a6d94a0', '{"action":"token_revoked","actor_id":"a467f7a7-dd7d-48df-a0ab-049859644453","actor_username":"n+ya2sl9xrko7jpdx0em9ltboup4rbhklkj4zwbuhu4=@addisnet.et","actor_via_sso":false,"log_type":"token"}', '2026-05-04 17:31:43.141641+00', ''),
	('00000000-0000-0000-0000-000000000000', '3f322ebb-ded2-4ea8-9229-59ec5f0b8488', '{"action":"token_refreshed","actor_id":"a467f7a7-dd7d-48df-a0ab-049859644453","actor_username":"n+ya2sl9xrko7jpdx0em9ltboup4rbhklkj4zwbuhu4=@addisnet.et","actor_via_sso":false,"log_type":"token"}', '2026-05-04 18:31:10.80337+00', ''),
	('00000000-0000-0000-0000-000000000000', '751f2ee4-886a-4335-ad64-df84533863b4', '{"action":"token_revoked","actor_id":"a467f7a7-dd7d-48df-a0ab-049859644453","actor_username":"n+ya2sl9xrko7jpdx0em9ltboup4rbhklkj4zwbuhu4=@addisnet.et","actor_via_sso":false,"log_type":"token"}', '2026-05-04 18:31:10.806039+00', ''),
	('00000000-0000-0000-0000-000000000000', '724bafb3-7e7a-4720-8606-86bc3e699388', '{"action":"token_refreshed","actor_id":"a467f7a7-dd7d-48df-a0ab-049859644453","actor_username":"n+ya2sl9xrko7jpdx0em9ltboup4rbhklkj4zwbuhu4=@addisnet.et","actor_via_sso":false,"log_type":"token"}', '2026-05-04 20:35:12.710299+00', ''),
	('00000000-0000-0000-0000-000000000000', '382ffe01-7487-45be-86b3-19ef5da06abb', '{"action":"token_revoked","actor_id":"a467f7a7-dd7d-48df-a0ab-049859644453","actor_username":"n+ya2sl9xrko7jpdx0em9ltboup4rbhklkj4zwbuhu4=@addisnet.et","actor_via_sso":false,"log_type":"token"}', '2026-05-04 20:35:12.712956+00', ''),
	('00000000-0000-0000-0000-000000000000', '7f1e12e6-c57e-4759-9537-05a4dee7530b', '{"action":"token_refreshed","actor_id":"a467f7a7-dd7d-48df-a0ab-049859644453","actor_username":"n+ya2sl9xrko7jpdx0em9ltboup4rbhklkj4zwbuhu4=@addisnet.et","actor_via_sso":false,"log_type":"token"}', '2026-05-05 07:05:40.281571+00', ''),
	('00000000-0000-0000-0000-000000000000', 'ddd852d1-efbc-46e4-b62a-d98d25129b51', '{"action":"token_revoked","actor_id":"a467f7a7-dd7d-48df-a0ab-049859644453","actor_username":"n+ya2sl9xrko7jpdx0em9ltboup4rbhklkj4zwbuhu4=@addisnet.et","actor_via_sso":false,"log_type":"token"}', '2026-05-05 07:05:40.29372+00', ''),
	('00000000-0000-0000-0000-000000000000', '6f78e78c-9faa-4dff-af5b-9889e5fc54b7', '{"action":"token_refreshed","actor_id":"a467f7a7-dd7d-48df-a0ab-049859644453","actor_username":"n+ya2sl9xrko7jpdx0em9ltboup4rbhklkj4zwbuhu4=@addisnet.et","actor_via_sso":false,"log_type":"token"}', '2026-05-05 07:05:40.484947+00', ''),
	('00000000-0000-0000-0000-000000000000', '0fbadfb5-7b18-4a39-b036-bd35736a3aa6', '{"action":"logout","actor_id":"a467f7a7-dd7d-48df-a0ab-049859644453","actor_username":"n+ya2sl9xrko7jpdx0em9ltboup4rbhklkj4zwbuhu4=@addisnet.et","actor_via_sso":false,"log_type":"account"}', '2026-05-05 07:06:53.367195+00', ''),
	('00000000-0000-0000-0000-000000000000', 'b8b6ad49-1190-411b-b109-d495c76780ae', '{"action":"login","actor_id":"a467f7a7-dd7d-48df-a0ab-049859644453","actor_username":"n+ya2sl9xrko7jpdx0em9ltboup4rbhklkj4zwbuhu4=@addisnet.et","actor_via_sso":false,"log_type":"account","traits":{"provider":"email"}}', '2026-05-05 07:07:15.022377+00', ''),
	('00000000-0000-0000-0000-000000000000', 'afd4a088-abdd-4ca0-bceb-afd8734e937f', '{"action":"token_refreshed","actor_id":"a467f7a7-dd7d-48df-a0ab-049859644453","actor_username":"n+ya2sl9xrko7jpdx0em9ltboup4rbhklkj4zwbuhu4=@addisnet.et","actor_via_sso":false,"log_type":"token"}', '2026-05-05 08:12:26.608024+00', ''),
	('00000000-0000-0000-0000-000000000000', '3827949e-a27b-4416-b764-adc71a778220', '{"action":"token_revoked","actor_id":"a467f7a7-dd7d-48df-a0ab-049859644453","actor_username":"n+ya2sl9xrko7jpdx0em9ltboup4rbhklkj4zwbuhu4=@addisnet.et","actor_via_sso":false,"log_type":"token"}', '2026-05-05 08:12:26.609345+00', ''),
	('00000000-0000-0000-0000-000000000000', '36323ecd-ca4a-4130-969c-6063709e008a', '{"action":"token_refreshed","actor_id":"a467f7a7-dd7d-48df-a0ab-049859644453","actor_username":"n+ya2sl9xrko7jpdx0em9ltboup4rbhklkj4zwbuhu4=@addisnet.et","actor_via_sso":false,"log_type":"token"}', '2026-05-05 09:36:02.550461+00', ''),
	('00000000-0000-0000-0000-000000000000', '4b5579f6-46d3-4225-8e59-d662b299115d', '{"action":"token_revoked","actor_id":"a467f7a7-dd7d-48df-a0ab-049859644453","actor_username":"n+ya2sl9xrko7jpdx0em9ltboup4rbhklkj4zwbuhu4=@addisnet.et","actor_via_sso":false,"log_type":"token"}', '2026-05-05 09:36:02.552338+00', ''),
	('00000000-0000-0000-0000-000000000000', '4a5aa4d4-6af6-4a9c-9c03-34a4cb2f232e', '{"action":"token_refreshed","actor_id":"a467f7a7-dd7d-48df-a0ab-049859644453","actor_username":"n+ya2sl9xrko7jpdx0em9ltboup4rbhklkj4zwbuhu4=@addisnet.et","actor_via_sso":false,"log_type":"token"}', '2026-05-05 10:34:37.973507+00', ''),
	('00000000-0000-0000-0000-000000000000', '76ec0e7b-ee37-4aec-ba2a-3a19a1f2a4af', '{"action":"token_revoked","actor_id":"a467f7a7-dd7d-48df-a0ab-049859644453","actor_username":"n+ya2sl9xrko7jpdx0em9ltboup4rbhklkj4zwbuhu4=@addisnet.et","actor_via_sso":false,"log_type":"token"}', '2026-05-05 10:34:37.975468+00', ''),
	('00000000-0000-0000-0000-000000000000', '7204e2db-1fa4-4470-9f8b-c5eff4009b32', '{"action":"token_refreshed","actor_id":"a467f7a7-dd7d-48df-a0ab-049859644453","actor_username":"n+ya2sl9xrko7jpdx0em9ltboup4rbhklkj4zwbuhu4=@addisnet.et","actor_via_sso":false,"log_type":"token"}', '2026-05-05 10:34:38.591393+00', ''),
	('00000000-0000-0000-0000-000000000000', '785530c2-f2bb-4318-870e-be0ba44f3512', '{"action":"token_refreshed","actor_id":"a467f7a7-dd7d-48df-a0ab-049859644453","actor_username":"n+ya2sl9xrko7jpdx0em9ltboup4rbhklkj4zwbuhu4=@addisnet.et","actor_via_sso":false,"log_type":"token"}', '2026-05-05 10:34:39.514691+00', ''),
	('00000000-0000-0000-0000-000000000000', '8177440c-f875-4c4a-8c32-5f39e4772be8', '{"action":"token_refreshed","actor_id":"a467f7a7-dd7d-48df-a0ab-049859644453","actor_username":"n+ya2sl9xrko7jpdx0em9ltboup4rbhklkj4zwbuhu4=@addisnet.et","actor_via_sso":false,"log_type":"token"}', '2026-05-05 11:33:21.992282+00', ''),
	('00000000-0000-0000-0000-000000000000', '43d119b6-95e1-476b-8d1b-3edf548794a9', '{"action":"token_revoked","actor_id":"a467f7a7-dd7d-48df-a0ab-049859644453","actor_username":"n+ya2sl9xrko7jpdx0em9ltboup4rbhklkj4zwbuhu4=@addisnet.et","actor_via_sso":false,"log_type":"token"}', '2026-05-05 11:33:21.994497+00', ''),
	('00000000-0000-0000-0000-000000000000', 'ce59a2e1-aa37-40f2-bf72-915bbd7af8ca', '{"action":"token_refreshed","actor_id":"a467f7a7-dd7d-48df-a0ab-049859644453","actor_username":"n+ya2sl9xrko7jpdx0em9ltboup4rbhklkj4zwbuhu4=@addisnet.et","actor_via_sso":false,"log_type":"token"}', '2026-05-05 12:31:56.285293+00', ''),
	('00000000-0000-0000-0000-000000000000', '00c5bec5-05b7-4a07-bbb6-1e7c1c1e043b', '{"action":"token_revoked","actor_id":"a467f7a7-dd7d-48df-a0ab-049859644453","actor_username":"n+ya2sl9xrko7jpdx0em9ltboup4rbhklkj4zwbuhu4=@addisnet.et","actor_via_sso":false,"log_type":"token"}', '2026-05-05 12:31:56.286093+00', ''),
	('00000000-0000-0000-0000-000000000000', 'f544eebd-ea8d-4b4a-bbe5-ff96acf2870b', '{"action":"login","actor_id":"adfe3895-e3f6-4dc0-8a99-1282de8d2416","actor_username":"m2padha+miczawnrt60p0ejaciqfyqvrz9t2v6bj9be=@addisnet.et","actor_via_sso":false,"log_type":"account","traits":{"provider":"email"}}', '2026-05-05 12:43:31.402422+00', ''),
	('00000000-0000-0000-0000-000000000000', 'eb1b04c8-cc84-4de8-a67d-8121279dde08', '{"action":"logout","actor_id":"adfe3895-e3f6-4dc0-8a99-1282de8d2416","actor_username":"m2padha+miczawnrt60p0ejaciqfyqvrz9t2v6bj9be=@addisnet.et","actor_via_sso":false,"log_type":"account"}', '2026-05-05 12:51:11.718438+00', ''),
	('00000000-0000-0000-0000-000000000000', 'eda23696-2f12-4151-a842-1b21a66c923c', '{"action":"user_signedup","actor_id":"00000000-0000-0000-0000-000000000000","actor_username":"service_role","actor_via_sso":false,"log_type":"team","traits":{"provider":"email","user_email":"gsfn/8opqmsmacgrx/jy1m7riljiffszkg6l17szow0=@addisnet.et","user_id":"9eb8b33e-758a-455d-a05f-2e1ce99e3f9a","user_phone":""}}', '2026-05-05 12:51:21.330984+00', ''),
	('00000000-0000-0000-0000-000000000000', '4fda203c-e5af-43df-b3e9-3fcdb18874ab', '{"action":"login","actor_id":"9eb8b33e-758a-455d-a05f-2e1ce99e3f9a","actor_username":"gsfn/8opqmsmacgrx/jy1m7riljiffszkg6l17szow0=@addisnet.et","actor_via_sso":false,"log_type":"account","traits":{"provider":"email"}}', '2026-05-05 12:51:21.482994+00', ''),
	('00000000-0000-0000-0000-000000000000', 'a62d745e-1c8d-47a5-82d0-8c92d8b35f94', '{"action":"logout","actor_id":"9eb8b33e-758a-455d-a05f-2e1ce99e3f9a","actor_username":"gsfn/8opqmsmacgrx/jy1m7riljiffszkg6l17szow0=@addisnet.et","actor_via_sso":false,"log_type":"account"}', '2026-05-05 12:51:28.684743+00', ''),
	('00000000-0000-0000-0000-000000000000', '837aa6f5-7c8a-41ac-9fc0-09bf179875a4', '{"action":"login","actor_id":"adfe3895-e3f6-4dc0-8a99-1282de8d2416","actor_username":"m2padha+miczawnrt60p0ejaciqfyqvrz9t2v6bj9be=@addisnet.et","actor_via_sso":false,"log_type":"account","traits":{"provider":"email"}}', '2026-05-05 12:51:37.949264+00', ''),
	('00000000-0000-0000-0000-000000000000', '97fef82b-9da0-4adb-8840-f46a75e8ab0d', '{"action":"logout","actor_id":"adfe3895-e3f6-4dc0-8a99-1282de8d2416","actor_username":"m2padha+miczawnrt60p0ejaciqfyqvrz9t2v6bj9be=@addisnet.et","actor_via_sso":false,"log_type":"account"}', '2026-05-05 12:51:42.348359+00', ''),
	('00000000-0000-0000-0000-000000000000', 'e60e061e-90ed-44c6-9cf0-d625e25bb3b6', '{"action":"login","actor_id":"a467f7a7-dd7d-48df-a0ab-049859644453","actor_username":"n+ya2sl9xrko7jpdx0em9ltboup4rbhklkj4zwbuhu4=@addisnet.et","actor_via_sso":false,"log_type":"account","traits":{"provider":"email"}}', '2026-05-05 12:51:50.426089+00', ''),
	('00000000-0000-0000-0000-000000000000', '1b3b4fdb-69ea-4a98-b3ff-d7210749027f', '{"action":"logout","actor_id":"a467f7a7-dd7d-48df-a0ab-049859644453","actor_username":"n+ya2sl9xrko7jpdx0em9ltboup4rbhklkj4zwbuhu4=@addisnet.et","actor_via_sso":false,"log_type":"account"}', '2026-05-05 12:51:55.824857+00', ''),
	('00000000-0000-0000-0000-000000000000', '6395a36a-0978-445e-bbbe-4aff2501ef07', '{"action":"login","actor_id":"a467f7a7-dd7d-48df-a0ab-049859644453","actor_username":"n+ya2sl9xrko7jpdx0em9ltboup4rbhklkj4zwbuhu4=@addisnet.et","actor_via_sso":false,"log_type":"account","traits":{"provider":"email"}}', '2026-05-05 12:52:02.998558+00', ''),
	('00000000-0000-0000-0000-000000000000', '90ab8325-2d30-44d2-af5c-cb9240d79a09', '{"action":"login","actor_id":"adfe3895-e3f6-4dc0-8a99-1282de8d2416","actor_username":"m2padha+miczawnrt60p0ejaciqfyqvrz9t2v6bj9be=@addisnet.et","actor_via_sso":false,"log_type":"account","traits":{"provider":"email"}}', '2026-05-05 12:52:46.077381+00', ''),
	('00000000-0000-0000-0000-000000000000', '86594276-8f34-4156-8d8b-5b222dc9a092', '{"action":"token_refreshed","actor_id":"adfe3895-e3f6-4dc0-8a99-1282de8d2416","actor_username":"m2padha+miczawnrt60p0ejaciqfyqvrz9t2v6bj9be=@addisnet.et","actor_via_sso":false,"log_type":"token"}', '2026-05-05 13:54:25.80318+00', ''),
	('00000000-0000-0000-0000-000000000000', 'caf07a92-8c91-4d7c-ba52-d9708e8a5914', '{"action":"token_revoked","actor_id":"adfe3895-e3f6-4dc0-8a99-1282de8d2416","actor_username":"m2padha+miczawnrt60p0ejaciqfyqvrz9t2v6bj9be=@addisnet.et","actor_via_sso":false,"log_type":"token"}', '2026-05-05 13:54:25.806462+00', ''),
	('00000000-0000-0000-0000-000000000000', '9edbda64-1e5f-4ee7-9741-b6b2e9176565', '{"action":"token_refreshed","actor_id":"adfe3895-e3f6-4dc0-8a99-1282de8d2416","actor_username":"m2padha+miczawnrt60p0ejaciqfyqvrz9t2v6bj9be=@addisnet.et","actor_via_sso":false,"log_type":"token"}', '2026-05-05 13:54:26.064312+00', ''),
	('00000000-0000-0000-0000-000000000000', '3fb0b436-0fe1-405a-93ab-280ab4e4274a', '{"action":"token_refreshed","actor_id":"adfe3895-e3f6-4dc0-8a99-1282de8d2416","actor_username":"m2padha+miczawnrt60p0ejaciqfyqvrz9t2v6bj9be=@addisnet.et","actor_via_sso":false,"log_type":"token"}', '2026-05-05 16:58:09.233541+00', ''),
	('00000000-0000-0000-0000-000000000000', 'efcbb162-626f-4bf3-8429-246e993fd0e6', '{"action":"token_revoked","actor_id":"adfe3895-e3f6-4dc0-8a99-1282de8d2416","actor_username":"m2padha+miczawnrt60p0ejaciqfyqvrz9t2v6bj9be=@addisnet.et","actor_via_sso":false,"log_type":"token"}', '2026-05-05 16:58:09.255392+00', ''),
	('00000000-0000-0000-0000-000000000000', '780658d2-1502-4160-bc4a-ae636b0662dd', '{"action":"token_refreshed","actor_id":"adfe3895-e3f6-4dc0-8a99-1282de8d2416","actor_username":"m2padha+miczawnrt60p0ejaciqfyqvrz9t2v6bj9be=@addisnet.et","actor_via_sso":false,"log_type":"token"}', '2026-05-05 16:58:10.035397+00', ''),
	('00000000-0000-0000-0000-000000000000', '88519ab2-7b56-41fc-bac7-0eb8ee85ef43', '{"action":"token_refreshed","actor_id":"a467f7a7-dd7d-48df-a0ab-049859644453","actor_username":"n+ya2sl9xrko7jpdx0em9ltboup4rbhklkj4zwbuhu4=@addisnet.et","actor_via_sso":false,"log_type":"token"}', '2026-05-05 17:18:58.482815+00', ''),
	('00000000-0000-0000-0000-000000000000', '8c51b987-3e1d-4aaa-a3e0-08f195735582', '{"action":"token_revoked","actor_id":"a467f7a7-dd7d-48df-a0ab-049859644453","actor_username":"n+ya2sl9xrko7jpdx0em9ltboup4rbhklkj4zwbuhu4=@addisnet.et","actor_via_sso":false,"log_type":"token"}', '2026-05-05 17:18:58.487972+00', ''),
	('00000000-0000-0000-0000-000000000000', '82866d08-89db-428e-8a2e-13730924201a', '{"action":"token_refreshed","actor_id":"a467f7a7-dd7d-48df-a0ab-049859644453","actor_username":"n+ya2sl9xrko7jpdx0em9ltboup4rbhklkj4zwbuhu4=@addisnet.et","actor_via_sso":false,"log_type":"token"}', '2026-05-05 17:19:02.313772+00', ''),
	('00000000-0000-0000-0000-000000000000', '4b6aaeab-73d6-461b-9866-dc466ae9ae92', '{"action":"token_refreshed","actor_id":"adfe3895-e3f6-4dc0-8a99-1282de8d2416","actor_username":"m2padha+miczawnrt60p0ejaciqfyqvrz9t2v6bj9be=@addisnet.et","actor_via_sso":false,"log_type":"token"}', '2026-05-05 17:56:45.156068+00', ''),
	('00000000-0000-0000-0000-000000000000', '07e5b5ab-4bbe-4be8-ac61-63b8b7b6bbe3', '{"action":"token_revoked","actor_id":"adfe3895-e3f6-4dc0-8a99-1282de8d2416","actor_username":"m2padha+miczawnrt60p0ejaciqfyqvrz9t2v6bj9be=@addisnet.et","actor_via_sso":false,"log_type":"token"}', '2026-05-05 17:56:45.159489+00', ''),
	('00000000-0000-0000-0000-000000000000', '2ce22577-a877-4f0b-ad58-158e245009ba', '{"action":"token_refreshed","actor_id":"a467f7a7-dd7d-48df-a0ab-049859644453","actor_username":"n+ya2sl9xrko7jpdx0em9ltboup4rbhklkj4zwbuhu4=@addisnet.et","actor_via_sso":false,"log_type":"token"}', '2026-05-05 18:17:33.57103+00', ''),
	('00000000-0000-0000-0000-000000000000', '2d69701c-bb44-47a4-b2c3-798c95d0e783', '{"action":"token_revoked","actor_id":"a467f7a7-dd7d-48df-a0ab-049859644453","actor_username":"n+ya2sl9xrko7jpdx0em9ltboup4rbhklkj4zwbuhu4=@addisnet.et","actor_via_sso":false,"log_type":"token"}', '2026-05-05 18:17:33.585681+00', ''),
	('00000000-0000-0000-0000-000000000000', '36ceb928-59db-4e70-98c4-f698305bb60e', '{"action":"token_refreshed","actor_id":"a467f7a7-dd7d-48df-a0ab-049859644453","actor_username":"n+ya2sl9xrko7jpdx0em9ltboup4rbhklkj4zwbuhu4=@addisnet.et","actor_via_sso":false,"log_type":"token"}', '2026-05-05 18:17:34.065284+00', ''),
	('00000000-0000-0000-0000-000000000000', '5492c0cc-de32-4bb7-8fd7-6040e829e6ba', '{"action":"token_refreshed","actor_id":"adfe3895-e3f6-4dc0-8a99-1282de8d2416","actor_username":"m2padha+miczawnrt60p0ejaciqfyqvrz9t2v6bj9be=@addisnet.et","actor_via_sso":false,"log_type":"token"}', '2026-05-05 18:55:17.821189+00', ''),
	('00000000-0000-0000-0000-000000000000', 'de1e586a-a8f2-47dd-8afb-0d5f243301b9', '{"action":"token_revoked","actor_id":"adfe3895-e3f6-4dc0-8a99-1282de8d2416","actor_username":"m2padha+miczawnrt60p0ejaciqfyqvrz9t2v6bj9be=@addisnet.et","actor_via_sso":false,"log_type":"token"}', '2026-05-05 18:55:17.823049+00', ''),
	('00000000-0000-0000-0000-000000000000', 'fe0af67d-bd93-4455-879c-d1d6408b01fa', '{"action":"token_refreshed","actor_id":"adfe3895-e3f6-4dc0-8a99-1282de8d2416","actor_username":"m2padha+miczawnrt60p0ejaciqfyqvrz9t2v6bj9be=@addisnet.et","actor_via_sso":false,"log_type":"token"}', '2026-05-07 05:11:34.457077+00', ''),
	('00000000-0000-0000-0000-000000000000', '1031ad1d-d4ec-4883-9e2e-c6cee670c77b', '{"action":"token_revoked","actor_id":"adfe3895-e3f6-4dc0-8a99-1282de8d2416","actor_username":"m2padha+miczawnrt60p0ejaciqfyqvrz9t2v6bj9be=@addisnet.et","actor_via_sso":false,"log_type":"token"}', '2026-05-07 05:11:34.499369+00', ''),
	('00000000-0000-0000-0000-000000000000', '6f240084-34c3-48bc-b22e-d03d156d9192', '{"action":"token_refreshed","actor_id":"adfe3895-e3f6-4dc0-8a99-1282de8d2416","actor_username":"m2padha+miczawnrt60p0ejaciqfyqvrz9t2v6bj9be=@addisnet.et","actor_via_sso":false,"log_type":"token"}', '2026-05-07 05:11:35.45948+00', ''),
	('00000000-0000-0000-0000-000000000000', 'e2ff4ec9-694d-439a-bf8f-08dc8e37b0f6', '{"action":"token_refreshed","actor_id":"adfe3895-e3f6-4dc0-8a99-1282de8d2416","actor_username":"m2padha+miczawnrt60p0ejaciqfyqvrz9t2v6bj9be=@addisnet.et","actor_via_sso":false,"log_type":"token"}', '2026-05-07 06:10:49.792701+00', ''),
	('00000000-0000-0000-0000-000000000000', '8506f7ff-5fd1-4b02-ad1b-c86654227911', '{"action":"token_revoked","actor_id":"adfe3895-e3f6-4dc0-8a99-1282de8d2416","actor_username":"m2padha+miczawnrt60p0ejaciqfyqvrz9t2v6bj9be=@addisnet.et","actor_via_sso":false,"log_type":"token"}', '2026-05-07 06:10:49.795249+00', ''),
	('00000000-0000-0000-0000-000000000000', '165e4976-e911-49da-ad43-4ae3b06dfec3', '{"action":"token_refreshed","actor_id":"adfe3895-e3f6-4dc0-8a99-1282de8d2416","actor_username":"m2padha+miczawnrt60p0ejaciqfyqvrz9t2v6bj9be=@addisnet.et","actor_via_sso":false,"log_type":"token"}', '2026-05-07 07:09:24.764634+00', ''),
	('00000000-0000-0000-0000-000000000000', 'b216a3c2-2ff7-4200-9fe8-1c563b4f8d42', '{"action":"token_revoked","actor_id":"adfe3895-e3f6-4dc0-8a99-1282de8d2416","actor_username":"m2padha+miczawnrt60p0ejaciqfyqvrz9t2v6bj9be=@addisnet.et","actor_via_sso":false,"log_type":"token"}', '2026-05-07 07:09:24.766885+00', ''),
	('00000000-0000-0000-0000-000000000000', '7533f2b5-1e32-4e75-ad9f-942b0ec55dda', '{"action":"token_refreshed","actor_id":"adfe3895-e3f6-4dc0-8a99-1282de8d2416","actor_username":"m2padha+miczawnrt60p0ejaciqfyqvrz9t2v6bj9be=@addisnet.et","actor_via_sso":false,"log_type":"token"}', '2026-05-07 08:08:17.062158+00', ''),
	('00000000-0000-0000-0000-000000000000', '17da4fd8-dfd9-4b58-b27e-233e7fc30e92', '{"action":"token_revoked","actor_id":"adfe3895-e3f6-4dc0-8a99-1282de8d2416","actor_username":"m2padha+miczawnrt60p0ejaciqfyqvrz9t2v6bj9be=@addisnet.et","actor_via_sso":false,"log_type":"token"}', '2026-05-07 08:08:17.066646+00', ''),
	('00000000-0000-0000-0000-000000000000', 'a3e36a21-4e65-475d-8290-1df2df190cbf', '{"action":"token_refreshed","actor_id":"adfe3895-e3f6-4dc0-8a99-1282de8d2416","actor_username":"m2padha+miczawnrt60p0ejaciqfyqvrz9t2v6bj9be=@addisnet.et","actor_via_sso":false,"log_type":"token"}', '2026-05-07 10:29:27.824296+00', ''),
	('00000000-0000-0000-0000-000000000000', '4a949c87-e9fb-4360-99d8-dfe47b9f0b20', '{"action":"token_revoked","actor_id":"adfe3895-e3f6-4dc0-8a99-1282de8d2416","actor_username":"m2padha+miczawnrt60p0ejaciqfyqvrz9t2v6bj9be=@addisnet.et","actor_via_sso":false,"log_type":"token"}', '2026-05-07 10:29:27.839133+00', ''),
	('00000000-0000-0000-0000-000000000000', '49b9f4ac-8cb7-4637-9a41-2fcde126d760', '{"action":"token_refreshed","actor_id":"a467f7a7-dd7d-48df-a0ab-049859644453","actor_username":"n+ya2sl9xrko7jpdx0em9ltboup4rbhklkj4zwbuhu4=@addisnet.et","actor_via_sso":false,"log_type":"token"}', '2026-05-07 11:27:33.52246+00', ''),
	('00000000-0000-0000-0000-000000000000', '43b463c6-5d15-4aa5-920a-031882e9cd90', '{"action":"token_revoked","actor_id":"a467f7a7-dd7d-48df-a0ab-049859644453","actor_username":"n+ya2sl9xrko7jpdx0em9ltboup4rbhklkj4zwbuhu4=@addisnet.et","actor_via_sso":false,"log_type":"token"}', '2026-05-07 11:27:33.535972+00', ''),
	('00000000-0000-0000-0000-000000000000', 'd467c69e-1f8f-4c94-a395-9303d7b2fb2a', '{"action":"token_refreshed","actor_id":"a467f7a7-dd7d-48df-a0ab-049859644453","actor_username":"n+ya2sl9xrko7jpdx0em9ltboup4rbhklkj4zwbuhu4=@addisnet.et","actor_via_sso":false,"log_type":"token"}', '2026-05-07 11:27:34.4219+00', ''),
	('00000000-0000-0000-0000-000000000000', '99952907-2fcf-4b50-9832-9a17d6aa30ac', '{"action":"token_refreshed","actor_id":"adfe3895-e3f6-4dc0-8a99-1282de8d2416","actor_username":"m2padha+miczawnrt60p0ejaciqfyqvrz9t2v6bj9be=@addisnet.et","actor_via_sso":false,"log_type":"token"}', '2026-05-07 11:27:42.840922+00', ''),
	('00000000-0000-0000-0000-000000000000', '1acbf0e9-837c-463f-8c7d-527eee481f8c', '{"action":"token_revoked","actor_id":"adfe3895-e3f6-4dc0-8a99-1282de8d2416","actor_username":"m2padha+miczawnrt60p0ejaciqfyqvrz9t2v6bj9be=@addisnet.et","actor_via_sso":false,"log_type":"token"}', '2026-05-07 11:27:42.845882+00', ''),
	('00000000-0000-0000-0000-000000000000', 'a25ec798-f39c-4617-a058-4516d5588c0f', '{"action":"token_refreshed","actor_id":"adfe3895-e3f6-4dc0-8a99-1282de8d2416","actor_username":"m2padha+miczawnrt60p0ejaciqfyqvrz9t2v6bj9be=@addisnet.et","actor_via_sso":false,"log_type":"token"}', '2026-05-07 12:26:25.762233+00', ''),
	('00000000-0000-0000-0000-000000000000', '4cc8cca2-4985-4d8e-a310-fee1109c5c9a', '{"action":"token_revoked","actor_id":"adfe3895-e3f6-4dc0-8a99-1282de8d2416","actor_username":"m2padha+miczawnrt60p0ejaciqfyqvrz9t2v6bj9be=@addisnet.et","actor_via_sso":false,"log_type":"token"}', '2026-05-07 12:26:25.763452+00', ''),
	('00000000-0000-0000-0000-000000000000', '374bed46-b925-488d-8fb9-71d6316277a0', '{"action":"token_refreshed","actor_id":"a467f7a7-dd7d-48df-a0ab-049859644453","actor_username":"n+ya2sl9xrko7jpdx0em9ltboup4rbhklkj4zwbuhu4=@addisnet.et","actor_via_sso":false,"log_type":"token"}', '2026-05-07 12:30:00.702239+00', ''),
	('00000000-0000-0000-0000-000000000000', 'd1b9f50c-14b2-42a9-bb2a-6597890f18bb', '{"action":"token_revoked","actor_id":"a467f7a7-dd7d-48df-a0ab-049859644453","actor_username":"n+ya2sl9xrko7jpdx0em9ltboup4rbhklkj4zwbuhu4=@addisnet.et","actor_via_sso":false,"log_type":"token"}', '2026-05-07 12:30:00.705666+00', ''),
	('00000000-0000-0000-0000-000000000000', '0a62b7d6-a52c-4161-a026-cd7cfbf5b5d7', '{"action":"token_refreshed","actor_id":"adfe3895-e3f6-4dc0-8a99-1282de8d2416","actor_username":"m2padha+miczawnrt60p0ejaciqfyqvrz9t2v6bj9be=@addisnet.et","actor_via_sso":false,"log_type":"token"}', '2026-05-07 16:27:13.22914+00', ''),
	('00000000-0000-0000-0000-000000000000', '407320eb-18e0-4ae0-b1e3-9bd45d777e75', '{"action":"token_revoked","actor_id":"adfe3895-e3f6-4dc0-8a99-1282de8d2416","actor_username":"m2padha+miczawnrt60p0ejaciqfyqvrz9t2v6bj9be=@addisnet.et","actor_via_sso":false,"log_type":"token"}', '2026-05-07 16:27:13.246243+00', ''),
	('00000000-0000-0000-0000-000000000000', 'da155f3c-b7ff-41af-a02a-c1fc5116ea87', '{"action":"token_refreshed","actor_id":"adfe3895-e3f6-4dc0-8a99-1282de8d2416","actor_username":"m2padha+miczawnrt60p0ejaciqfyqvrz9t2v6bj9be=@addisnet.et","actor_via_sso":false,"log_type":"token"}', '2026-05-07 16:27:13.443193+00', ''),
	('00000000-0000-0000-0000-000000000000', '4d121c6a-2a86-40f4-b1b3-2df27f6e9baa', '{"action":"token_refreshed","actor_id":"adfe3895-e3f6-4dc0-8a99-1282de8d2416","actor_username":"m2padha+miczawnrt60p0ejaciqfyqvrz9t2v6bj9be=@addisnet.et","actor_via_sso":false,"log_type":"token"}', '2026-05-07 17:25:50.843229+00', ''),
	('00000000-0000-0000-0000-000000000000', '12e55905-149b-49d2-a7e3-da6b8c6fb3ca', '{"action":"token_revoked","actor_id":"adfe3895-e3f6-4dc0-8a99-1282de8d2416","actor_username":"m2padha+miczawnrt60p0ejaciqfyqvrz9t2v6bj9be=@addisnet.et","actor_via_sso":false,"log_type":"token"}', '2026-05-07 17:25:50.844398+00', ''),
	('00000000-0000-0000-0000-000000000000', '7cacc81c-0cd3-4dc7-8c4e-a2232e03b5e8', '{"action":"token_refreshed","actor_id":"adfe3895-e3f6-4dc0-8a99-1282de8d2416","actor_username":"m2padha+miczawnrt60p0ejaciqfyqvrz9t2v6bj9be=@addisnet.et","actor_via_sso":false,"log_type":"token"}', '2026-05-07 18:24:41.858101+00', ''),
	('00000000-0000-0000-0000-000000000000', 'cfbe3171-e40c-4c0c-b031-abf5b5b5e70e', '{"action":"token_revoked","actor_id":"adfe3895-e3f6-4dc0-8a99-1282de8d2416","actor_username":"m2padha+miczawnrt60p0ejaciqfyqvrz9t2v6bj9be=@addisnet.et","actor_via_sso":false,"log_type":"token"}', '2026-05-07 18:24:41.859821+00', ''),
	('00000000-0000-0000-0000-000000000000', '77238c70-875c-4e3e-9f87-ac6e66f3f4dc', '{"action":"token_refreshed","actor_id":"adfe3895-e3f6-4dc0-8a99-1282de8d2416","actor_username":"m2padha+miczawnrt60p0ejaciqfyqvrz9t2v6bj9be=@addisnet.et","actor_via_sso":false,"log_type":"token"}', '2026-05-07 19:23:18.090362+00', ''),
	('00000000-0000-0000-0000-000000000000', '945f8a3e-b819-415f-8cef-1cd34d1eb3e2', '{"action":"token_revoked","actor_id":"adfe3895-e3f6-4dc0-8a99-1282de8d2416","actor_username":"m2padha+miczawnrt60p0ejaciqfyqvrz9t2v6bj9be=@addisnet.et","actor_via_sso":false,"log_type":"token"}', '2026-05-07 19:23:18.094788+00', ''),
	('00000000-0000-0000-0000-000000000000', '36862559-6b2f-45e4-954e-ef40d9b23c82', '{"action":"token_refreshed","actor_id":"adfe3895-e3f6-4dc0-8a99-1282de8d2416","actor_username":"m2padha+miczawnrt60p0ejaciqfyqvrz9t2v6bj9be=@addisnet.et","actor_via_sso":false,"log_type":"token"}', '2026-05-07 20:21:49.844177+00', ''),
	('00000000-0000-0000-0000-000000000000', '2b73971d-695b-4337-bf0f-331275070d58', '{"action":"token_revoked","actor_id":"adfe3895-e3f6-4dc0-8a99-1282de8d2416","actor_username":"m2padha+miczawnrt60p0ejaciqfyqvrz9t2v6bj9be=@addisnet.et","actor_via_sso":false,"log_type":"token"}', '2026-05-07 20:21:49.846089+00', ''),
	('00000000-0000-0000-0000-000000000000', '93f44554-3fdc-46c3-b0e8-f490eeaa057b', '{"action":"token_refreshed","actor_id":"adfe3895-e3f6-4dc0-8a99-1282de8d2416","actor_username":"m2padha+miczawnrt60p0ejaciqfyqvrz9t2v6bj9be=@addisnet.et","actor_via_sso":false,"log_type":"token"}', '2026-05-07 21:38:24.440407+00', ''),
	('00000000-0000-0000-0000-000000000000', 'c954e662-802d-4958-8773-1fad34877d27', '{"action":"token_revoked","actor_id":"adfe3895-e3f6-4dc0-8a99-1282de8d2416","actor_username":"m2padha+miczawnrt60p0ejaciqfyqvrz9t2v6bj9be=@addisnet.et","actor_via_sso":false,"log_type":"token"}', '2026-05-07 21:38:24.444215+00', ''),
	('00000000-0000-0000-0000-000000000000', '4d20926b-cd44-4ac8-b319-d1aa6d5d3bbe', '{"action":"token_refreshed","actor_id":"adfe3895-e3f6-4dc0-8a99-1282de8d2416","actor_username":"m2padha+miczawnrt60p0ejaciqfyqvrz9t2v6bj9be=@addisnet.et","actor_via_sso":false,"log_type":"token"}', '2026-05-07 21:38:24.848608+00', ''),
	('00000000-0000-0000-0000-000000000000', '89927196-3b51-45ab-98f9-cbcd15408126', '{"action":"token_refreshed","actor_id":"adfe3895-e3f6-4dc0-8a99-1282de8d2416","actor_username":"m2padha+miczawnrt60p0ejaciqfyqvrz9t2v6bj9be=@addisnet.et","actor_via_sso":false,"log_type":"token"}', '2026-05-08 10:29:31.082425+00', ''),
	('00000000-0000-0000-0000-000000000000', 'c13fe5bc-8494-454b-b6bc-f92d8aa04895', '{"action":"token_revoked","actor_id":"adfe3895-e3f6-4dc0-8a99-1282de8d2416","actor_username":"m2padha+miczawnrt60p0ejaciqfyqvrz9t2v6bj9be=@addisnet.et","actor_via_sso":false,"log_type":"token"}', '2026-05-08 10:29:31.105782+00', ''),
	('00000000-0000-0000-0000-000000000000', '2708a527-170c-4d8f-8707-40ef36bea9d8', '{"action":"token_refreshed","actor_id":"adfe3895-e3f6-4dc0-8a99-1282de8d2416","actor_username":"m2padha+miczawnrt60p0ejaciqfyqvrz9t2v6bj9be=@addisnet.et","actor_via_sso":false,"log_type":"token"}', '2026-05-08 10:29:31.322322+00', ''),
	('00000000-0000-0000-0000-000000000000', 'd263374f-b53f-4aeb-9f39-feaa41af2327', '{"action":"token_refreshed","actor_id":"adfe3895-e3f6-4dc0-8a99-1282de8d2416","actor_username":"m2padha+miczawnrt60p0ejaciqfyqvrz9t2v6bj9be=@addisnet.et","actor_via_sso":false,"log_type":"token"}', '2026-05-08 11:28:21.827344+00', ''),
	('00000000-0000-0000-0000-000000000000', '99a1657d-658e-43e1-819d-dd93628bc12f', '{"action":"token_revoked","actor_id":"adfe3895-e3f6-4dc0-8a99-1282de8d2416","actor_username":"m2padha+miczawnrt60p0ejaciqfyqvrz9t2v6bj9be=@addisnet.et","actor_via_sso":false,"log_type":"token"}', '2026-05-08 11:28:21.828359+00', ''),
	('00000000-0000-0000-0000-000000000000', '733b0821-4f3e-4ec3-888c-2f7b982b7d30', '{"action":"token_refreshed","actor_id":"adfe3895-e3f6-4dc0-8a99-1282de8d2416","actor_username":"m2padha+miczawnrt60p0ejaciqfyqvrz9t2v6bj9be=@addisnet.et","actor_via_sso":false,"log_type":"token"}', '2026-05-08 12:26:52.021762+00', ''),
	('00000000-0000-0000-0000-000000000000', '402178df-5055-44b5-b325-13a5778b3a1d', '{"action":"token_revoked","actor_id":"adfe3895-e3f6-4dc0-8a99-1282de8d2416","actor_username":"m2padha+miczawnrt60p0ejaciqfyqvrz9t2v6bj9be=@addisnet.et","actor_via_sso":false,"log_type":"token"}', '2026-05-08 12:26:52.026008+00', ''),
	('00000000-0000-0000-0000-000000000000', '2fbfd8fa-994e-4e33-83ee-d6822cd85282', '{"action":"token_refreshed","actor_id":"adfe3895-e3f6-4dc0-8a99-1282de8d2416","actor_username":"m2padha+miczawnrt60p0ejaciqfyqvrz9t2v6bj9be=@addisnet.et","actor_via_sso":false,"log_type":"token"}', '2026-05-08 13:45:13.539755+00', ''),
	('00000000-0000-0000-0000-000000000000', 'b57464c2-6c28-4dda-819a-f6b5c8a99494', '{"action":"token_revoked","actor_id":"adfe3895-e3f6-4dc0-8a99-1282de8d2416","actor_username":"m2padha+miczawnrt60p0ejaciqfyqvrz9t2v6bj9be=@addisnet.et","actor_via_sso":false,"log_type":"token"}', '2026-05-08 13:45:13.546162+00', ''),
	('00000000-0000-0000-0000-000000000000', '58d9aee5-c6cd-4b9c-be97-f3eab837b962', '{"action":"token_refreshed","actor_id":"adfe3895-e3f6-4dc0-8a99-1282de8d2416","actor_username":"m2padha+miczawnrt60p0ejaciqfyqvrz9t2v6bj9be=@addisnet.et","actor_via_sso":false,"log_type":"token"}', '2026-05-08 13:45:14.353827+00', ''),
	('00000000-0000-0000-0000-000000000000', 'd371f4a9-10a7-4464-b0d2-280e67f28168', '{"action":"token_refreshed","actor_id":"adfe3895-e3f6-4dc0-8a99-1282de8d2416","actor_username":"m2padha+miczawnrt60p0ejaciqfyqvrz9t2v6bj9be=@addisnet.et","actor_via_sso":false,"log_type":"token"}', '2026-05-08 16:56:51.892969+00', ''),
	('00000000-0000-0000-0000-000000000000', 'de2e21fd-bb52-467b-ad29-05e59d93a38e', '{"action":"token_revoked","actor_id":"adfe3895-e3f6-4dc0-8a99-1282de8d2416","actor_username":"m2padha+miczawnrt60p0ejaciqfyqvrz9t2v6bj9be=@addisnet.et","actor_via_sso":false,"log_type":"token"}', '2026-05-08 16:56:51.90602+00', ''),
	('00000000-0000-0000-0000-000000000000', '4053bf36-6f27-4b61-b15b-753648d9ef5b', '{"action":"token_refreshed","actor_id":"adfe3895-e3f6-4dc0-8a99-1282de8d2416","actor_username":"m2padha+miczawnrt60p0ejaciqfyqvrz9t2v6bj9be=@addisnet.et","actor_via_sso":false,"log_type":"token"}', '2026-05-08 17:55:26.79514+00', ''),
	('00000000-0000-0000-0000-000000000000', 'a273c3f9-e69a-4692-8b7f-555ba4575e05', '{"action":"token_revoked","actor_id":"adfe3895-e3f6-4dc0-8a99-1282de8d2416","actor_username":"m2padha+miczawnrt60p0ejaciqfyqvrz9t2v6bj9be=@addisnet.et","actor_via_sso":false,"log_type":"token"}', '2026-05-08 17:55:26.796143+00', ''),
	('00000000-0000-0000-0000-000000000000', 'fc829afb-fdf7-4c73-a075-63d4e7c92343', '{"action":"token_refreshed","actor_id":"adfe3895-e3f6-4dc0-8a99-1282de8d2416","actor_username":"m2padha+miczawnrt60p0ejaciqfyqvrz9t2v6bj9be=@addisnet.et","actor_via_sso":false,"log_type":"token"}', '2026-05-08 18:54:09.021957+00', ''),
	('00000000-0000-0000-0000-000000000000', '5fdae878-a25e-47e3-9447-c1d0ee65ccd7', '{"action":"token_revoked","actor_id":"adfe3895-e3f6-4dc0-8a99-1282de8d2416","actor_username":"m2padha+miczawnrt60p0ejaciqfyqvrz9t2v6bj9be=@addisnet.et","actor_via_sso":false,"log_type":"token"}', '2026-05-08 18:54:09.026522+00', ''),
	('00000000-0000-0000-0000-000000000000', 'e2543c3d-045a-4f41-81ab-ed18e6ee4347', '{"action":"token_refreshed","actor_id":"adfe3895-e3f6-4dc0-8a99-1282de8d2416","actor_username":"m2padha+miczawnrt60p0ejaciqfyqvrz9t2v6bj9be=@addisnet.et","actor_via_sso":false,"log_type":"token"}', '2026-05-08 19:53:02.020674+00', ''),
	('00000000-0000-0000-0000-000000000000', '0fa1c1ba-9614-4e40-a7ed-9e656a16cc0a', '{"action":"token_revoked","actor_id":"adfe3895-e3f6-4dc0-8a99-1282de8d2416","actor_username":"m2padha+miczawnrt60p0ejaciqfyqvrz9t2v6bj9be=@addisnet.et","actor_via_sso":false,"log_type":"token"}', '2026-05-08 19:53:02.025345+00', ''),
	('00000000-0000-0000-0000-000000000000', '807dead5-87fa-4f2e-8187-a3b8b6d533b4', '{"action":"token_refreshed","actor_id":"a467f7a7-dd7d-48df-a0ab-049859644453","actor_username":"n+ya2sl9xrko7jpdx0em9ltboup4rbhklkj4zwbuhu4=@addisnet.et","actor_via_sso":false,"log_type":"token"}', '2026-05-08 19:58:14.457462+00', ''),
	('00000000-0000-0000-0000-000000000000', 'd4d9ebf1-5660-41f3-9bf5-9edbcdfbbe25', '{"action":"token_revoked","actor_id":"a467f7a7-dd7d-48df-a0ab-049859644453","actor_username":"n+ya2sl9xrko7jpdx0em9ltboup4rbhklkj4zwbuhu4=@addisnet.et","actor_via_sso":false,"log_type":"token"}', '2026-05-08 19:58:14.45985+00', ''),
	('00000000-0000-0000-0000-000000000000', 'ed1c03f3-7bb9-4d84-813d-d2872dd05d75', '{"action":"token_refreshed","actor_id":"a467f7a7-dd7d-48df-a0ab-049859644453","actor_username":"n+ya2sl9xrko7jpdx0em9ltboup4rbhklkj4zwbuhu4=@addisnet.et","actor_via_sso":false,"log_type":"token"}', '2026-05-08 19:58:14.709212+00', ''),
	('00000000-0000-0000-0000-000000000000', '90a574e6-5c5c-4071-beab-d5b38ff84a32', '{"action":"token_refreshed","actor_id":"adfe3895-e3f6-4dc0-8a99-1282de8d2416","actor_username":"m2padha+miczawnrt60p0ejaciqfyqvrz9t2v6bj9be=@addisnet.et","actor_via_sso":false,"log_type":"token"}', '2026-05-08 20:51:37.033251+00', ''),
	('00000000-0000-0000-0000-000000000000', 'a716266b-8dea-4885-b76c-f3c80da715b5', '{"action":"token_revoked","actor_id":"adfe3895-e3f6-4dc0-8a99-1282de8d2416","actor_username":"m2padha+miczawnrt60p0ejaciqfyqvrz9t2v6bj9be=@addisnet.et","actor_via_sso":false,"log_type":"token"}', '2026-05-08 20:51:37.035601+00', ''),
	('00000000-0000-0000-0000-000000000000', '9e742431-19ca-46db-afcb-ec43070a9400', '{"action":"token_refreshed","actor_id":"a467f7a7-dd7d-48df-a0ab-049859644453","actor_username":"n+ya2sl9xrko7jpdx0em9ltboup4rbhklkj4zwbuhu4=@addisnet.et","actor_via_sso":false,"log_type":"token"}', '2026-05-08 20:56:42.724033+00', ''),
	('00000000-0000-0000-0000-000000000000', 'c6ed0dd0-5015-4f92-a3fa-c60e6fd4efba', '{"action":"token_revoked","actor_id":"a467f7a7-dd7d-48df-a0ab-049859644453","actor_username":"n+ya2sl9xrko7jpdx0em9ltboup4rbhklkj4zwbuhu4=@addisnet.et","actor_via_sso":false,"log_type":"token"}', '2026-05-08 20:56:42.72774+00', ''),
	('00000000-0000-0000-0000-000000000000', '02d491f1-0b11-45d5-b7fa-f82901dc2b6c', '{"action":"token_refreshed","actor_id":"adfe3895-e3f6-4dc0-8a99-1282de8d2416","actor_username":"m2padha+miczawnrt60p0ejaciqfyqvrz9t2v6bj9be=@addisnet.et","actor_via_sso":false,"log_type":"token"}', '2026-05-08 21:50:16.84706+00', ''),
	('00000000-0000-0000-0000-000000000000', '0ed324e9-719b-4fa4-9b58-13ce60078e2f', '{"action":"token_revoked","actor_id":"adfe3895-e3f6-4dc0-8a99-1282de8d2416","actor_username":"m2padha+miczawnrt60p0ejaciqfyqvrz9t2v6bj9be=@addisnet.et","actor_via_sso":false,"log_type":"token"}', '2026-05-08 21:50:16.847843+00', ''),
	('00000000-0000-0000-0000-000000000000', '329adc68-3966-429d-a5e5-3cbdbf0bbcd2', '{"action":"token_refreshed","actor_id":"a467f7a7-dd7d-48df-a0ab-049859644453","actor_username":"n+ya2sl9xrko7jpdx0em9ltboup4rbhklkj4zwbuhu4=@addisnet.et","actor_via_sso":false,"log_type":"token"}', '2026-05-08 21:55:09.673811+00', ''),
	('00000000-0000-0000-0000-000000000000', '5bdb20ed-5479-4025-9426-d008f536d41a', '{"action":"token_revoked","actor_id":"a467f7a7-dd7d-48df-a0ab-049859644453","actor_username":"n+ya2sl9xrko7jpdx0em9ltboup4rbhklkj4zwbuhu4=@addisnet.et","actor_via_sso":false,"log_type":"token"}', '2026-05-08 21:55:09.674808+00', ''),
	('00000000-0000-0000-0000-000000000000', 'd25bd1b1-37d2-4887-8267-a3f4c272a3a3', '{"action":"token_refreshed","actor_id":"adfe3895-e3f6-4dc0-8a99-1282de8d2416","actor_username":"m2padha+miczawnrt60p0ejaciqfyqvrz9t2v6bj9be=@addisnet.et","actor_via_sso":false,"log_type":"token"}', '2026-05-09 06:57:11.212926+00', ''),
	('00000000-0000-0000-0000-000000000000', 'c2d6d3cc-551d-4315-945b-2412b80b8415', '{"action":"token_revoked","actor_id":"adfe3895-e3f6-4dc0-8a99-1282de8d2416","actor_username":"m2padha+miczawnrt60p0ejaciqfyqvrz9t2v6bj9be=@addisnet.et","actor_via_sso":false,"log_type":"token"}', '2026-05-09 06:57:11.2401+00', ''),
	('00000000-0000-0000-0000-000000000000', 'a57224a4-4db6-4562-af4f-44b8b8939253', '{"action":"token_refreshed","actor_id":"a467f7a7-dd7d-48df-a0ab-049859644453","actor_username":"n+ya2sl9xrko7jpdx0em9ltboup4rbhklkj4zwbuhu4=@addisnet.et","actor_via_sso":false,"log_type":"token"}', '2026-05-09 07:02:59.722416+00', ''),
	('00000000-0000-0000-0000-000000000000', '80e93208-aa20-46dd-a728-b67211ca43c4', '{"action":"token_revoked","actor_id":"a467f7a7-dd7d-48df-a0ab-049859644453","actor_username":"n+ya2sl9xrko7jpdx0em9ltboup4rbhklkj4zwbuhu4=@addisnet.et","actor_via_sso":false,"log_type":"token"}', '2026-05-09 07:02:59.730813+00', ''),
	('00000000-0000-0000-0000-000000000000', '42e48de2-31e5-4f52-b259-857fbd5f7425', '{"action":"token_refreshed","actor_id":"a467f7a7-dd7d-48df-a0ab-049859644453","actor_username":"n+ya2sl9xrko7jpdx0em9ltboup4rbhklkj4zwbuhu4=@addisnet.et","actor_via_sso":false,"log_type":"token"}', '2026-05-09 07:03:00.385412+00', ''),
	('00000000-0000-0000-0000-000000000000', 'ec22b867-0449-4933-9a5a-51ba27363324', '{"action":"token_refreshed","actor_id":"adfe3895-e3f6-4dc0-8a99-1282de8d2416","actor_username":"m2padha+miczawnrt60p0ejaciqfyqvrz9t2v6bj9be=@addisnet.et","actor_via_sso":false,"log_type":"token"}', '2026-05-09 07:55:40.957495+00', ''),
	('00000000-0000-0000-0000-000000000000', '834fa3ed-b89d-4ff6-90cc-85e6919bacb8', '{"action":"token_revoked","actor_id":"adfe3895-e3f6-4dc0-8a99-1282de8d2416","actor_username":"m2padha+miczawnrt60p0ejaciqfyqvrz9t2v6bj9be=@addisnet.et","actor_via_sso":false,"log_type":"token"}', '2026-05-09 07:55:40.959361+00', ''),
	('00000000-0000-0000-0000-000000000000', '31d30efb-98c9-4b13-9b4e-371506f3eb19', '{"action":"token_refreshed","actor_id":"a467f7a7-dd7d-48df-a0ab-049859644453","actor_username":"n+ya2sl9xrko7jpdx0em9ltboup4rbhklkj4zwbuhu4=@addisnet.et","actor_via_sso":false,"log_type":"token"}', '2026-05-09 08:01:30.170704+00', ''),
	('00000000-0000-0000-0000-000000000000', '3ede7d60-c27a-49c6-a8ce-f928d9573c76', '{"action":"token_revoked","actor_id":"a467f7a7-dd7d-48df-a0ab-049859644453","actor_username":"n+ya2sl9xrko7jpdx0em9ltboup4rbhklkj4zwbuhu4=@addisnet.et","actor_via_sso":false,"log_type":"token"}', '2026-05-09 08:01:30.172538+00', ''),
	('00000000-0000-0000-0000-000000000000', '4bfb1580-91fb-4ff7-8057-adb618042890', '{"action":"token_refreshed","actor_id":"adfe3895-e3f6-4dc0-8a99-1282de8d2416","actor_username":"m2padha+miczawnrt60p0ejaciqfyqvrz9t2v6bj9be=@addisnet.et","actor_via_sso":false,"log_type":"token"}', '2026-05-09 08:54:28.89757+00', ''),
	('00000000-0000-0000-0000-000000000000', '62be06e9-c195-41a0-ba40-43de708742a5', '{"action":"token_revoked","actor_id":"adfe3895-e3f6-4dc0-8a99-1282de8d2416","actor_username":"m2padha+miczawnrt60p0ejaciqfyqvrz9t2v6bj9be=@addisnet.et","actor_via_sso":false,"log_type":"token"}', '2026-05-09 08:54:28.902665+00', ''),
	('00000000-0000-0000-0000-000000000000', '13d776ef-c723-4406-8c63-87212e4f86bd', '{"action":"token_refreshed","actor_id":"a467f7a7-dd7d-48df-a0ab-049859644453","actor_username":"n+ya2sl9xrko7jpdx0em9ltboup4rbhklkj4zwbuhu4=@addisnet.et","actor_via_sso":false,"log_type":"token"}', '2026-05-09 09:18:26.46412+00', ''),
	('00000000-0000-0000-0000-000000000000', 'd6abae7d-3c9a-417d-97ae-ab538b4ec3bb', '{"action":"token_revoked","actor_id":"a467f7a7-dd7d-48df-a0ab-049859644453","actor_username":"n+ya2sl9xrko7jpdx0em9ltboup4rbhklkj4zwbuhu4=@addisnet.et","actor_via_sso":false,"log_type":"token"}', '2026-05-09 09:18:26.465552+00', ''),
	('00000000-0000-0000-0000-000000000000', '6ccc9d34-c5ea-4d2d-b5b6-1b10bb2a19c0', '{"action":"token_refreshed","actor_id":"a467f7a7-dd7d-48df-a0ab-049859644453","actor_username":"n+ya2sl9xrko7jpdx0em9ltboup4rbhklkj4zwbuhu4=@addisnet.et","actor_via_sso":false,"log_type":"token"}', '2026-05-09 09:18:26.661879+00', ''),
	('00000000-0000-0000-0000-000000000000', '4eaae520-9b90-4c85-993e-62e342c0cfa2', '{"action":"token_refreshed","actor_id":"adfe3895-e3f6-4dc0-8a99-1282de8d2416","actor_username":"m2padha+miczawnrt60p0ejaciqfyqvrz9t2v6bj9be=@addisnet.et","actor_via_sso":false,"log_type":"token"}', '2026-05-09 10:21:45.346465+00', ''),
	('00000000-0000-0000-0000-000000000000', '44e9aa00-09b4-4a4b-8d0d-e0c112b4cbc6', '{"action":"token_revoked","actor_id":"adfe3895-e3f6-4dc0-8a99-1282de8d2416","actor_username":"m2padha+miczawnrt60p0ejaciqfyqvrz9t2v6bj9be=@addisnet.et","actor_via_sso":false,"log_type":"token"}', '2026-05-09 10:21:45.350211+00', ''),
	('00000000-0000-0000-0000-000000000000', '7f384269-8082-4022-b3a0-5490a2131187', '{"action":"token_refreshed","actor_id":"a467f7a7-dd7d-48df-a0ab-049859644453","actor_username":"n+ya2sl9xrko7jpdx0em9ltboup4rbhklkj4zwbuhu4=@addisnet.et","actor_via_sso":false,"log_type":"token"}', '2026-05-09 10:21:45.857164+00', ''),
	('00000000-0000-0000-0000-000000000000', '9ee0b9da-bbf7-4a2b-89e7-fd52a5944806', '{"action":"token_revoked","actor_id":"a467f7a7-dd7d-48df-a0ab-049859644453","actor_username":"n+ya2sl9xrko7jpdx0em9ltboup4rbhklkj4zwbuhu4=@addisnet.et","actor_via_sso":false,"log_type":"token"}', '2026-05-09 10:21:45.85906+00', ''),
	('00000000-0000-0000-0000-000000000000', 'e52c449f-0135-4769-9dec-12c8bf63925d', '{"action":"token_refreshed","actor_id":"adfe3895-e3f6-4dc0-8a99-1282de8d2416","actor_username":"m2padha+miczawnrt60p0ejaciqfyqvrz9t2v6bj9be=@addisnet.et","actor_via_sso":false,"log_type":"token"}', '2026-05-09 11:25:50.496482+00', ''),
	('00000000-0000-0000-0000-000000000000', 'e5d28d75-1637-4b25-aaec-59e6266fa4a9', '{"action":"token_revoked","actor_id":"adfe3895-e3f6-4dc0-8a99-1282de8d2416","actor_username":"m2padha+miczawnrt60p0ejaciqfyqvrz9t2v6bj9be=@addisnet.et","actor_via_sso":false,"log_type":"token"}', '2026-05-09 11:25:50.545912+00', ''),
	('00000000-0000-0000-0000-000000000000', '10a496f9-4266-4569-90af-a7264c628e36', '{"action":"token_refreshed","actor_id":"adfe3895-e3f6-4dc0-8a99-1282de8d2416","actor_username":"m2padha+miczawnrt60p0ejaciqfyqvrz9t2v6bj9be=@addisnet.et","actor_via_sso":false,"log_type":"token"}', '2026-05-09 11:25:51.411568+00', ''),
	('00000000-0000-0000-0000-000000000000', '99c979f2-3b06-488a-85d0-52004386fa6b', '{"action":"token_refreshed","actor_id":"a467f7a7-dd7d-48df-a0ab-049859644453","actor_username":"n+ya2sl9xrko7jpdx0em9ltboup4rbhklkj4zwbuhu4=@addisnet.et","actor_via_sso":false,"log_type":"token"}', '2026-05-09 11:26:08.48522+00', ''),
	('00000000-0000-0000-0000-000000000000', 'fdba3671-0f87-48d0-9d2d-125a7016f061', '{"action":"token_revoked","actor_id":"a467f7a7-dd7d-48df-a0ab-049859644453","actor_username":"n+ya2sl9xrko7jpdx0em9ltboup4rbhklkj4zwbuhu4=@addisnet.et","actor_via_sso":false,"log_type":"token"}', '2026-05-09 11:26:08.490585+00', ''),
	('00000000-0000-0000-0000-000000000000', 'c42aba2b-f8b8-49c4-9dc2-4e593e17815a', '{"action":"token_refreshed","actor_id":"a467f7a7-dd7d-48df-a0ab-049859644453","actor_username":"n+ya2sl9xrko7jpdx0em9ltboup4rbhklkj4zwbuhu4=@addisnet.et","actor_via_sso":false,"log_type":"token"}', '2026-05-09 11:26:09.005125+00', ''),
	('00000000-0000-0000-0000-000000000000', '652a9a6f-fe22-46f5-97df-aa94254b7f87', '{"action":"login","actor_id":"9eb8b33e-758a-455d-a05f-2e1ce99e3f9a","actor_username":"gsfn/8opqmsmacgrx/jy1m7riljiffszkg6l17szow0=@addisnet.et","actor_via_sso":false,"log_type":"account","traits":{"provider":"email"}}', '2026-05-09 11:44:12.684438+00', ''),
	('00000000-0000-0000-0000-000000000000', '997e34b6-9fe2-4e8a-a99b-da28b1a5f96e', '{"action":"token_refreshed","actor_id":"adfe3895-e3f6-4dc0-8a99-1282de8d2416","actor_username":"m2padha+miczawnrt60p0ejaciqfyqvrz9t2v6bj9be=@addisnet.et","actor_via_sso":false,"log_type":"token"}', '2026-05-09 12:24:46.375349+00', ''),
	('00000000-0000-0000-0000-000000000000', 'f12c70ec-9f45-4335-a132-b34d6b1e9492', '{"action":"token_revoked","actor_id":"adfe3895-e3f6-4dc0-8a99-1282de8d2416","actor_username":"m2padha+miczawnrt60p0ejaciqfyqvrz9t2v6bj9be=@addisnet.et","actor_via_sso":false,"log_type":"token"}', '2026-05-09 12:24:46.377121+00', ''),
	('00000000-0000-0000-0000-000000000000', 'c9114291-96ef-404c-9637-1db64d34a089', '{"action":"token_refreshed","actor_id":"a467f7a7-dd7d-48df-a0ab-049859644453","actor_username":"n+ya2sl9xrko7jpdx0em9ltboup4rbhklkj4zwbuhu4=@addisnet.et","actor_via_sso":false,"log_type":"token"}', '2026-05-09 12:42:19.185861+00', ''),
	('00000000-0000-0000-0000-000000000000', 'cecb7c38-0fa4-4de8-a262-c01c432d4574', '{"action":"token_revoked","actor_id":"a467f7a7-dd7d-48df-a0ab-049859644453","actor_username":"n+ya2sl9xrko7jpdx0em9ltboup4rbhklkj4zwbuhu4=@addisnet.et","actor_via_sso":false,"log_type":"token"}', '2026-05-09 12:42:19.18924+00', ''),
	('00000000-0000-0000-0000-000000000000', '41860373-7739-42f9-8b10-f9d306156e3b', '{"action":"token_refreshed","actor_id":"a467f7a7-dd7d-48df-a0ab-049859644453","actor_username":"n+ya2sl9xrko7jpdx0em9ltboup4rbhklkj4zwbuhu4=@addisnet.et","actor_via_sso":false,"log_type":"token"}', '2026-05-09 12:42:19.402774+00', ''),
	('00000000-0000-0000-0000-000000000000', '591a5374-f10c-488d-9a48-461e86deabb9', '{"action":"token_refreshed","actor_id":"adfe3895-e3f6-4dc0-8a99-1282de8d2416","actor_username":"m2padha+miczawnrt60p0ejaciqfyqvrz9t2v6bj9be=@addisnet.et","actor_via_sso":false,"log_type":"token"}', '2026-05-09 13:23:08.857496+00', ''),
	('00000000-0000-0000-0000-000000000000', 'dd894ac2-4037-44a6-a1a3-04ff2646c08c', '{"action":"token_revoked","actor_id":"adfe3895-e3f6-4dc0-8a99-1282de8d2416","actor_username":"m2padha+miczawnrt60p0ejaciqfyqvrz9t2v6bj9be=@addisnet.et","actor_via_sso":false,"log_type":"token"}', '2026-05-09 13:23:08.858561+00', ''),
	('00000000-0000-0000-0000-000000000000', 'bc4ef07c-d500-4b60-a902-125364e041db', '{"action":"token_refreshed","actor_id":"a467f7a7-dd7d-48df-a0ab-049859644453","actor_username":"n+ya2sl9xrko7jpdx0em9ltboup4rbhklkj4zwbuhu4=@addisnet.et","actor_via_sso":false,"log_type":"token"}', '2026-05-09 13:40:43.187761+00', ''),
	('00000000-0000-0000-0000-000000000000', 'eb875c04-33d0-4c18-8478-4976d7361974', '{"action":"token_revoked","actor_id":"a467f7a7-dd7d-48df-a0ab-049859644453","actor_username":"n+ya2sl9xrko7jpdx0em9ltboup4rbhklkj4zwbuhu4=@addisnet.et","actor_via_sso":false,"log_type":"token"}', '2026-05-09 13:40:43.193946+00', ''),
	('00000000-0000-0000-0000-000000000000', '1c649f22-f07f-4366-9ac8-19ee356f8495', '{"action":"token_refreshed","actor_id":"adfe3895-e3f6-4dc0-8a99-1282de8d2416","actor_username":"m2padha+miczawnrt60p0ejaciqfyqvrz9t2v6bj9be=@addisnet.et","actor_via_sso":false,"log_type":"token"}', '2026-05-09 14:46:49.829483+00', ''),
	('00000000-0000-0000-0000-000000000000', 'e23c68c0-1aeb-4928-b4ad-fc5cbc34ba7a', '{"action":"token_revoked","actor_id":"adfe3895-e3f6-4dc0-8a99-1282de8d2416","actor_username":"m2padha+miczawnrt60p0ejaciqfyqvrz9t2v6bj9be=@addisnet.et","actor_via_sso":false,"log_type":"token"}', '2026-05-09 14:46:49.833499+00', ''),
	('00000000-0000-0000-0000-000000000000', '48713592-7341-4a58-ad13-a34c3ef1efd1', '{"action":"token_refreshed","actor_id":"a467f7a7-dd7d-48df-a0ab-049859644453","actor_username":"n+ya2sl9xrko7jpdx0em9ltboup4rbhklkj4zwbuhu4=@addisnet.et","actor_via_sso":false,"log_type":"token"}', '2026-05-09 14:46:49.934258+00', ''),
	('00000000-0000-0000-0000-000000000000', '7beabca9-04a5-4a26-9379-b42c3319681a', '{"action":"token_revoked","actor_id":"a467f7a7-dd7d-48df-a0ab-049859644453","actor_username":"n+ya2sl9xrko7jpdx0em9ltboup4rbhklkj4zwbuhu4=@addisnet.et","actor_via_sso":false,"log_type":"token"}', '2026-05-09 14:46:49.94365+00', ''),
	('00000000-0000-0000-0000-000000000000', '1418ad9b-d518-448f-b914-28cff9ee6752', '{"action":"token_refreshed","actor_id":"a467f7a7-dd7d-48df-a0ab-049859644453","actor_username":"n+ya2sl9xrko7jpdx0em9ltboup4rbhklkj4zwbuhu4=@addisnet.et","actor_via_sso":false,"log_type":"token"}', '2026-05-09 16:23:38.676463+00', ''),
	('00000000-0000-0000-0000-000000000000', '212b4f79-e201-4169-a827-9b143c192a45', '{"action":"token_revoked","actor_id":"a467f7a7-dd7d-48df-a0ab-049859644453","actor_username":"n+ya2sl9xrko7jpdx0em9ltboup4rbhklkj4zwbuhu4=@addisnet.et","actor_via_sso":false,"log_type":"token"}', '2026-05-09 16:23:38.682657+00', ''),
	('00000000-0000-0000-0000-000000000000', '89260e65-e9f0-4554-91bb-0d2dfb16797e', '{"action":"token_refreshed","actor_id":"adfe3895-e3f6-4dc0-8a99-1282de8d2416","actor_username":"m2padha+miczawnrt60p0ejaciqfyqvrz9t2v6bj9be=@addisnet.et","actor_via_sso":false,"log_type":"token"}', '2026-05-09 16:23:38.861055+00', ''),
	('00000000-0000-0000-0000-000000000000', '146a412f-511b-4324-b7d1-9618b10493eb', '{"action":"token_revoked","actor_id":"adfe3895-e3f6-4dc0-8a99-1282de8d2416","actor_username":"m2padha+miczawnrt60p0ejaciqfyqvrz9t2v6bj9be=@addisnet.et","actor_via_sso":false,"log_type":"token"}', '2026-05-09 16:23:38.864934+00', ''),
	('00000000-0000-0000-0000-000000000000', 'ff5ba01d-00c3-4c57-9781-327a7db4b3fb', '{"action":"token_refreshed","actor_id":"adfe3895-e3f6-4dc0-8a99-1282de8d2416","actor_username":"m2padha+miczawnrt60p0ejaciqfyqvrz9t2v6bj9be=@addisnet.et","actor_via_sso":false,"log_type":"token"}', '2026-05-09 16:23:39.361533+00', ''),
	('00000000-0000-0000-0000-000000000000', '48c708e2-4fe7-4589-8178-571ef76171c7', '{"action":"logout","actor_id":"adfe3895-e3f6-4dc0-8a99-1282de8d2416","actor_username":"m2padha+miczawnrt60p0ejaciqfyqvrz9t2v6bj9be=@addisnet.et","actor_via_sso":false,"log_type":"account"}', '2026-05-09 16:25:45.335145+00', ''),
	('00000000-0000-0000-0000-000000000000', '71cab14f-ddf8-4488-959c-6fb57dd06066', '{"action":"login","actor_id":"adfe3895-e3f6-4dc0-8a99-1282de8d2416","actor_username":"m2padha+miczawnrt60p0ejaciqfyqvrz9t2v6bj9be=@addisnet.et","actor_via_sso":false,"log_type":"account","traits":{"provider":"email"}}', '2026-05-09 16:25:55.327817+00', ''),
	('00000000-0000-0000-0000-000000000000', 'a8603ec9-7169-4332-8bc0-1bd4870472f9', '{"action":"login","actor_id":"adfe3895-e3f6-4dc0-8a99-1282de8d2416","actor_username":"m2padha+miczawnrt60p0ejaciqfyqvrz9t2v6bj9be=@addisnet.et","actor_via_sso":false,"log_type":"account","traits":{"provider":"email"}}', '2026-05-09 16:26:53.926596+00', ''),
	('00000000-0000-0000-0000-000000000000', '06bd933f-f8ca-40db-8c74-082022196bd3', '{"action":"logout","actor_id":"adfe3895-e3f6-4dc0-8a99-1282de8d2416","actor_username":"m2padha+miczawnrt60p0ejaciqfyqvrz9t2v6bj9be=@addisnet.et","actor_via_sso":false,"log_type":"account"}', '2026-05-09 16:34:54.757023+00', ''),
	('00000000-0000-0000-0000-000000000000', '020377c5-b833-4d37-b9e5-525378f2f2fd', '{"action":"login","actor_id":"adfe3895-e3f6-4dc0-8a99-1282de8d2416","actor_username":"m2padha+miczawnrt60p0ejaciqfyqvrz9t2v6bj9be=@addisnet.et","actor_via_sso":false,"log_type":"account","traits":{"provider":"email"}}', '2026-05-09 16:35:29.955899+00', ''),
	('00000000-0000-0000-0000-000000000000', '54674788-d326-4b8c-a5e2-800d12b2a7f8', '{"action":"token_refreshed","actor_id":"a467f7a7-dd7d-48df-a0ab-049859644453","actor_username":"n+ya2sl9xrko7jpdx0em9ltboup4rbhklkj4zwbuhu4=@addisnet.et","actor_via_sso":false,"log_type":"token"}', '2026-05-09 17:31:35.614267+00', ''),
	('00000000-0000-0000-0000-000000000000', 'c8c6305b-2d7c-41e0-905e-cd86f61fd021', '{"action":"token_revoked","actor_id":"a467f7a7-dd7d-48df-a0ab-049859644453","actor_username":"n+ya2sl9xrko7jpdx0em9ltboup4rbhklkj4zwbuhu4=@addisnet.et","actor_via_sso":false,"log_type":"token"}', '2026-05-09 17:31:35.618698+00', ''),
	('00000000-0000-0000-0000-000000000000', 'c348e42d-e427-4ffd-9f70-0c3fd0a1d838', '{"action":"token_refreshed","actor_id":"adfe3895-e3f6-4dc0-8a99-1282de8d2416","actor_username":"m2padha+miczawnrt60p0ejaciqfyqvrz9t2v6bj9be=@addisnet.et","actor_via_sso":false,"log_type":"token"}', '2026-05-09 17:34:03.136467+00', ''),
	('00000000-0000-0000-0000-000000000000', '74f0138a-c6ac-474c-85de-d495ee7604a1', '{"action":"token_revoked","actor_id":"adfe3895-e3f6-4dc0-8a99-1282de8d2416","actor_username":"m2padha+miczawnrt60p0ejaciqfyqvrz9t2v6bj9be=@addisnet.et","actor_via_sso":false,"log_type":"token"}', '2026-05-09 17:34:03.141298+00', ''),
	('00000000-0000-0000-0000-000000000000', 'dfae40be-5d54-444a-8ae9-973a3df8a991', '{"action":"token_refreshed","actor_id":"adfe3895-e3f6-4dc0-8a99-1282de8d2416","actor_username":"m2padha+miczawnrt60p0ejaciqfyqvrz9t2v6bj9be=@addisnet.et","actor_via_sso":false,"log_type":"token"}', '2026-05-09 19:39:05.15953+00', ''),
	('00000000-0000-0000-0000-000000000000', 'c525dd58-4959-4b16-8da6-5f55b753b0cb', '{"action":"token_revoked","actor_id":"adfe3895-e3f6-4dc0-8a99-1282de8d2416","actor_username":"m2padha+miczawnrt60p0ejaciqfyqvrz9t2v6bj9be=@addisnet.et","actor_via_sso":false,"log_type":"token"}', '2026-05-09 19:39:05.181195+00', ''),
	('00000000-0000-0000-0000-000000000000', '9db38c3e-4d13-44c8-bda5-37ee26e6a51a', '{"action":"token_refreshed","actor_id":"a467f7a7-dd7d-48df-a0ab-049859644453","actor_username":"n+ya2sl9xrko7jpdx0em9ltboup4rbhklkj4zwbuhu4=@addisnet.et","actor_via_sso":false,"log_type":"token"}', '2026-05-09 19:39:22.208198+00', ''),
	('00000000-0000-0000-0000-000000000000', '5a626379-b794-48c8-90b2-a9ec4c04c18b', '{"action":"token_revoked","actor_id":"a467f7a7-dd7d-48df-a0ab-049859644453","actor_username":"n+ya2sl9xrko7jpdx0em9ltboup4rbhklkj4zwbuhu4=@addisnet.et","actor_via_sso":false,"log_type":"token"}', '2026-05-09 19:39:22.21765+00', ''),
	('00000000-0000-0000-0000-000000000000', '1fd76390-7416-476a-9afa-b56d3bd34505', '{"action":"token_refreshed","actor_id":"a467f7a7-dd7d-48df-a0ab-049859644453","actor_username":"n+ya2sl9xrko7jpdx0em9ltboup4rbhklkj4zwbuhu4=@addisnet.et","actor_via_sso":false,"log_type":"token"}', '2026-05-09 19:39:23.224388+00', ''),
	('00000000-0000-0000-0000-000000000000', 'af675059-f101-406c-b92a-e2aefca44351', '{"action":"token_refreshed","actor_id":"9eb8b33e-758a-455d-a05f-2e1ce99e3f9a","actor_username":"gsfn/8opqmsmacgrx/jy1m7riljiffszkg6l17szow0=@addisnet.et","actor_via_sso":false,"log_type":"token"}', '2026-05-09 20:06:17.160897+00', ''),
	('00000000-0000-0000-0000-000000000000', '355ca783-f393-4597-b3b7-7af0f18d24f4', '{"action":"token_revoked","actor_id":"9eb8b33e-758a-455d-a05f-2e1ce99e3f9a","actor_username":"gsfn/8opqmsmacgrx/jy1m7riljiffszkg6l17szow0=@addisnet.et","actor_via_sso":false,"log_type":"token"}', '2026-05-09 20:06:17.179255+00', ''),
	('00000000-0000-0000-0000-000000000000', 'a5b828e5-532a-4bfe-97be-a292ce2c9a2d', '{"action":"token_refreshed","actor_id":"9eb8b33e-758a-455d-a05f-2e1ce99e3f9a","actor_username":"gsfn/8opqmsmacgrx/jy1m7riljiffszkg6l17szow0=@addisnet.et","actor_via_sso":false,"log_type":"token"}', '2026-05-09 20:06:18.000027+00', ''),
	('00000000-0000-0000-0000-000000000000', '300b2bc2-2762-49b4-ac72-7c5c649f83b7', '{"action":"token_refreshed","actor_id":"adfe3895-e3f6-4dc0-8a99-1282de8d2416","actor_username":"m2padha+miczawnrt60p0ejaciqfyqvrz9t2v6bj9be=@addisnet.et","actor_via_sso":false,"log_type":"token"}', '2026-05-09 20:37:14.053211+00', ''),
	('00000000-0000-0000-0000-000000000000', '7fb778e4-4497-4489-abe0-9cfd777661c5', '{"action":"token_revoked","actor_id":"adfe3895-e3f6-4dc0-8a99-1282de8d2416","actor_username":"m2padha+miczawnrt60p0ejaciqfyqvrz9t2v6bj9be=@addisnet.et","actor_via_sso":false,"log_type":"token"}', '2026-05-09 20:37:14.05511+00', ''),
	('00000000-0000-0000-0000-000000000000', '2eba198a-be06-4ade-8399-9d64d4954170', '{"action":"token_refreshed","actor_id":"a467f7a7-dd7d-48df-a0ab-049859644453","actor_username":"n+ya2sl9xrko7jpdx0em9ltboup4rbhklkj4zwbuhu4=@addisnet.et","actor_via_sso":false,"log_type":"token"}', '2026-05-09 20:38:01.921767+00', ''),
	('00000000-0000-0000-0000-000000000000', 'b5bf2da7-bcad-4470-a706-14dced9f5dd2', '{"action":"token_revoked","actor_id":"a467f7a7-dd7d-48df-a0ab-049859644453","actor_username":"n+ya2sl9xrko7jpdx0em9ltboup4rbhklkj4zwbuhu4=@addisnet.et","actor_via_sso":false,"log_type":"token"}', '2026-05-09 20:38:01.927825+00', ''),
	('00000000-0000-0000-0000-000000000000', '0222b5e5-d72f-4196-955d-4b293b033854', '{"action":"token_refreshed","actor_id":"adfe3895-e3f6-4dc0-8a99-1282de8d2416","actor_username":"m2padha+miczawnrt60p0ejaciqfyqvrz9t2v6bj9be=@addisnet.et","actor_via_sso":false,"log_type":"token"}', '2026-05-10 01:59:34.204331+00', ''),
	('00000000-0000-0000-0000-000000000000', 'ec5d47e6-abac-4b46-90df-03b1442aa28d', '{"action":"token_revoked","actor_id":"adfe3895-e3f6-4dc0-8a99-1282de8d2416","actor_username":"m2padha+miczawnrt60p0ejaciqfyqvrz9t2v6bj9be=@addisnet.et","actor_via_sso":false,"log_type":"token"}', '2026-05-10 01:59:34.218721+00', ''),
	('00000000-0000-0000-0000-000000000000', '69aed075-c1c7-4b82-b900-4e3c6c8e4fc6', '{"action":"token_refreshed","actor_id":"adfe3895-e3f6-4dc0-8a99-1282de8d2416","actor_username":"m2padha+miczawnrt60p0ejaciqfyqvrz9t2v6bj9be=@addisnet.et","actor_via_sso":false,"log_type":"token"}', '2026-05-10 01:59:34.620966+00', ''),
	('00000000-0000-0000-0000-000000000000', '7755e47a-7f79-4cd8-8b17-1a7db07aa622', '{"action":"token_refreshed","actor_id":"a467f7a7-dd7d-48df-a0ab-049859644453","actor_username":"n+ya2sl9xrko7jpdx0em9ltboup4rbhklkj4zwbuhu4=@addisnet.et","actor_via_sso":false,"log_type":"token"}', '2026-05-10 02:53:39.605462+00', ''),
	('00000000-0000-0000-0000-000000000000', 'd4b89e08-e6f6-432a-91b3-3ce19e5b462e', '{"action":"token_revoked","actor_id":"a467f7a7-dd7d-48df-a0ab-049859644453","actor_username":"n+ya2sl9xrko7jpdx0em9ltboup4rbhklkj4zwbuhu4=@addisnet.et","actor_via_sso":false,"log_type":"token"}', '2026-05-10 02:53:39.618209+00', ''),
	('00000000-0000-0000-0000-000000000000', '5edb5c8c-d728-4ce1-8e6a-bcca47f36b6e', '{"action":"token_refreshed","actor_id":"a467f7a7-dd7d-48df-a0ab-049859644453","actor_username":"n+ya2sl9xrko7jpdx0em9ltboup4rbhklkj4zwbuhu4=@addisnet.et","actor_via_sso":false,"log_type":"token"}', '2026-05-10 02:53:39.837853+00', ''),
	('00000000-0000-0000-0000-000000000000', '7720ba62-cc38-47ba-a7f8-fb59b65ca789', '{"action":"token_refreshed","actor_id":"adfe3895-e3f6-4dc0-8a99-1282de8d2416","actor_username":"m2padha+miczawnrt60p0ejaciqfyqvrz9t2v6bj9be=@addisnet.et","actor_via_sso":false,"log_type":"token"}', '2026-05-10 02:58:22.780153+00', ''),
	('00000000-0000-0000-0000-000000000000', 'ffbcb3fe-a1bf-4137-9e43-82ddd8d92958', '{"action":"token_revoked","actor_id":"adfe3895-e3f6-4dc0-8a99-1282de8d2416","actor_username":"m2padha+miczawnrt60p0ejaciqfyqvrz9t2v6bj9be=@addisnet.et","actor_via_sso":false,"log_type":"token"}', '2026-05-10 02:58:22.78136+00', ''),
	('00000000-0000-0000-0000-000000000000', '204ec5d0-9d45-4594-b909-507a257c83c9', '{"action":"token_refreshed","actor_id":"a467f7a7-dd7d-48df-a0ab-049859644453","actor_username":"n+ya2sl9xrko7jpdx0em9ltboup4rbhklkj4zwbuhu4=@addisnet.et","actor_via_sso":false,"log_type":"token"}', '2026-05-10 03:52:19.797705+00', ''),
	('00000000-0000-0000-0000-000000000000', 'da7e0708-b1df-4101-9f90-86b81b578716', '{"action":"token_revoked","actor_id":"a467f7a7-dd7d-48df-a0ab-049859644453","actor_username":"n+ya2sl9xrko7jpdx0em9ltboup4rbhklkj4zwbuhu4=@addisnet.et","actor_via_sso":false,"log_type":"token"}', '2026-05-10 03:52:19.798671+00', ''),
	('00000000-0000-0000-0000-000000000000', '117e1526-fd9e-4240-94ec-40880d7e9e1f', '{"action":"token_refreshed","actor_id":"adfe3895-e3f6-4dc0-8a99-1282de8d2416","actor_username":"m2padha+miczawnrt60p0ejaciqfyqvrz9t2v6bj9be=@addisnet.et","actor_via_sso":false,"log_type":"token"}', '2026-05-10 03:57:07.030675+00', ''),
	('00000000-0000-0000-0000-000000000000', '6a0f9df6-71d3-49ed-8f3f-bcc6a7db8efa', '{"action":"token_revoked","actor_id":"adfe3895-e3f6-4dc0-8a99-1282de8d2416","actor_username":"m2padha+miczawnrt60p0ejaciqfyqvrz9t2v6bj9be=@addisnet.et","actor_via_sso":false,"log_type":"token"}', '2026-05-10 03:57:07.032491+00', ''),
	('00000000-0000-0000-0000-000000000000', '72b2db14-7eba-4a72-a208-111728c11c0b', '{"action":"token_refreshed","actor_id":"a467f7a7-dd7d-48df-a0ab-049859644453","actor_username":"n+ya2sl9xrko7jpdx0em9ltboup4rbhklkj4zwbuhu4=@addisnet.et","actor_via_sso":false,"log_type":"token"}', '2026-05-10 04:50:58.122253+00', ''),
	('00000000-0000-0000-0000-000000000000', '13bafdb5-0446-424a-a7cb-9ec3c0c7cec8', '{"action":"token_revoked","actor_id":"a467f7a7-dd7d-48df-a0ab-049859644453","actor_username":"n+ya2sl9xrko7jpdx0em9ltboup4rbhklkj4zwbuhu4=@addisnet.et","actor_via_sso":false,"log_type":"token"}', '2026-05-10 04:50:58.123674+00', ''),
	('00000000-0000-0000-0000-000000000000', 'd129ff37-8e15-41e3-950b-bbe77c0d4f76', '{"action":"token_refreshed","actor_id":"a467f7a7-dd7d-48df-a0ab-049859644453","actor_username":"n+ya2sl9xrko7jpdx0em9ltboup4rbhklkj4zwbuhu4=@addisnet.et","actor_via_sso":false,"log_type":"token"}', '2026-05-10 04:50:58.807286+00', ''),
	('00000000-0000-0000-0000-000000000000', '0eb8a0db-c9be-4240-95d0-1238ad170ce0', '{"action":"token_refreshed","actor_id":"adfe3895-e3f6-4dc0-8a99-1282de8d2416","actor_username":"m2padha+miczawnrt60p0ejaciqfyqvrz9t2v6bj9be=@addisnet.et","actor_via_sso":false,"log_type":"token"}', '2026-05-10 05:02:08.996442+00', ''),
	('00000000-0000-0000-0000-000000000000', 'b82fcd13-f1cd-4d54-887f-90947c3b022b', '{"action":"token_revoked","actor_id":"adfe3895-e3f6-4dc0-8a99-1282de8d2416","actor_username":"m2padha+miczawnrt60p0ejaciqfyqvrz9t2v6bj9be=@addisnet.et","actor_via_sso":false,"log_type":"token"}', '2026-05-10 05:02:08.999896+00', ''),
	('00000000-0000-0000-0000-000000000000', 'acb755bd-3fa1-4bcf-8d95-913b1d35f425', '{"action":"token_refreshed","actor_id":"a467f7a7-dd7d-48df-a0ab-049859644453","actor_username":"n+ya2sl9xrko7jpdx0em9ltboup4rbhklkj4zwbuhu4=@addisnet.et","actor_via_sso":false,"log_type":"token"}', '2026-05-10 05:49:50.84152+00', ''),
	('00000000-0000-0000-0000-000000000000', '46a6af1c-3a84-4141-b087-fb5c2b51e59f', '{"action":"token_revoked","actor_id":"a467f7a7-dd7d-48df-a0ab-049859644453","actor_username":"n+ya2sl9xrko7jpdx0em9ltboup4rbhklkj4zwbuhu4=@addisnet.et","actor_via_sso":false,"log_type":"token"}', '2026-05-10 05:49:50.846205+00', ''),
	('00000000-0000-0000-0000-000000000000', '8024cf63-71d6-4151-9d65-c84048b60bc0', '{"action":"token_refreshed","actor_id":"adfe3895-e3f6-4dc0-8a99-1282de8d2416","actor_username":"m2padha+miczawnrt60p0ejaciqfyqvrz9t2v6bj9be=@addisnet.et","actor_via_sso":false,"log_type":"token"}', '2026-05-10 06:25:11.019218+00', ''),
	('00000000-0000-0000-0000-000000000000', '8f15ca85-1745-4beb-9e52-91fb9f4af0cd', '{"action":"token_revoked","actor_id":"adfe3895-e3f6-4dc0-8a99-1282de8d2416","actor_username":"m2padha+miczawnrt60p0ejaciqfyqvrz9t2v6bj9be=@addisnet.et","actor_via_sso":false,"log_type":"token"}', '2026-05-10 06:25:11.021759+00', ''),
	('00000000-0000-0000-0000-000000000000', 'd5d89b29-10ca-4785-a4f4-ef2c78ea07b1', '{"action":"token_refreshed","actor_id":"adfe3895-e3f6-4dc0-8a99-1282de8d2416","actor_username":"m2padha+miczawnrt60p0ejaciqfyqvrz9t2v6bj9be=@addisnet.et","actor_via_sso":false,"log_type":"token"}', '2026-05-10 06:25:11.486762+00', ''),
	('00000000-0000-0000-0000-000000000000', 'cc3d374e-3093-49f8-ad3d-d39afeab1f0b', '{"action":"token_refreshed","actor_id":"a467f7a7-dd7d-48df-a0ab-049859644453","actor_username":"n+ya2sl9xrko7jpdx0em9ltboup4rbhklkj4zwbuhu4=@addisnet.et","actor_via_sso":false,"log_type":"token"}', '2026-05-10 06:48:29.08915+00', ''),
	('00000000-0000-0000-0000-000000000000', '7979078f-7a0c-4686-bceb-e81922168f99', '{"action":"token_revoked","actor_id":"a467f7a7-dd7d-48df-a0ab-049859644453","actor_username":"n+ya2sl9xrko7jpdx0em9ltboup4rbhklkj4zwbuhu4=@addisnet.et","actor_via_sso":false,"log_type":"token"}', '2026-05-10 06:48:29.091412+00', ''),
	('00000000-0000-0000-0000-000000000000', '33066562-a6ad-4c17-8bee-3f69a307691b', '{"action":"token_refreshed","actor_id":"adfe3895-e3f6-4dc0-8a99-1282de8d2416","actor_username":"m2padha+miczawnrt60p0ejaciqfyqvrz9t2v6bj9be=@addisnet.et","actor_via_sso":false,"log_type":"token"}', '2026-05-10 07:24:00.467113+00', ''),
	('00000000-0000-0000-0000-000000000000', 'ef123863-751d-4ac0-8c5e-006fe2799cd1', '{"action":"token_revoked","actor_id":"adfe3895-e3f6-4dc0-8a99-1282de8d2416","actor_username":"m2padha+miczawnrt60p0ejaciqfyqvrz9t2v6bj9be=@addisnet.et","actor_via_sso":false,"log_type":"token"}', '2026-05-10 07:24:00.471825+00', ''),
	('00000000-0000-0000-0000-000000000000', 'b6a632c2-41d6-4f9c-a5b6-8841d627ad32', '{"action":"token_refreshed","actor_id":"9eb8b33e-758a-455d-a05f-2e1ce99e3f9a","actor_username":"gsfn/8opqmsmacgrx/jy1m7riljiffszkg6l17szow0=@addisnet.et","actor_via_sso":false,"log_type":"token"}', '2026-05-10 07:41:11.952589+00', ''),
	('00000000-0000-0000-0000-000000000000', 'c4ca16af-c7f4-425d-8496-894124da53fc', '{"action":"token_revoked","actor_id":"9eb8b33e-758a-455d-a05f-2e1ce99e3f9a","actor_username":"gsfn/8opqmsmacgrx/jy1m7riljiffszkg6l17szow0=@addisnet.et","actor_via_sso":false,"log_type":"token"}', '2026-05-10 07:41:11.955896+00', ''),
	('00000000-0000-0000-0000-000000000000', '3bff4f64-8d44-4ae2-aeb4-7b0549000c53', '{"action":"token_refreshed","actor_id":"9eb8b33e-758a-455d-a05f-2e1ce99e3f9a","actor_username":"gsfn/8opqmsmacgrx/jy1m7riljiffszkg6l17szow0=@addisnet.et","actor_via_sso":false,"log_type":"token"}', '2026-05-10 07:41:12.199985+00', ''),
	('00000000-0000-0000-0000-000000000000', '1462d039-31cb-4dd6-87d8-ba001b414887', '{"action":"token_refreshed","actor_id":"a467f7a7-dd7d-48df-a0ab-049859644453","actor_username":"n+ya2sl9xrko7jpdx0em9ltboup4rbhklkj4zwbuhu4=@addisnet.et","actor_via_sso":false,"log_type":"token"}', '2026-05-10 07:47:14.073764+00', ''),
	('00000000-0000-0000-0000-000000000000', 'bc70de06-fc0d-4354-bb60-476212cf0478', '{"action":"token_revoked","actor_id":"a467f7a7-dd7d-48df-a0ab-049859644453","actor_username":"n+ya2sl9xrko7jpdx0em9ltboup4rbhklkj4zwbuhu4=@addisnet.et","actor_via_sso":false,"log_type":"token"}', '2026-05-10 07:47:14.074775+00', ''),
	('00000000-0000-0000-0000-000000000000', '2d42d129-0cf8-4acd-ac6a-fbbb8c75e7c3', '{"action":"token_refreshed","actor_id":"adfe3895-e3f6-4dc0-8a99-1282de8d2416","actor_username":"m2padha+miczawnrt60p0ejaciqfyqvrz9t2v6bj9be=@addisnet.et","actor_via_sso":false,"log_type":"token"}', '2026-05-10 08:22:22.653341+00', ''),
	('00000000-0000-0000-0000-000000000000', '26928fe8-d0ed-4ea0-9d42-2218cb72cf58', '{"action":"token_revoked","actor_id":"adfe3895-e3f6-4dc0-8a99-1282de8d2416","actor_username":"m2padha+miczawnrt60p0ejaciqfyqvrz9t2v6bj9be=@addisnet.et","actor_via_sso":false,"log_type":"token"}', '2026-05-10 08:22:22.654761+00', ''),
	('00000000-0000-0000-0000-000000000000', '6a19639f-5e10-4867-b9d2-7447a94d276a', '{"action":"logout","actor_id":"adfe3895-e3f6-4dc0-8a99-1282de8d2416","actor_username":"m2padha+miczawnrt60p0ejaciqfyqvrz9t2v6bj9be=@addisnet.et","actor_via_sso":false,"log_type":"account"}', '2026-05-10 08:24:32.030868+00', ''),
	('00000000-0000-0000-0000-000000000000', '8d0a5cf2-fba6-4f0c-ac12-936765e58668', '{"action":"logout","actor_id":"a467f7a7-dd7d-48df-a0ab-049859644453","actor_username":"n+ya2sl9xrko7jpdx0em9ltboup4rbhklkj4zwbuhu4=@addisnet.et","actor_via_sso":false,"log_type":"account"}', '2026-05-10 08:25:00.493486+00', ''),
	('00000000-0000-0000-0000-000000000000', '46677b11-1d81-48c7-a682-28637f5f62df', '{"action":"user_signedup","actor_id":"00000000-0000-0000-0000-000000000000","actor_username":"service_role","actor_via_sso":false,"log_type":"team","traits":{"provider":"email","user_email":"/n99m+472cahxhrwop/frastqf9icjlx6vmcqijwogm=@addisnet.et","user_id":"f761e74e-c058-4d0d-a24a-0d976e3cc297","user_phone":""}}', '2026-05-10 08:25:14.759593+00', ''),
	('00000000-0000-0000-0000-000000000000', 'b573517a-e76c-4124-8b30-05006cba4c2d', '{"action":"login","actor_id":"f761e74e-c058-4d0d-a24a-0d976e3cc297","actor_username":"/n99m+472cahxhrwop/frastqf9icjlx6vmcqijwogm=@addisnet.et","actor_via_sso":false,"log_type":"account","traits":{"provider":"email"}}', '2026-05-10 08:25:14.917933+00', ''),
	('00000000-0000-0000-0000-000000000000', '00d33f22-945a-4c6e-b69f-457efc062963', '{"action":"logout","actor_id":"f761e74e-c058-4d0d-a24a-0d976e3cc297","actor_username":"/n99m+472cahxhrwop/frastqf9icjlx6vmcqijwogm=@addisnet.et","actor_via_sso":false,"log_type":"account"}', '2026-05-10 08:25:20.277794+00', ''),
	('00000000-0000-0000-0000-000000000000', 'bfbd5f5f-16db-4488-8854-512eaf790eea', '{"action":"user_signedup","actor_id":"00000000-0000-0000-0000-000000000000","actor_username":"service_role","actor_via_sso":false,"log_type":"team","traits":{"provider":"email","user_email":"u8iz8fjaxrdexopo06vbm9wxb8gk3dd0dulsv+4qqk8=@addisnet.et","user_id":"4af75e2d-8651-47aa-b84e-c8d58d025da2","user_phone":""}}', '2026-05-10 08:25:38.583582+00', ''),
	('00000000-0000-0000-0000-000000000000', '9a7f1406-ebec-4c3b-bbd6-b38d3c9d280c', '{"action":"login","actor_id":"4af75e2d-8651-47aa-b84e-c8d58d025da2","actor_username":"u8iz8fjaxrdexopo06vbm9wxb8gk3dd0dulsv+4qqk8=@addisnet.et","actor_via_sso":false,"log_type":"account","traits":{"provider":"email"}}', '2026-05-10 08:25:38.7375+00', ''),
	('00000000-0000-0000-0000-000000000000', 'b4f055e2-2349-487b-a8df-25e6f3364c40', '{"action":"logout","actor_id":"4af75e2d-8651-47aa-b84e-c8d58d025da2","actor_username":"u8iz8fjaxrdexopo06vbm9wxb8gk3dd0dulsv+4qqk8=@addisnet.et","actor_via_sso":false,"log_type":"account"}', '2026-05-10 08:26:14.335722+00', ''),
	('00000000-0000-0000-0000-000000000000', '354ef374-6aec-4281-9566-63c87845697c', '{"action":"user_signedup","actor_id":"00000000-0000-0000-0000-000000000000","actor_username":"service_role","actor_via_sso":false,"log_type":"team","traits":{"provider":"email","user_email":"k+hnqqwidsw+q6ppdd11fbaqinyx15asf233xjpbv28=@addisnet.et","user_id":"1e2187a3-b0c2-4064-a176-be1f47daa9a6","user_phone":""}}', '2026-05-10 08:26:25.813639+00', ''),
	('00000000-0000-0000-0000-000000000000', '39aba3d4-b53a-4f02-8bf6-ae4ec3f1a563', '{"action":"login","actor_id":"1e2187a3-b0c2-4064-a176-be1f47daa9a6","actor_username":"k+hnqqwidsw+q6ppdd11fbaqinyx15asf233xjpbv28=@addisnet.et","actor_via_sso":false,"log_type":"account","traits":{"provider":"email"}}', '2026-05-10 08:26:25.962601+00', ''),
	('00000000-0000-0000-0000-000000000000', 'b509ff09-587e-41d9-8793-9048eab1b021', '{"action":"logout","actor_id":"1e2187a3-b0c2-4064-a176-be1f47daa9a6","actor_username":"k+hnqqwidsw+q6ppdd11fbaqinyx15asf233xjpbv28=@addisnet.et","actor_via_sso":false,"log_type":"account"}', '2026-05-10 08:26:42.293536+00', ''),
	('00000000-0000-0000-0000-000000000000', '9d333cc8-6aed-4ec5-ab2b-203ae2b7c444', '{"action":"user_signedup","actor_id":"00000000-0000-0000-0000-000000000000","actor_username":"service_role","actor_via_sso":false,"log_type":"team","traits":{"provider":"email","user_email":"matsqc59rxotqjto4zoi1k8hurdn0aswhadiar3jlk4=@addisnet.et","user_id":"49d684ae-4bf1-4690-ba5b-4e1a94fd84da","user_phone":""}}', '2026-05-10 08:26:56.766761+00', ''),
	('00000000-0000-0000-0000-000000000000', '9366b2af-df96-433b-8a09-19ba95359e8c', '{"action":"login","actor_id":"49d684ae-4bf1-4690-ba5b-4e1a94fd84da","actor_username":"matsqc59rxotqjto4zoi1k8hurdn0aswhadiar3jlk4=@addisnet.et","actor_via_sso":false,"log_type":"account","traits":{"provider":"email"}}', '2026-05-10 08:26:57.027414+00', ''),
	('00000000-0000-0000-0000-000000000000', 'c4bfe054-5f61-4d98-a078-d83f73afd132', '{"action":"logout","actor_id":"49d684ae-4bf1-4690-ba5b-4e1a94fd84da","actor_username":"matsqc59rxotqjto4zoi1k8hurdn0aswhadiar3jlk4=@addisnet.et","actor_via_sso":false,"log_type":"account"}', '2026-05-10 08:27:10.665965+00', ''),
	('00000000-0000-0000-0000-000000000000', 'e769e43c-85b0-4ab8-bdf8-23f51ab804ab', '{"action":"user_signedup","actor_id":"00000000-0000-0000-0000-000000000000","actor_username":"service_role","actor_via_sso":false,"log_type":"team","traits":{"provider":"email","user_email":"i4ikdkjs8g8+avyusti8k6rnquacuvenyv4k+goydck=@addisnet.et","user_id":"cb495c1d-b78f-488a-80b2-49cd2648c1e0","user_phone":""}}', '2026-05-10 08:27:27.845685+00', ''),
	('00000000-0000-0000-0000-000000000000', 'fecb3d5a-e073-438c-9cae-924e1d5e1123', '{"action":"login","actor_id":"cb495c1d-b78f-488a-80b2-49cd2648c1e0","actor_username":"i4ikdkjs8g8+avyusti8k6rnquacuvenyv4k+goydck=@addisnet.et","actor_via_sso":false,"log_type":"account","traits":{"provider":"email"}}', '2026-05-10 08:27:28.106707+00', ''),
	('00000000-0000-0000-0000-000000000000', 'c4d46356-5678-4267-889e-202fa6b92472', '{"action":"logout","actor_id":"cb495c1d-b78f-488a-80b2-49cd2648c1e0","actor_username":"i4ikdkjs8g8+avyusti8k6rnquacuvenyv4k+goydck=@addisnet.et","actor_via_sso":false,"log_type":"account"}', '2026-05-10 08:27:34.720623+00', ''),
	('00000000-0000-0000-0000-000000000000', '489c02b2-1b51-40dd-8ed4-8c1e2c49e3fd', '{"action":"user_signedup","actor_id":"00000000-0000-0000-0000-000000000000","actor_username":"service_role","actor_via_sso":false,"log_type":"team","traits":{"provider":"email","user_email":"np3qpdeuxccph7lwqjetcbsz9c5jio8f8gztrbibrgo=@addisnet.et","user_id":"ce445e4c-2458-498d-9a28-72f840b6e7b6","user_phone":""}}', '2026-05-10 08:27:44.388602+00', ''),
	('00000000-0000-0000-0000-000000000000', '6de83d80-0c83-4343-8bb3-4f7540609377', '{"action":"login","actor_id":"ce445e4c-2458-498d-9a28-72f840b6e7b6","actor_username":"np3qpdeuxccph7lwqjetcbsz9c5jio8f8gztrbibrgo=@addisnet.et","actor_via_sso":false,"log_type":"account","traits":{"provider":"email"}}', '2026-05-10 08:27:44.527967+00', ''),
	('00000000-0000-0000-0000-000000000000', '5eb00afc-f491-4f34-99a4-aa8d840b7985', '{"action":"logout","actor_id":"ce445e4c-2458-498d-9a28-72f840b6e7b6","actor_username":"np3qpdeuxccph7lwqjetcbsz9c5jio8f8gztrbibrgo=@addisnet.et","actor_via_sso":false,"log_type":"account"}', '2026-05-10 08:27:49.497455+00', ''),
	('00000000-0000-0000-0000-000000000000', 'e367654a-fd8d-49e7-9bf1-822fb30fa868', '{"action":"user_signedup","actor_id":"00000000-0000-0000-0000-000000000000","actor_username":"service_role","actor_via_sso":false,"log_type":"team","traits":{"provider":"email","user_email":"qv4tt57e5bsyhw6jwpi/fczwmzpuvapscpvvrmvpxhu=@addisnet.et","user_id":"d56fb5aa-6ea6-4710-b83f-3f7fe0302f6f","user_phone":""}}', '2026-05-10 08:28:04.355448+00', ''),
	('00000000-0000-0000-0000-000000000000', '7d5e4c62-cf6a-4cc5-aabc-e5e5b2f7b93f', '{"action":"login","actor_id":"d56fb5aa-6ea6-4710-b83f-3f7fe0302f6f","actor_username":"qv4tt57e5bsyhw6jwpi/fczwmzpuvapscpvvrmvpxhu=@addisnet.et","actor_via_sso":false,"log_type":"account","traits":{"provider":"email"}}', '2026-05-10 08:28:04.510141+00', ''),
	('00000000-0000-0000-0000-000000000000', '82a291b2-b796-4601-aa86-0aa412e98462', '{"action":"logout","actor_id":"d56fb5aa-6ea6-4710-b83f-3f7fe0302f6f","actor_username":"qv4tt57e5bsyhw6jwpi/fczwmzpuvapscpvvrmvpxhu=@addisnet.et","actor_via_sso":false,"log_type":"account"}', '2026-05-10 08:28:10.508167+00', ''),
	('00000000-0000-0000-0000-000000000000', '51099066-5615-492f-b6c0-fc0068dfe6db', '{"action":"user_signedup","actor_id":"00000000-0000-0000-0000-000000000000","actor_username":"service_role","actor_via_sso":false,"log_type":"team","traits":{"provider":"email","user_email":"lblpu6pkpev5n43u1/nigoo4lmef4h4egs1oqrndhxm=@addisnet.et","user_id":"a44403ab-df0c-4310-aae2-cb3281ae970b","user_phone":""}}', '2026-05-10 08:28:25.078794+00', ''),
	('00000000-0000-0000-0000-000000000000', 'ea89b764-cc29-457b-b199-08938871054b', '{"action":"login","actor_id":"a44403ab-df0c-4310-aae2-cb3281ae970b","actor_username":"lblpu6pkpev5n43u1/nigoo4lmef4h4egs1oqrndhxm=@addisnet.et","actor_via_sso":false,"log_type":"account","traits":{"provider":"email"}}', '2026-05-10 08:28:25.226642+00', ''),
	('00000000-0000-0000-0000-000000000000', '0ad9ae0a-afe0-4b10-b443-5e4a46f05881', '{"action":"logout","actor_id":"a44403ab-df0c-4310-aae2-cb3281ae970b","actor_username":"lblpu6pkpev5n43u1/nigoo4lmef4h4egs1oqrndhxm=@addisnet.et","actor_via_sso":false,"log_type":"account"}', '2026-05-10 08:28:58.21293+00', ''),
	('00000000-0000-0000-0000-000000000000', '997cb360-ae6d-4d3d-bb08-d4ccfe85efe2', '{"action":"user_signedup","actor_id":"00000000-0000-0000-0000-000000000000","actor_username":"service_role","actor_via_sso":false,"log_type":"team","traits":{"provider":"email","user_email":"bjb6mbsg7r40xijyvbipem8sww518w5ioxa1aqz4qkc=@addisnet.et","user_id":"92f59577-54f8-4ebd-a157-d785f5ef1257","user_phone":""}}', '2026-05-10 08:29:27.281287+00', ''),
	('00000000-0000-0000-0000-000000000000', '4efcf07a-600b-4bdd-a904-e8d768301e24', '{"action":"login","actor_id":"92f59577-54f8-4ebd-a157-d785f5ef1257","actor_username":"bjb6mbsg7r40xijyvbipem8sww518w5ioxa1aqz4qkc=@addisnet.et","actor_via_sso":false,"log_type":"account","traits":{"provider":"email"}}', '2026-05-10 08:29:27.41717+00', ''),
	('00000000-0000-0000-0000-000000000000', '4c7ed35a-21f8-4d48-986c-da0cbce97ebf', '{"action":"logout","actor_id":"92f59577-54f8-4ebd-a157-d785f5ef1257","actor_username":"bjb6mbsg7r40xijyvbipem8sww518w5ioxa1aqz4qkc=@addisnet.et","actor_via_sso":false,"log_type":"account"}', '2026-05-10 08:29:33.595575+00', ''),
	('00000000-0000-0000-0000-000000000000', '56bd345e-ac8c-45ad-a33a-3c4c128a7ad8', '{"action":"user_signedup","actor_id":"00000000-0000-0000-0000-000000000000","actor_username":"service_role","actor_via_sso":false,"log_type":"team","traits":{"provider":"email","user_email":"bz1zdlh66lmredziaeosmaxlj1y3ykzhrobxaxkzaus=@addisnet.et","user_id":"83f6ad28-424a-4849-9a79-369d14c9ca5b","user_phone":""}}', '2026-05-10 08:29:45.531673+00', ''),
	('00000000-0000-0000-0000-000000000000', 'c174d66a-6a58-4fa2-8d56-9aa8965aec32', '{"action":"login","actor_id":"83f6ad28-424a-4849-9a79-369d14c9ca5b","actor_username":"bz1zdlh66lmredziaeosmaxlj1y3ykzhrobxaxkzaus=@addisnet.et","actor_via_sso":false,"log_type":"account","traits":{"provider":"email"}}', '2026-05-10 08:29:45.69863+00', ''),
	('00000000-0000-0000-0000-000000000000', '762e8d45-0306-4098-8859-bfa9c1810407', '{"action":"logout","actor_id":"83f6ad28-424a-4849-9a79-369d14c9ca5b","actor_username":"bz1zdlh66lmredziaeosmaxlj1y3ykzhrobxaxkzaus=@addisnet.et","actor_via_sso":false,"log_type":"account"}', '2026-05-10 08:29:51.831217+00', ''),
	('00000000-0000-0000-0000-000000000000', '42521eb5-1099-4874-b9be-60c594a07cfc', '{"action":"user_signedup","actor_id":"00000000-0000-0000-0000-000000000000","actor_username":"service_role","actor_via_sso":false,"log_type":"team","traits":{"provider":"email","user_email":"npcel+kod8dnr+5rikspykwv4b3fi14zr0f+teom3rw=@addisnet.et","user_id":"497ee39d-3f56-4cb3-bd12-a2bfa6bb30a4","user_phone":""}}', '2026-05-10 08:30:00.870555+00', ''),
	('00000000-0000-0000-0000-000000000000', '9c9d8403-190d-48c5-9594-4fd5fbdff337', '{"action":"login","actor_id":"497ee39d-3f56-4cb3-bd12-a2bfa6bb30a4","actor_username":"npcel+kod8dnr+5rikspykwv4b3fi14zr0f+teom3rw=@addisnet.et","actor_via_sso":false,"log_type":"account","traits":{"provider":"email"}}', '2026-05-10 08:30:01.02364+00', ''),
	('00000000-0000-0000-0000-000000000000', 'c3ca8947-6fe6-47fa-a7a8-b513df5a84d5', '{"action":"login","actor_id":"adfe3895-e3f6-4dc0-8a99-1282de8d2416","actor_username":"m2padha+miczawnrt60p0ejaciqfyqvrz9t2v6bj9be=@addisnet.et","actor_via_sso":false,"log_type":"account","traits":{"provider":"email"}}', '2026-05-10 08:34:16.216798+00', ''),
	('00000000-0000-0000-0000-000000000000', '81152639-88f1-4d55-88de-891936d03f94', '{"action":"token_refreshed","actor_id":"adfe3895-e3f6-4dc0-8a99-1282de8d2416","actor_username":"m2padha+miczawnrt60p0ejaciqfyqvrz9t2v6bj9be=@addisnet.et","actor_via_sso":false,"log_type":"token"}', '2026-05-10 10:01:56.334981+00', ''),
	('00000000-0000-0000-0000-000000000000', '08f9b447-d1ac-4b5b-b2de-3e193d959ecb', '{"action":"token_revoked","actor_id":"adfe3895-e3f6-4dc0-8a99-1282de8d2416","actor_username":"m2padha+miczawnrt60p0ejaciqfyqvrz9t2v6bj9be=@addisnet.et","actor_via_sso":false,"log_type":"token"}', '2026-05-10 10:01:56.337436+00', ''),
	('00000000-0000-0000-0000-000000000000', 'd1922f91-bc3b-46df-abd1-b88cc9f88907', '{"action":"token_refreshed","actor_id":"adfe3895-e3f6-4dc0-8a99-1282de8d2416","actor_username":"m2padha+miczawnrt60p0ejaciqfyqvrz9t2v6bj9be=@addisnet.et","actor_via_sso":false,"log_type":"token"}', '2026-05-10 10:01:57.689639+00', ''),
	('00000000-0000-0000-0000-000000000000', '6ff137e5-9a4b-4076-8c58-c936972624b4', '{"action":"token_refreshed","actor_id":"adfe3895-e3f6-4dc0-8a99-1282de8d2416","actor_username":"m2padha+miczawnrt60p0ejaciqfyqvrz9t2v6bj9be=@addisnet.et","actor_via_sso":false,"log_type":"token"}', '2026-05-10 17:01:25.864236+00', ''),
	('00000000-0000-0000-0000-000000000000', 'a55623d9-d8a4-40f2-b010-9063ad1a61c4', '{"action":"token_revoked","actor_id":"adfe3895-e3f6-4dc0-8a99-1282de8d2416","actor_username":"m2padha+miczawnrt60p0ejaciqfyqvrz9t2v6bj9be=@addisnet.et","actor_via_sso":false,"log_type":"token"}', '2026-05-10 17:01:25.884092+00', ''),
	('00000000-0000-0000-0000-000000000000', '11d92f54-0a1d-4687-b255-95923116f94a', '{"action":"token_refreshed","actor_id":"adfe3895-e3f6-4dc0-8a99-1282de8d2416","actor_username":"m2padha+miczawnrt60p0ejaciqfyqvrz9t2v6bj9be=@addisnet.et","actor_via_sso":false,"log_type":"token"}', '2026-05-10 17:01:26.57568+00', ''),
	('00000000-0000-0000-0000-000000000000', '6130daec-8cf4-47c2-98be-0fee7e53919e', '{"action":"token_refreshed","actor_id":"adfe3895-e3f6-4dc0-8a99-1282de8d2416","actor_username":"m2padha+miczawnrt60p0ejaciqfyqvrz9t2v6bj9be=@addisnet.et","actor_via_sso":false,"log_type":"token"}', '2026-05-10 17:59:56.532457+00', ''),
	('00000000-0000-0000-0000-000000000000', 'acddb026-dda5-42dc-bbcd-3023bc8d06d1', '{"action":"token_revoked","actor_id":"adfe3895-e3f6-4dc0-8a99-1282de8d2416","actor_username":"m2padha+miczawnrt60p0ejaciqfyqvrz9t2v6bj9be=@addisnet.et","actor_via_sso":false,"log_type":"token"}', '2026-05-10 17:59:56.534664+00', ''),
	('00000000-0000-0000-0000-000000000000', 'f1297eb9-21c8-49fb-b981-8631b7217498', '{"action":"token_refreshed","actor_id":"adfe3895-e3f6-4dc0-8a99-1282de8d2416","actor_username":"m2padha+miczawnrt60p0ejaciqfyqvrz9t2v6bj9be=@addisnet.et","actor_via_sso":false,"log_type":"token"}', '2026-05-10 18:58:38.444464+00', ''),
	('00000000-0000-0000-0000-000000000000', '6f667552-1760-4658-9f67-c5529e78ff1d', '{"action":"token_revoked","actor_id":"adfe3895-e3f6-4dc0-8a99-1282de8d2416","actor_username":"m2padha+miczawnrt60p0ejaciqfyqvrz9t2v6bj9be=@addisnet.et","actor_via_sso":false,"log_type":"token"}', '2026-05-10 18:58:38.448989+00', ''),
	('00000000-0000-0000-0000-000000000000', 'ca989c95-3822-4bd5-83d9-cafe62813bf5', '{"action":"token_refreshed","actor_id":"adfe3895-e3f6-4dc0-8a99-1282de8d2416","actor_username":"m2padha+miczawnrt60p0ejaciqfyqvrz9t2v6bj9be=@addisnet.et","actor_via_sso":false,"log_type":"token"}', '2026-05-10 20:03:01.067825+00', ''),
	('00000000-0000-0000-0000-000000000000', 'ac6986c3-a443-4ea9-a274-73a9e7ea2809', '{"action":"token_revoked","actor_id":"adfe3895-e3f6-4dc0-8a99-1282de8d2416","actor_username":"m2padha+miczawnrt60p0ejaciqfyqvrz9t2v6bj9be=@addisnet.et","actor_via_sso":false,"log_type":"token"}', '2026-05-10 20:03:01.06934+00', ''),
	('00000000-0000-0000-0000-000000000000', 'b1bd6b2e-d357-4656-ac22-4683f36c44b3', '{"action":"token_refreshed","actor_id":"adfe3895-e3f6-4dc0-8a99-1282de8d2416","actor_username":"m2padha+miczawnrt60p0ejaciqfyqvrz9t2v6bj9be=@addisnet.et","actor_via_sso":false,"log_type":"token"}', '2026-05-10 21:01:08.002705+00', ''),
	('00000000-0000-0000-0000-000000000000', 'bb3cde37-4455-4e49-893b-133e8cb51f07', '{"action":"token_revoked","actor_id":"adfe3895-e3f6-4dc0-8a99-1282de8d2416","actor_username":"m2padha+miczawnrt60p0ejaciqfyqvrz9t2v6bj9be=@addisnet.et","actor_via_sso":false,"log_type":"token"}', '2026-05-10 21:01:08.005476+00', ''),
	('00000000-0000-0000-0000-000000000000', 'c0737df7-60d1-49bf-b554-c9247b7f0602', '{"action":"token_refreshed","actor_id":"adfe3895-e3f6-4dc0-8a99-1282de8d2416","actor_username":"m2padha+miczawnrt60p0ejaciqfyqvrz9t2v6bj9be=@addisnet.et","actor_via_sso":false,"log_type":"token"}', '2026-05-10 21:59:19.718975+00', ''),
	('00000000-0000-0000-0000-000000000000', '95fe6a65-158c-47b9-bea4-8a2ff3541b1b', '{"action":"token_revoked","actor_id":"adfe3895-e3f6-4dc0-8a99-1282de8d2416","actor_username":"m2padha+miczawnrt60p0ejaciqfyqvrz9t2v6bj9be=@addisnet.et","actor_via_sso":false,"log_type":"token"}', '2026-05-10 21:59:19.724033+00', ''),
	('00000000-0000-0000-0000-000000000000', '80a8c3cb-9b5d-4c02-8b91-709c93c35fb4', '{"action":"token_refreshed","actor_id":"adfe3895-e3f6-4dc0-8a99-1282de8d2416","actor_username":"m2padha+miczawnrt60p0ejaciqfyqvrz9t2v6bj9be=@addisnet.et","actor_via_sso":false,"log_type":"token"}', '2026-05-11 04:32:57.503354+00', ''),
	('00000000-0000-0000-0000-000000000000', '03f1bbb9-17d8-4968-8be4-cbbef90ad313', '{"action":"token_revoked","actor_id":"adfe3895-e3f6-4dc0-8a99-1282de8d2416","actor_username":"m2padha+miczawnrt60p0ejaciqfyqvrz9t2v6bj9be=@addisnet.et","actor_via_sso":false,"log_type":"token"}', '2026-05-11 04:32:57.521751+00', ''),
	('00000000-0000-0000-0000-000000000000', '4e7ac5a8-dfc4-4b92-a9d6-40063b43b00f', '{"action":"token_refreshed","actor_id":"adfe3895-e3f6-4dc0-8a99-1282de8d2416","actor_username":"m2padha+miczawnrt60p0ejaciqfyqvrz9t2v6bj9be=@addisnet.et","actor_via_sso":false,"log_type":"token"}', '2026-05-11 04:32:58.24297+00', ''),
	('00000000-0000-0000-0000-000000000000', '58038f64-7e0c-443f-a142-541178448474', '{"action":"token_refreshed","actor_id":"adfe3895-e3f6-4dc0-8a99-1282de8d2416","actor_username":"m2padha+miczawnrt60p0ejaciqfyqvrz9t2v6bj9be=@addisnet.et","actor_via_sso":false,"log_type":"token"}', '2026-05-11 05:51:38.165383+00', ''),
	('00000000-0000-0000-0000-000000000000', 'e8a1ca18-3ae4-43b7-9d65-55c77337bd05', '{"action":"token_revoked","actor_id":"adfe3895-e3f6-4dc0-8a99-1282de8d2416","actor_username":"m2padha+miczawnrt60p0ejaciqfyqvrz9t2v6bj9be=@addisnet.et","actor_via_sso":false,"log_type":"token"}', '2026-05-11 05:51:38.178091+00', ''),
	('00000000-0000-0000-0000-000000000000', '469853d9-fd03-4576-9a9b-cbeb210d0861', '{"action":"token_refreshed","actor_id":"adfe3895-e3f6-4dc0-8a99-1282de8d2416","actor_username":"m2padha+miczawnrt60p0ejaciqfyqvrz9t2v6bj9be=@addisnet.et","actor_via_sso":false,"log_type":"token"}', '2026-05-11 06:50:15.880214+00', ''),
	('00000000-0000-0000-0000-000000000000', '4e198fc8-18d6-45dd-a16b-be4c72dc67ac', '{"action":"token_revoked","actor_id":"adfe3895-e3f6-4dc0-8a99-1282de8d2416","actor_username":"m2padha+miczawnrt60p0ejaciqfyqvrz9t2v6bj9be=@addisnet.et","actor_via_sso":false,"log_type":"token"}', '2026-05-11 06:50:15.882119+00', ''),
	('00000000-0000-0000-0000-000000000000', 'd4311e48-a515-48e7-befc-2adbba1a8df9', '{"action":"token_refreshed","actor_id":"9eb8b33e-758a-455d-a05f-2e1ce99e3f9a","actor_username":"gsfn/8opqmsmacgrx/jy1m7riljiffszkg6l17szow0=@addisnet.et","actor_via_sso":false,"log_type":"token"}', '2026-05-11 06:56:52.472808+00', ''),
	('00000000-0000-0000-0000-000000000000', '355a660e-b868-4bde-9952-a362c2175623', '{"action":"token_revoked","actor_id":"9eb8b33e-758a-455d-a05f-2e1ce99e3f9a","actor_username":"gsfn/8opqmsmacgrx/jy1m7riljiffszkg6l17szow0=@addisnet.et","actor_via_sso":false,"log_type":"token"}', '2026-05-11 06:56:52.477448+00', ''),
	('00000000-0000-0000-0000-000000000000', 'b061e4d5-46e5-47bd-884f-901bb3473bcd', '{"action":"token_refreshed","actor_id":"9eb8b33e-758a-455d-a05f-2e1ce99e3f9a","actor_username":"gsfn/8opqmsmacgrx/jy1m7riljiffszkg6l17szow0=@addisnet.et","actor_via_sso":false,"log_type":"token"}', '2026-05-11 06:56:52.932734+00', ''),
	('00000000-0000-0000-0000-000000000000', 'cd84e2ee-b131-4d11-8ff2-53050dddd317', '{"action":"token_refreshed","actor_id":"adfe3895-e3f6-4dc0-8a99-1282de8d2416","actor_username":"m2padha+miczawnrt60p0ejaciqfyqvrz9t2v6bj9be=@addisnet.et","actor_via_sso":false,"log_type":"token"}', '2026-05-11 08:16:55.327876+00', ''),
	('00000000-0000-0000-0000-000000000000', '3f4c0d07-6d9e-4a28-b054-d3cf3748b493', '{"action":"token_revoked","actor_id":"adfe3895-e3f6-4dc0-8a99-1282de8d2416","actor_username":"m2padha+miczawnrt60p0ejaciqfyqvrz9t2v6bj9be=@addisnet.et","actor_via_sso":false,"log_type":"token"}', '2026-05-11 08:16:55.362588+00', ''),
	('00000000-0000-0000-0000-000000000000', 'e5af464b-1824-4a84-816c-c3f4bff6df6d', '{"action":"token_refreshed","actor_id":"adfe3895-e3f6-4dc0-8a99-1282de8d2416","actor_username":"m2padha+miczawnrt60p0ejaciqfyqvrz9t2v6bj9be=@addisnet.et","actor_via_sso":false,"log_type":"token"}', '2026-05-11 09:15:25.76476+00', ''),
	('00000000-0000-0000-0000-000000000000', '5d9a468d-bbf5-46c4-9598-383def128d88', '{"action":"token_revoked","actor_id":"adfe3895-e3f6-4dc0-8a99-1282de8d2416","actor_username":"m2padha+miczawnrt60p0ejaciqfyqvrz9t2v6bj9be=@addisnet.et","actor_via_sso":false,"log_type":"token"}', '2026-05-11 09:15:25.767739+00', ''),
	('00000000-0000-0000-0000-000000000000', '5139dc39-eb21-4177-b144-9e9c5b7e387c', '{"action":"token_refreshed","actor_id":"adfe3895-e3f6-4dc0-8a99-1282de8d2416","actor_username":"m2padha+miczawnrt60p0ejaciqfyqvrz9t2v6bj9be=@addisnet.et","actor_via_sso":false,"log_type":"token"}', '2026-05-11 09:15:27.25109+00', ''),
	('00000000-0000-0000-0000-000000000000', 'c1775b5f-28de-4611-9d07-ab4027205257', '{"action":"token_refreshed","actor_id":"adfe3895-e3f6-4dc0-8a99-1282de8d2416","actor_username":"m2padha+miczawnrt60p0ejaciqfyqvrz9t2v6bj9be=@addisnet.et","actor_via_sso":false,"log_type":"token"}', '2026-05-11 09:15:27.88648+00', ''),
	('00000000-0000-0000-0000-000000000000', 'b5668980-193a-40ae-a0bc-55764739842c', '{"action":"token_refreshed","actor_id":"adfe3895-e3f6-4dc0-8a99-1282de8d2416","actor_username":"m2padha+miczawnrt60p0ejaciqfyqvrz9t2v6bj9be=@addisnet.et","actor_via_sso":false,"log_type":"token"}', '2026-05-11 09:15:28.711335+00', ''),
	('00000000-0000-0000-0000-000000000000', '684363f1-4d33-4876-8e5c-08cc094f5129', '{"action":"login","actor_id":"adfe3895-e3f6-4dc0-8a99-1282de8d2416","actor_username":"m2padha+miczawnrt60p0ejaciqfyqvrz9t2v6bj9be=@addisnet.et","actor_via_sso":false,"log_type":"account","traits":{"provider":"email"}}', '2026-05-11 09:52:41.928505+00', ''),
	('00000000-0000-0000-0000-000000000000', '77809a6a-14e5-4531-8516-024438b3ab24', '{"action":"token_refreshed","actor_id":"adfe3895-e3f6-4dc0-8a99-1282de8d2416","actor_username":"m2padha+miczawnrt60p0ejaciqfyqvrz9t2v6bj9be=@addisnet.et","actor_via_sso":false,"log_type":"token"}', '2026-05-11 10:51:17.95117+00', ''),
	('00000000-0000-0000-0000-000000000000', '09704c5f-d1dd-443d-b82f-6c01101107c5', '{"action":"token_revoked","actor_id":"adfe3895-e3f6-4dc0-8a99-1282de8d2416","actor_username":"m2padha+miczawnrt60p0ejaciqfyqvrz9t2v6bj9be=@addisnet.et","actor_via_sso":false,"log_type":"token"}', '2026-05-11 10:51:17.95355+00', ''),
	('00000000-0000-0000-0000-000000000000', '1ba55a85-9376-480c-ad82-43181f59890e', '{"action":"token_refreshed","actor_id":"9eb8b33e-758a-455d-a05f-2e1ce99e3f9a","actor_username":"gsfn/8opqmsmacgrx/jy1m7riljiffszkg6l17szow0=@addisnet.et","actor_via_sso":false,"log_type":"token"}', '2026-05-11 11:43:13.548925+00', ''),
	('00000000-0000-0000-0000-000000000000', 'd12b97a7-44e6-42c8-9185-69b116930002', '{"action":"token_revoked","actor_id":"9eb8b33e-758a-455d-a05f-2e1ce99e3f9a","actor_username":"gsfn/8opqmsmacgrx/jy1m7riljiffszkg6l17szow0=@addisnet.et","actor_via_sso":false,"log_type":"token"}', '2026-05-11 11:43:13.556563+00', ''),
	('00000000-0000-0000-0000-000000000000', '3cd82d73-5446-43d9-9215-529ebe5345b1', '{"action":"token_refreshed","actor_id":"9eb8b33e-758a-455d-a05f-2e1ce99e3f9a","actor_username":"gsfn/8opqmsmacgrx/jy1m7riljiffszkg6l17szow0=@addisnet.et","actor_via_sso":false,"log_type":"token"}', '2026-05-11 11:43:14.048172+00', ''),
	('00000000-0000-0000-0000-000000000000', 'aacbdbfb-5127-4c30-8a9d-4dd832372fd0', '{"action":"token_refreshed","actor_id":"497ee39d-3f56-4cb3-bd12-a2bfa6bb30a4","actor_username":"npcel+kod8dnr+5rikspykwv4b3fi14zr0f+teom3rw=@addisnet.et","actor_via_sso":false,"log_type":"token"}', '2026-05-11 11:45:31.046298+00', ''),
	('00000000-0000-0000-0000-000000000000', '4e0cce03-b879-4601-bc09-de962cf786ba', '{"action":"token_revoked","actor_id":"497ee39d-3f56-4cb3-bd12-a2bfa6bb30a4","actor_username":"npcel+kod8dnr+5rikspykwv4b3fi14zr0f+teom3rw=@addisnet.et","actor_via_sso":false,"log_type":"token"}', '2026-05-11 11:45:31.051175+00', ''),
	('00000000-0000-0000-0000-000000000000', 'c0d20047-661f-4bb9-9a86-2214c34066fe', '{"action":"token_refreshed","actor_id":"497ee39d-3f56-4cb3-bd12-a2bfa6bb30a4","actor_username":"npcel+kod8dnr+5rikspykwv4b3fi14zr0f+teom3rw=@addisnet.et","actor_via_sso":false,"log_type":"token"}', '2026-05-11 11:45:31.502022+00', ''),
	('00000000-0000-0000-0000-000000000000', '296c4495-9e16-474d-9d06-e9320a2991dc', '{"action":"token_refreshed","actor_id":"adfe3895-e3f6-4dc0-8a99-1282de8d2416","actor_username":"m2padha+miczawnrt60p0ejaciqfyqvrz9t2v6bj9be=@addisnet.et","actor_via_sso":false,"log_type":"token"}', '2026-05-11 11:49:41.521771+00', ''),
	('00000000-0000-0000-0000-000000000000', '36a95230-3e14-4657-9e12-49096d166271', '{"action":"token_revoked","actor_id":"adfe3895-e3f6-4dc0-8a99-1282de8d2416","actor_username":"m2padha+miczawnrt60p0ejaciqfyqvrz9t2v6bj9be=@addisnet.et","actor_via_sso":false,"log_type":"token"}', '2026-05-11 11:49:41.527404+00', ''),
	('00000000-0000-0000-0000-000000000000', '492d195c-ae6b-4500-a735-a30d44485897', '{"action":"logout","actor_id":"497ee39d-3f56-4cb3-bd12-a2bfa6bb30a4","actor_username":"npcel+kod8dnr+5rikspykwv4b3fi14zr0f+teom3rw=@addisnet.et","actor_via_sso":false,"log_type":"account"}', '2026-05-11 11:49:51.40534+00', ''),
	('00000000-0000-0000-0000-000000000000', 'b37fea31-3cc4-4b8c-97a1-2c7bda7636d7', '{"action":"login","actor_id":"a467f7a7-dd7d-48df-a0ab-049859644453","actor_username":"n+ya2sl9xrko7jpdx0em9ltboup4rbhklkj4zwbuhu4=@addisnet.et","actor_via_sso":false,"log_type":"account","traits":{"provider":"email"}}', '2026-05-11 11:50:38.3377+00', ''),
	('00000000-0000-0000-0000-000000000000', 'f1ba5e47-e49f-41a9-9021-e16cf13297d9', '{"action":"token_refreshed","actor_id":"adfe3895-e3f6-4dc0-8a99-1282de8d2416","actor_username":"m2padha+miczawnrt60p0ejaciqfyqvrz9t2v6bj9be=@addisnet.et","actor_via_sso":false,"log_type":"token"}', '2026-05-11 17:37:09.95595+00', ''),
	('00000000-0000-0000-0000-000000000000', 'd6f54af6-df91-4b77-83ab-4974b1d6ee38', '{"action":"token_revoked","actor_id":"adfe3895-e3f6-4dc0-8a99-1282de8d2416","actor_username":"m2padha+miczawnrt60p0ejaciqfyqvrz9t2v6bj9be=@addisnet.et","actor_via_sso":false,"log_type":"token"}', '2026-05-11 17:37:09.973256+00', ''),
	('00000000-0000-0000-0000-000000000000', 'd1f33d63-edaa-482b-8f70-e7f87e1c4a3b', '{"action":"token_refreshed","actor_id":"adfe3895-e3f6-4dc0-8a99-1282de8d2416","actor_username":"m2padha+miczawnrt60p0ejaciqfyqvrz9t2v6bj9be=@addisnet.et","actor_via_sso":false,"log_type":"token"}', '2026-05-11 17:37:10.225396+00', ''),
	('00000000-0000-0000-0000-000000000000', '1a53ae99-7b0d-4b2f-9aa8-8e1918c97f72', '{"action":"token_refreshed","actor_id":"adfe3895-e3f6-4dc0-8a99-1282de8d2416","actor_username":"m2padha+miczawnrt60p0ejaciqfyqvrz9t2v6bj9be=@addisnet.et","actor_via_sso":false,"log_type":"token"}', '2026-05-11 18:35:48.34661+00', ''),
	('00000000-0000-0000-0000-000000000000', 'cb91d606-f139-41f9-8c07-b4bb7b3ca9c5', '{"action":"token_revoked","actor_id":"adfe3895-e3f6-4dc0-8a99-1282de8d2416","actor_username":"m2padha+miczawnrt60p0ejaciqfyqvrz9t2v6bj9be=@addisnet.et","actor_via_sso":false,"log_type":"token"}', '2026-05-11 18:35:48.348276+00', ''),
	('00000000-0000-0000-0000-000000000000', '57a113e8-9088-48ea-8006-76fe3622cdc2', '{"action":"token_refreshed","actor_id":"adfe3895-e3f6-4dc0-8a99-1282de8d2416","actor_username":"m2padha+miczawnrt60p0ejaciqfyqvrz9t2v6bj9be=@addisnet.et","actor_via_sso":false,"log_type":"token"}', '2026-05-11 19:33:49.674939+00', ''),
	('00000000-0000-0000-0000-000000000000', 'ab70ac3a-b00c-40ca-a43d-1ae1e758ab86', '{"action":"token_revoked","actor_id":"adfe3895-e3f6-4dc0-8a99-1282de8d2416","actor_username":"m2padha+miczawnrt60p0ejaciqfyqvrz9t2v6bj9be=@addisnet.et","actor_via_sso":false,"log_type":"token"}', '2026-05-11 19:33:49.678982+00', ''),
	('00000000-0000-0000-0000-000000000000', '1240cda5-318c-4f33-ac95-f92d41a609b2', '{"action":"token_refreshed","actor_id":"adfe3895-e3f6-4dc0-8a99-1282de8d2416","actor_username":"m2padha+miczawnrt60p0ejaciqfyqvrz9t2v6bj9be=@addisnet.et","actor_via_sso":false,"log_type":"token"}', '2026-05-11 20:32:26.400719+00', ''),
	('00000000-0000-0000-0000-000000000000', 'd96e61d5-a270-4453-9115-0fac8cc2fe67', '{"action":"token_revoked","actor_id":"adfe3895-e3f6-4dc0-8a99-1282de8d2416","actor_username":"m2padha+miczawnrt60p0ejaciqfyqvrz9t2v6bj9be=@addisnet.et","actor_via_sso":false,"log_type":"token"}', '2026-05-11 20:32:26.402427+00', ''),
	('00000000-0000-0000-0000-000000000000', '523e5f91-ad76-48d4-8dc2-db9e8d1e9623', '{"action":"token_refreshed","actor_id":"adfe3895-e3f6-4dc0-8a99-1282de8d2416","actor_username":"m2padha+miczawnrt60p0ejaciqfyqvrz9t2v6bj9be=@addisnet.et","actor_via_sso":false,"log_type":"token"}', '2026-05-12 02:49:10.921625+00', ''),
	('00000000-0000-0000-0000-000000000000', 'ab21ed81-1c5d-4306-8abb-26f6705f0da6', '{"action":"token_revoked","actor_id":"adfe3895-e3f6-4dc0-8a99-1282de8d2416","actor_username":"m2padha+miczawnrt60p0ejaciqfyqvrz9t2v6bj9be=@addisnet.et","actor_via_sso":false,"log_type":"token"}', '2026-05-12 02:49:10.952656+00', ''),
	('00000000-0000-0000-0000-000000000000', '9d11e639-8e06-403a-8ecf-1b0c62ab12eb', '{"action":"token_refreshed","actor_id":"adfe3895-e3f6-4dc0-8a99-1282de8d2416","actor_username":"m2padha+miczawnrt60p0ejaciqfyqvrz9t2v6bj9be=@addisnet.et","actor_via_sso":false,"log_type":"token"}', '2026-05-12 02:49:12.218582+00', ''),
	('00000000-0000-0000-0000-000000000000', '34911cc7-5218-48e4-a35f-0c7d03e0ab02', '{"action":"token_refreshed","actor_id":"adfe3895-e3f6-4dc0-8a99-1282de8d2416","actor_username":"m2padha+miczawnrt60p0ejaciqfyqvrz9t2v6bj9be=@addisnet.et","actor_via_sso":false,"log_type":"token"}', '2026-05-12 03:47:57.844892+00', ''),
	('00000000-0000-0000-0000-000000000000', '050596f5-4882-4644-9487-f761f617a652', '{"action":"token_revoked","actor_id":"adfe3895-e3f6-4dc0-8a99-1282de8d2416","actor_username":"m2padha+miczawnrt60p0ejaciqfyqvrz9t2v6bj9be=@addisnet.et","actor_via_sso":false,"log_type":"token"}', '2026-05-12 03:47:57.847028+00', ''),
	('00000000-0000-0000-0000-000000000000', '0dd209b3-e36c-41e4-bdfa-f8a0125ce6f2', '{"action":"token_refreshed","actor_id":"adfe3895-e3f6-4dc0-8a99-1282de8d2416","actor_username":"m2padha+miczawnrt60p0ejaciqfyqvrz9t2v6bj9be=@addisnet.et","actor_via_sso":false,"log_type":"token"}', '2026-05-12 04:46:31.213797+00', ''),
	('00000000-0000-0000-0000-000000000000', 'afba844a-8b0a-4b1c-bb0a-2c1f770be609', '{"action":"token_revoked","actor_id":"adfe3895-e3f6-4dc0-8a99-1282de8d2416","actor_username":"m2padha+miczawnrt60p0ejaciqfyqvrz9t2v6bj9be=@addisnet.et","actor_via_sso":false,"log_type":"token"}', '2026-05-12 04:46:31.217022+00', ''),
	('00000000-0000-0000-0000-000000000000', '2e893daf-1f71-4aa4-b179-bc3f281e77b9', '{"action":"token_refreshed","actor_id":"adfe3895-e3f6-4dc0-8a99-1282de8d2416","actor_username":"m2padha+miczawnrt60p0ejaciqfyqvrz9t2v6bj9be=@addisnet.et","actor_via_sso":false,"log_type":"token"}', '2026-05-12 06:13:18.5453+00', ''),
	('00000000-0000-0000-0000-000000000000', 'fdf24533-7616-42a6-8dac-ebb1fcdfc4b8', '{"action":"token_revoked","actor_id":"adfe3895-e3f6-4dc0-8a99-1282de8d2416","actor_username":"m2padha+miczawnrt60p0ejaciqfyqvrz9t2v6bj9be=@addisnet.et","actor_via_sso":false,"log_type":"token"}', '2026-05-12 06:13:18.547015+00', ''),
	('00000000-0000-0000-0000-000000000000', '8786e4ca-9527-4c76-8fcd-660c6e6ebde5', '{"action":"token_refreshed","actor_id":"adfe3895-e3f6-4dc0-8a99-1282de8d2416","actor_username":"m2padha+miczawnrt60p0ejaciqfyqvrz9t2v6bj9be=@addisnet.et","actor_via_sso":false,"log_type":"token"}', '2026-05-12 07:12:08.674929+00', ''),
	('00000000-0000-0000-0000-000000000000', '408fda90-ed9f-42f7-8061-ebac5212be24', '{"action":"token_revoked","actor_id":"adfe3895-e3f6-4dc0-8a99-1282de8d2416","actor_username":"m2padha+miczawnrt60p0ejaciqfyqvrz9t2v6bj9be=@addisnet.et","actor_via_sso":false,"log_type":"token"}', '2026-05-12 07:12:08.680824+00', ''),
	('00000000-0000-0000-0000-000000000000', '496979ae-870e-4a85-9039-f8d9f787173a', '{"action":"token_refreshed","actor_id":"a467f7a7-dd7d-48df-a0ab-049859644453","actor_username":"n+ya2sl9xrko7jpdx0em9ltboup4rbhklkj4zwbuhu4=@addisnet.et","actor_via_sso":false,"log_type":"token"}', '2026-05-12 07:47:33.814693+00', ''),
	('00000000-0000-0000-0000-000000000000', 'e2561ecf-5860-49e0-b269-9803c9ff84ed', '{"action":"token_revoked","actor_id":"a467f7a7-dd7d-48df-a0ab-049859644453","actor_username":"n+ya2sl9xrko7jpdx0em9ltboup4rbhklkj4zwbuhu4=@addisnet.et","actor_via_sso":false,"log_type":"token"}', '2026-05-12 07:47:33.817431+00', ''),
	('00000000-0000-0000-0000-000000000000', 'e8801ba2-1574-4c61-97cf-26a287b79448', '{"action":"token_refreshed","actor_id":"a467f7a7-dd7d-48df-a0ab-049859644453","actor_username":"n+ya2sl9xrko7jpdx0em9ltboup4rbhklkj4zwbuhu4=@addisnet.et","actor_via_sso":false,"log_type":"token"}', '2026-05-12 07:47:34.043485+00', ''),
	('00000000-0000-0000-0000-000000000000', 'ce457fa3-1077-4b02-803f-13632a1ac5f9', '{"action":"token_refreshed","actor_id":"adfe3895-e3f6-4dc0-8a99-1282de8d2416","actor_username":"m2padha+miczawnrt60p0ejaciqfyqvrz9t2v6bj9be=@addisnet.et","actor_via_sso":false,"log_type":"token"}', '2026-05-12 08:10:40.756655+00', ''),
	('00000000-0000-0000-0000-000000000000', 'fa654378-9079-4cdf-ae23-8730ce88ba3b', '{"action":"token_revoked","actor_id":"adfe3895-e3f6-4dc0-8a99-1282de8d2416","actor_username":"m2padha+miczawnrt60p0ejaciqfyqvrz9t2v6bj9be=@addisnet.et","actor_via_sso":false,"log_type":"token"}', '2026-05-12 08:10:40.762272+00', ''),
	('00000000-0000-0000-0000-000000000000', '48ffd118-32da-4bbf-bba1-99046d9edfb2', '{"action":"token_refreshed","actor_id":"adfe3895-e3f6-4dc0-8a99-1282de8d2416","actor_username":"m2padha+miczawnrt60p0ejaciqfyqvrz9t2v6bj9be=@addisnet.et","actor_via_sso":false,"log_type":"token"}', '2026-05-12 09:10:49.784774+00', ''),
	('00000000-0000-0000-0000-000000000000', '33770970-20ee-404d-8630-7a474b75e268', '{"action":"token_revoked","actor_id":"adfe3895-e3f6-4dc0-8a99-1282de8d2416","actor_username":"m2padha+miczawnrt60p0ejaciqfyqvrz9t2v6bj9be=@addisnet.et","actor_via_sso":false,"log_type":"token"}', '2026-05-12 09:10:49.785997+00', ''),
	('00000000-0000-0000-0000-000000000000', '6b65afcb-f9b2-4d60-8725-f621236965de', '{"action":"token_refreshed","actor_id":"adfe3895-e3f6-4dc0-8a99-1282de8d2416","actor_username":"m2padha+miczawnrt60p0ejaciqfyqvrz9t2v6bj9be=@addisnet.et","actor_via_sso":false,"log_type":"token"}', '2026-05-12 10:14:59.836879+00', ''),
	('00000000-0000-0000-0000-000000000000', '9c806d12-bacf-4789-9553-eac6295d6ec8', '{"action":"token_revoked","actor_id":"adfe3895-e3f6-4dc0-8a99-1282de8d2416","actor_username":"m2padha+miczawnrt60p0ejaciqfyqvrz9t2v6bj9be=@addisnet.et","actor_via_sso":false,"log_type":"token"}', '2026-05-12 10:14:59.837986+00', ''),
	('00000000-0000-0000-0000-000000000000', 'bc7cab59-1357-4ed5-a9c0-b31279a2b3aa', '{"action":"token_refreshed","actor_id":"adfe3895-e3f6-4dc0-8a99-1282de8d2416","actor_username":"m2padha+miczawnrt60p0ejaciqfyqvrz9t2v6bj9be=@addisnet.et","actor_via_sso":false,"log_type":"token"}', '2026-05-12 10:14:59.981194+00', ''),
	('00000000-0000-0000-0000-000000000000', '004fed9c-e46c-4a7a-b40b-cc01c3708066', '{"action":"token_refreshed","actor_id":"adfe3895-e3f6-4dc0-8a99-1282de8d2416","actor_username":"m2padha+miczawnrt60p0ejaciqfyqvrz9t2v6bj9be=@addisnet.et","actor_via_sso":false,"log_type":"token"}', '2026-05-12 11:13:28.298935+00', ''),
	('00000000-0000-0000-0000-000000000000', '8376e368-0f3d-4cc7-9793-3233e81cb5dc', '{"action":"token_revoked","actor_id":"adfe3895-e3f6-4dc0-8a99-1282de8d2416","actor_username":"m2padha+miczawnrt60p0ejaciqfyqvrz9t2v6bj9be=@addisnet.et","actor_via_sso":false,"log_type":"token"}', '2026-05-12 11:13:28.304996+00', ''),
	('00000000-0000-0000-0000-000000000000', '1d6506b0-b657-4089-813f-6597b497f9f6', '{"action":"logout","actor_id":"adfe3895-e3f6-4dc0-8a99-1282de8d2416","actor_username":"m2padha+miczawnrt60p0ejaciqfyqvrz9t2v6bj9be=@addisnet.et","actor_via_sso":false,"log_type":"account"}', '2026-05-12 11:15:13.611819+00', ''),
	('00000000-0000-0000-0000-000000000000', '572a040a-81a8-4436-ab5d-144da4593b52', '{"action":"login","actor_id":"a467f7a7-dd7d-48df-a0ab-049859644453","actor_username":"n+ya2sl9xrko7jpdx0em9ltboup4rbhklkj4zwbuhu4=@addisnet.et","actor_via_sso":false,"log_type":"account","traits":{"provider":"email"}}', '2026-05-12 11:25:51.132037+00', ''),
	('00000000-0000-0000-0000-000000000000', '404cb6b2-45ca-4b7a-b337-0e0ffadbbee8', '{"action":"token_refreshed","actor_id":"a467f7a7-dd7d-48df-a0ab-049859644453","actor_username":"n+ya2sl9xrko7jpdx0em9ltboup4rbhklkj4zwbuhu4=@addisnet.et","actor_via_sso":false,"log_type":"token"}', '2026-05-12 11:30:39.879379+00', ''),
	('00000000-0000-0000-0000-000000000000', 'c2e2c786-f3ab-424c-8f6c-2c61e89a628d', '{"action":"token_revoked","actor_id":"a467f7a7-dd7d-48df-a0ab-049859644453","actor_username":"n+ya2sl9xrko7jpdx0em9ltboup4rbhklkj4zwbuhu4=@addisnet.et","actor_via_sso":false,"log_type":"token"}', '2026-05-12 11:30:39.884649+00', ''),
	('00000000-0000-0000-0000-000000000000', '5580cd43-344b-4529-ba14-9cf7d184edad', '{"action":"logout","actor_id":"a467f7a7-dd7d-48df-a0ab-049859644453","actor_username":"n+ya2sl9xrko7jpdx0em9ltboup4rbhklkj4zwbuhu4=@addisnet.et","actor_via_sso":false,"log_type":"account"}', '2026-05-12 11:30:48.801489+00', ''),
	('00000000-0000-0000-0000-000000000000', '8bab630c-92a8-43e5-a82d-005d290ee307', '{"action":"login","actor_id":"a467f7a7-dd7d-48df-a0ab-049859644453","actor_username":"n+ya2sl9xrko7jpdx0em9ltboup4rbhklkj4zwbuhu4=@addisnet.et","actor_via_sso":false,"log_type":"account","traits":{"provider":"email"}}', '2026-05-12 11:32:15.100589+00', ''),
	('00000000-0000-0000-0000-000000000000', 'f1ba8012-f3b8-4e05-be2b-2b42e808afb5', '{"action":"logout","actor_id":"a467f7a7-dd7d-48df-a0ab-049859644453","actor_username":"n+ya2sl9xrko7jpdx0em9ltboup4rbhklkj4zwbuhu4=@addisnet.et","actor_via_sso":false,"log_type":"account"}', '2026-05-12 11:34:58.552504+00', ''),
	('00000000-0000-0000-0000-000000000000', '6155bdae-8fd7-4e72-8bbc-f438ba5ee012', '{"action":"login","actor_id":"a467f7a7-dd7d-48df-a0ab-049859644453","actor_username":"n+ya2sl9xrko7jpdx0em9ltboup4rbhklkj4zwbuhu4=@addisnet.et","actor_via_sso":false,"log_type":"account","traits":{"provider":"email"}}', '2026-05-12 11:41:19.954064+00', '');


--
-- Data for Name: custom_oauth_providers; Type: TABLE DATA; Schema: auth; Owner: supabase_auth_admin
--



--
-- Data for Name: flow_state; Type: TABLE DATA; Schema: auth; Owner: supabase_auth_admin
--



--
-- Data for Name: users; Type: TABLE DATA; Schema: auth; Owner: supabase_auth_admin
--

INSERT INTO "auth"."users" ("instance_id", "id", "aud", "role", "email", "encrypted_password", "email_confirmed_at", "invited_at", "confirmation_token", "confirmation_sent_at", "recovery_token", "recovery_sent_at", "email_change_token_new", "email_change", "email_change_sent_at", "last_sign_in_at", "raw_app_meta_data", "raw_user_meta_data", "is_super_admin", "created_at", "updated_at", "phone", "phone_confirmed_at", "phone_change", "phone_change_token", "phone_change_sent_at", "email_change_token_current", "email_change_confirm_status", "banned_until", "reauthentication_token", "reauthentication_sent_at", "is_sso_user", "deleted_at", "is_anonymous") VALUES
	('00000000-0000-0000-0000-000000000000', '4af75e2d-8651-47aa-b84e-c8d58d025da2', 'authenticated', 'authenticated', 'u8iz8fjaxrdexopo06vbm9wxb8gk3dd0dulsv+4qqk8=@addisnet.et', '$2a$10$pxKODYu37Yap7kf82.RHeOk6RJRvBlg0HM5OZSPHD/fMMEzllpb3i', '2026-05-10 08:25:38.585715+00', NULL, '', NULL, '', NULL, '', '', NULL, '2026-05-10 08:25:38.738929+00', '{"provider": "email", "providers": ["email"]}', '{"email_verified": true}', NULL, '2026-05-10 08:25:38.577598+00', '2026-05-10 08:25:38.742436+00', NULL, NULL, '', '', NULL, '', 0, NULL, '', NULL, false, NULL, false),
	('00000000-0000-0000-0000-000000000000', 'a44403ab-df0c-4310-aae2-cb3281ae970b', 'authenticated', 'authenticated', 'lblpu6pkpev5n43u1/nigoo4lmef4h4egs1oqrndhxm=@addisnet.et', '$2a$10$GICVal4l0sCyuKMsHBAt1.iz.LDLpxihjq6uILDZIasHZ7dptdyE2', '2026-05-10 08:28:25.080563+00', NULL, '', NULL, '', NULL, '', '', NULL, '2026-05-10 08:28:25.228221+00', '{"provider": "email", "providers": ["email"]}', '{"email_verified": true}', NULL, '2026-05-10 08:28:25.075165+00', '2026-05-10 08:28:25.236985+00', NULL, NULL, '', '', NULL, '', 0, NULL, '', NULL, false, NULL, false),
	('00000000-0000-0000-0000-000000000000', '1e2187a3-b0c2-4064-a176-be1f47daa9a6', 'authenticated', 'authenticated', 'k+hnqqwidsw+q6ppdd11fbaqinyx15asf233xjpbv28=@addisnet.et', '$2a$10$Az500.7RBHZ76rUJ15fnzeJ5Om9peAOU8hG4983eHXqiOjG/u1hea', '2026-05-10 08:26:25.815472+00', NULL, '', NULL, '', NULL, '', '', NULL, '2026-05-10 08:26:25.96466+00', '{"provider": "email", "providers": ["email"]}', '{"email_verified": true}', NULL, '2026-05-10 08:26:25.809218+00', '2026-05-10 08:26:25.96814+00', NULL, NULL, '', '', NULL, '', 0, NULL, '', NULL, false, NULL, false),
	('00000000-0000-0000-0000-000000000000', '497ee39d-3f56-4cb3-bd12-a2bfa6bb30a4', 'authenticated', 'authenticated', 'npcel+kod8dnr+5rikspykwv4b3fi14zr0f+teom3rw=@addisnet.et', '$2a$10$aEdhnOkVy3vRH1hn6mseO.aJQTugdVEQ.lOIrmSn12/AP4kTrAgB.', '2026-05-10 08:30:00.871863+00', NULL, '', NULL, '', NULL, '', '', NULL, '2026-05-10 08:30:01.02544+00', '{"provider": "email", "providers": ["email"]}', '{"email_verified": true}', NULL, '2026-05-10 08:30:00.866751+00', '2026-05-11 11:45:31.05849+00', NULL, NULL, '', '', NULL, '', 0, NULL, '', NULL, false, NULL, false),
	('00000000-0000-0000-0000-000000000000', 'a467f7a7-dd7d-48df-a0ab-049859644453', 'authenticated', 'authenticated', 'n+ya2sl9xrko7jpdx0em9ltboup4rbhklkj4zwbuhu4=@addisnet.et', '$2a$10$B/WrKAf/ZJQ8zR2ghiPeV.Ab8GykNNttPnaeI9VA1hnipVJO5GCeW', '2026-05-03 12:49:30.690944+00', NULL, '', NULL, '', NULL, '', '', NULL, '2026-05-12 11:41:19.956465+00', '{"provider": "email", "providers": ["email"]}', '{"email_verified": true}', NULL, '2026-05-03 12:49:26.227955+00', '2026-05-12 11:41:19.963055+00', NULL, NULL, '', '', NULL, '', 0, NULL, '', NULL, false, NULL, false),
	('00000000-0000-0000-0000-000000000000', 'ce445e4c-2458-498d-9a28-72f840b6e7b6', 'authenticated', 'authenticated', 'np3qpdeuxccph7lwqjetcbsz9c5jio8f8gztrbibrgo=@addisnet.et', '$2a$10$EZZOS9uw9nGUMZMtz0dHm.Hknq13t.fTg2.7W4SdRDvTVw1S8sIkC', '2026-05-10 08:27:44.392684+00', NULL, '', NULL, '', NULL, '', '', NULL, '2026-05-10 08:27:44.529645+00', '{"provider": "email", "providers": ["email"]}', '{"email_verified": true}', NULL, '2026-05-10 08:27:44.384485+00', '2026-05-10 08:27:44.532139+00', NULL, NULL, '', '', NULL, '', 0, NULL, '', NULL, false, NULL, false),
	('00000000-0000-0000-0000-000000000000', 'f761e74e-c058-4d0d-a24a-0d976e3cc297', 'authenticated', 'authenticated', '/n99m+472cahxhrwop/frastqf9icjlx6vmcqijwogm=@addisnet.et', '$2a$10$GVj/MElHND5SoHBBqfDukuy2LA19gkmfaItnPZ393dGwZ2bbT5xZ.', '2026-05-10 08:25:14.76153+00', NULL, '', NULL, '', NULL, '', '', NULL, '2026-05-10 08:25:14.919449+00', '{"provider": "email", "providers": ["email"]}', '{"email_verified": true}', NULL, '2026-05-10 08:25:14.752141+00', '2026-05-10 08:25:14.922812+00', NULL, NULL, '', '', NULL, '', 0, NULL, '', NULL, false, NULL, false),
	('00000000-0000-0000-0000-000000000000', '49d684ae-4bf1-4690-ba5b-4e1a94fd84da', 'authenticated', 'authenticated', 'matsqc59rxotqjto4zoi1k8hurdn0aswhadiar3jlk4=@addisnet.et', '$2a$10$6hiWPWh0m2vIVS4BK25RReaY8h.HsI.4XmahKQozeSDYlbYeY1xGe', '2026-05-10 08:26:56.768513+00', NULL, '', NULL, '', NULL, '', '', NULL, '2026-05-10 08:26:57.028561+00', '{"provider": "email", "providers": ["email"]}', '{"email_verified": true}', NULL, '2026-05-10 08:26:56.76279+00', '2026-05-10 08:26:57.031863+00', NULL, NULL, '', '', NULL, '', 0, NULL, '', NULL, false, NULL, false),
	('00000000-0000-0000-0000-000000000000', '83f6ad28-424a-4849-9a79-369d14c9ca5b', 'authenticated', 'authenticated', 'bz1zdlh66lmredziaeosmaxlj1y3ykzhrobxaxkzaus=@addisnet.et', '$2a$10$Bb2zt9JETlcxY5KL95d5N.Q/LwrmxyaF90bNTg2GqUQHrQGOvmMcC', '2026-05-10 08:29:45.533284+00', NULL, '', NULL, '', NULL, '', '', NULL, '2026-05-10 08:29:45.700338+00', '{"provider": "email", "providers": ["email"]}', '{"email_verified": true}', NULL, '2026-05-10 08:29:45.528186+00', '2026-05-10 08:29:45.905731+00', NULL, NULL, '', '', NULL, '', 0, NULL, '', NULL, false, NULL, false),
	('00000000-0000-0000-0000-000000000000', 'd56fb5aa-6ea6-4710-b83f-3f7fe0302f6f', 'authenticated', 'authenticated', 'qv4tt57e5bsyhw6jwpi/fczwmzpuvapscpvvrmvpxhu=@addisnet.et', '$2a$10$gl4Q2PQT4.uoZWTFREFA9Oq7a1zaDmHBSnfCfMXJqsBr09a2IAUTq', '2026-05-10 08:28:04.357312+00', NULL, '', NULL, '', NULL, '', '', NULL, '2026-05-10 08:28:04.511682+00', '{"provider": "email", "providers": ["email"]}', '{"email_verified": true}', NULL, '2026-05-10 08:28:04.350846+00', '2026-05-10 08:28:04.515646+00', NULL, NULL, '', '', NULL, '', 0, NULL, '', NULL, false, NULL, false),
	('00000000-0000-0000-0000-000000000000', 'cb495c1d-b78f-488a-80b2-49cd2648c1e0', 'authenticated', 'authenticated', 'i4ikdkjs8g8+avyusti8k6rnquacuvenyv4k+goydck=@addisnet.et', '$2a$10$rRfCSeTWcXE3.SVMRh7E6OBZ/qzV1W3BNiBvmBW6dnpv6dJUO3KrK', '2026-05-10 08:27:27.847096+00', NULL, '', NULL, '', NULL, '', '', NULL, '2026-05-10 08:27:28.108801+00', '{"provider": "email", "providers": ["email"]}', '{"email_verified": true}', NULL, '2026-05-10 08:27:27.840955+00', '2026-05-10 08:27:28.112538+00', NULL, NULL, '', '', NULL, '', 0, NULL, '', NULL, false, NULL, false),
	('00000000-0000-0000-0000-000000000000', 'adfe3895-e3f6-4dc0-8a99-1282de8d2416', 'authenticated', 'authenticated', 'm2padha+miczawnrt60p0ejaciqfyqvrz9t2v6bj9be=@addisnet.et', '$2a$10$L2wf8huvBomLyeUOOkiS5OVKng04fFNmRPNciVtbMPccWxCXBTHti', '2026-05-03 13:01:40.926374+00', NULL, '', NULL, '', NULL, '', '', NULL, '2026-05-11 09:52:41.930395+00', '{"provider": "email", "providers": ["email"]}', '{"email_verified": true}', NULL, '2026-05-03 13:01:40.91719+00', '2026-05-12 11:13:28.320773+00', NULL, NULL, '', '', NULL, '', 0, NULL, '', NULL, false, NULL, false),
	('00000000-0000-0000-0000-000000000000', '92f59577-54f8-4ebd-a157-d785f5ef1257', 'authenticated', 'authenticated', 'bjb6mbsg7r40xijyvbipem8sww518w5ioxa1aqz4qkc=@addisnet.et', '$2a$10$wE8lbAV7viKUnrQ09xzogOrVxKVKmuSTD.tvEHiF/OtqF/gQbHwny', '2026-05-10 08:29:27.282606+00', NULL, '', NULL, '', NULL, '', '', NULL, '2026-05-10 08:29:27.418482+00', '{"provider": "email", "providers": ["email"]}', '{"email_verified": true}', NULL, '2026-05-10 08:29:27.278202+00', '2026-05-10 08:29:27.421628+00', NULL, NULL, '', '', NULL, '', 0, NULL, '', NULL, false, NULL, false),
	('00000000-0000-0000-0000-000000000000', '9eb8b33e-758a-455d-a05f-2e1ce99e3f9a', 'authenticated', 'authenticated', 'gsfn/8opqmsmacgrx/jy1m7riljiffszkg6l17szow0=@addisnet.et', '$2a$10$1EXo63KMM36dTN3UO4tMq.0i7jMkOPXaE33rYEdrKnrUr2/QalIre', '2026-05-05 12:51:21.333049+00', NULL, '', NULL, '', NULL, '', '', NULL, '2026-05-09 11:44:12.687585+00', '{"provider": "email", "providers": ["email"]}', '{"email_verified": true}', NULL, '2026-05-05 12:51:21.324656+00', '2026-05-11 11:43:13.576905+00', NULL, NULL, '', '', NULL, '', 0, NULL, '', NULL, false, NULL, false);


--
-- Data for Name: identities; Type: TABLE DATA; Schema: auth; Owner: supabase_auth_admin
--

INSERT INTO "auth"."identities" ("provider_id", "user_id", "identity_data", "provider", "last_sign_in_at", "created_at", "updated_at", "id") VALUES
	('a467f7a7-dd7d-48df-a0ab-049859644453', 'a467f7a7-dd7d-48df-a0ab-049859644453', '{"sub": "a467f7a7-dd7d-48df-a0ab-049859644453", "email": "n+ya2sl9xrko7jpdx0em9ltboup4rbhklkj4zwbuhu4=@addisnet.et", "email_verified": false, "phone_verified": false}', 'email', '2026-05-03 12:49:30.678857+00', '2026-05-03 12:49:30.678957+00', '2026-05-03 12:49:30.678957+00', '20a2c7f8-5b06-4770-a216-8216f61eeccd'),
	('adfe3895-e3f6-4dc0-8a99-1282de8d2416', 'adfe3895-e3f6-4dc0-8a99-1282de8d2416', '{"sub": "adfe3895-e3f6-4dc0-8a99-1282de8d2416", "email": "m2padha+miczawnrt60p0ejaciqfyqvrz9t2v6bj9be=@addisnet.et", "email_verified": false, "phone_verified": false}', 'email', '2026-05-03 13:01:40.920581+00', '2026-05-03 13:01:40.920669+00', '2026-05-03 13:01:40.920669+00', '46911fd5-4220-478e-9449-f2f3b99e0ee9'),
	('9eb8b33e-758a-455d-a05f-2e1ce99e3f9a', '9eb8b33e-758a-455d-a05f-2e1ce99e3f9a', '{"sub": "9eb8b33e-758a-455d-a05f-2e1ce99e3f9a", "email": "gsfn/8opqmsmacgrx/jy1m7riljiffszkg6l17szow0=@addisnet.et", "email_verified": false, "phone_verified": false}', 'email', '2026-05-05 12:51:21.329242+00', '2026-05-05 12:51:21.329296+00', '2026-05-05 12:51:21.329296+00', '0140bcd5-9d23-4c9f-9b4f-26770908f787'),
	('f761e74e-c058-4d0d-a24a-0d976e3cc297', 'f761e74e-c058-4d0d-a24a-0d976e3cc297', '{"sub": "f761e74e-c058-4d0d-a24a-0d976e3cc297", "email": "/n99m+472cahxhrwop/frastqf9icjlx6vmcqijwogm=@addisnet.et", "email_verified": false, "phone_verified": false}', 'email', '2026-05-10 08:25:14.758304+00', '2026-05-10 08:25:14.758344+00', '2026-05-10 08:25:14.758344+00', '6c4f3c4a-c72b-4c0b-9be7-15a417b1832c'),
	('4af75e2d-8651-47aa-b84e-c8d58d025da2', '4af75e2d-8651-47aa-b84e-c8d58d025da2', '{"sub": "4af75e2d-8651-47aa-b84e-c8d58d025da2", "email": "u8iz8fjaxrdexopo06vbm9wxb8gk3dd0dulsv+4qqk8=@addisnet.et", "email_verified": false, "phone_verified": false}', 'email', '2026-05-10 08:25:38.581202+00', '2026-05-10 08:25:38.58125+00', '2026-05-10 08:25:38.58125+00', 'b944335b-0d51-419a-9415-264d92475138'),
	('1e2187a3-b0c2-4064-a176-be1f47daa9a6', '1e2187a3-b0c2-4064-a176-be1f47daa9a6', '{"sub": "1e2187a3-b0c2-4064-a176-be1f47daa9a6", "email": "k+hnqqwidsw+q6ppdd11fbaqinyx15asf233xjpbv28=@addisnet.et", "email_verified": false, "phone_verified": false}', 'email', '2026-05-10 08:26:25.811306+00', '2026-05-10 08:26:25.811368+00', '2026-05-10 08:26:25.811368+00', 'e3e05a59-dffa-4e51-a36e-7c94cb85a740'),
	('49d684ae-4bf1-4690-ba5b-4e1a94fd84da', '49d684ae-4bf1-4690-ba5b-4e1a94fd84da', '{"sub": "49d684ae-4bf1-4690-ba5b-4e1a94fd84da", "email": "matsqc59rxotqjto4zoi1k8hurdn0aswhadiar3jlk4=@addisnet.et", "email_verified": false, "phone_verified": false}', 'email', '2026-05-10 08:26:56.764899+00', '2026-05-10 08:26:56.764972+00', '2026-05-10 08:26:56.764972+00', '563dcb3b-e846-4b51-8c76-63f52252dd3e'),
	('cb495c1d-b78f-488a-80b2-49cd2648c1e0', 'cb495c1d-b78f-488a-80b2-49cd2648c1e0', '{"sub": "cb495c1d-b78f-488a-80b2-49cd2648c1e0", "email": "i4ikdkjs8g8+avyusti8k6rnquacuvenyv4k+goydck=@addisnet.et", "email_verified": false, "phone_verified": false}', 'email', '2026-05-10 08:27:27.844256+00', '2026-05-10 08:27:27.844298+00', '2026-05-10 08:27:27.844298+00', '177b73be-1d77-4f8b-8173-d583b21f92cd'),
	('ce445e4c-2458-498d-9a28-72f840b6e7b6', 'ce445e4c-2458-498d-9a28-72f840b6e7b6', '{"sub": "ce445e4c-2458-498d-9a28-72f840b6e7b6", "email": "np3qpdeuxccph7lwqjetcbsz9c5jio8f8gztrbibrgo=@addisnet.et", "email_verified": false, "phone_verified": false}', 'email', '2026-05-10 08:27:44.386892+00', '2026-05-10 08:27:44.386933+00', '2026-05-10 08:27:44.386933+00', 'c358cd20-44a7-445b-8ef3-3bc49ffbd218'),
	('d56fb5aa-6ea6-4710-b83f-3f7fe0302f6f', 'd56fb5aa-6ea6-4710-b83f-3f7fe0302f6f', '{"sub": "d56fb5aa-6ea6-4710-b83f-3f7fe0302f6f", "email": "qv4tt57e5bsyhw6jwpi/fczwmzpuvapscpvvrmvpxhu=@addisnet.et", "email_verified": false, "phone_verified": false}', 'email', '2026-05-10 08:28:04.353666+00', '2026-05-10 08:28:04.353714+00', '2026-05-10 08:28:04.353714+00', 'dc8c2662-ca27-4b68-9453-6c0c0202ecaf'),
	('a44403ab-df0c-4310-aae2-cb3281ae970b', 'a44403ab-df0c-4310-aae2-cb3281ae970b', '{"sub": "a44403ab-df0c-4310-aae2-cb3281ae970b", "email": "lblpu6pkpev5n43u1/nigoo4lmef4h4egs1oqrndhxm=@addisnet.et", "email_verified": false, "phone_verified": false}', 'email', '2026-05-10 08:28:25.077225+00', '2026-05-10 08:28:25.07726+00', '2026-05-10 08:28:25.07726+00', '15d0692c-e7ea-43fb-b5ec-6f22ffb2138c'),
	('92f59577-54f8-4ebd-a157-d785f5ef1257', '92f59577-54f8-4ebd-a157-d785f5ef1257', '{"sub": "92f59577-54f8-4ebd-a157-d785f5ef1257", "email": "bjb6mbsg7r40xijyvbipem8sww518w5ioxa1aqz4qkc=@addisnet.et", "email_verified": false, "phone_verified": false}', 'email', '2026-05-10 08:29:27.280085+00', '2026-05-10 08:29:27.280118+00', '2026-05-10 08:29:27.280118+00', 'cfdd326c-5598-48d8-ae21-f5139b40ca54'),
	('83f6ad28-424a-4849-9a79-369d14c9ca5b', '83f6ad28-424a-4849-9a79-369d14c9ca5b', '{"sub": "83f6ad28-424a-4849-9a79-369d14c9ca5b", "email": "bz1zdlh66lmredziaeosmaxlj1y3ykzhrobxaxkzaus=@addisnet.et", "email_verified": false, "phone_verified": false}', 'email', '2026-05-10 08:29:45.530027+00', '2026-05-10 08:29:45.530076+00', '2026-05-10 08:29:45.530076+00', 'b4e837f6-58f3-4e2e-87c1-86f22a734266'),
	('497ee39d-3f56-4cb3-bd12-a2bfa6bb30a4', '497ee39d-3f56-4cb3-bd12-a2bfa6bb30a4', '{"sub": "497ee39d-3f56-4cb3-bd12-a2bfa6bb30a4", "email": "npcel+kod8dnr+5rikspykwv4b3fi14zr0f+teom3rw=@addisnet.et", "email_verified": false, "phone_verified": false}', 'email', '2026-05-10 08:30:00.868856+00', '2026-05-10 08:30:00.868899+00', '2026-05-10 08:30:00.868899+00', '749dc78d-b89f-4759-acd1-96292fd5e611');


--
-- Data for Name: instances; Type: TABLE DATA; Schema: auth; Owner: supabase_auth_admin
--



--
-- Data for Name: oauth_clients; Type: TABLE DATA; Schema: auth; Owner: supabase_auth_admin
--



--
-- Data for Name: sessions; Type: TABLE DATA; Schema: auth; Owner: supabase_auth_admin
--

INSERT INTO "auth"."sessions" ("id", "user_id", "created_at", "updated_at", "factor_id", "aal", "not_after", "refreshed_at", "user_agent", "ip", "tag", "oauth_client_id", "refresh_token_hmac_key", "refresh_token_counter", "scopes") VALUES
	('5e92f1d4-ef37-463f-aeeb-6e9f5a77f9bb', 'a467f7a7-dd7d-48df-a0ab-049859644453', '2026-05-12 11:41:19.956701+00', '2026-05-12 11:41:19.956701+00', NULL, 'aal1', NULL, NULL, 'Deno/2.1.4 (variant; SupabaseEdgeRuntime/1.73.13)', '172.19.0.13', NULL, NULL, NULL, NULL, NULL),
	('6230b23e-5f70-469f-b060-804d3fdcc97f', '9eb8b33e-758a-455d-a05f-2e1ce99e3f9a', '2026-05-09 11:44:12.687744+00', '2026-05-11 11:43:14.059953+00', NULL, 'aal1', NULL, '2026-05-11 11:43:14.05801', 'Mozilla/5.0 (X11; Linux x86_64) AppleWebKit/537.36 (KHTML, like Gecko) Chrome/147.0.0.0 Safari/537.36', '172.19.0.1', NULL, NULL, NULL, NULL, NULL);


--
-- Data for Name: mfa_amr_claims; Type: TABLE DATA; Schema: auth; Owner: supabase_auth_admin
--

INSERT INTO "auth"."mfa_amr_claims" ("session_id", "created_at", "updated_at", "authentication_method", "id") VALUES
	('6230b23e-5f70-469f-b060-804d3fdcc97f', '2026-05-09 11:44:12.694906+00', '2026-05-09 11:44:12.694906+00', 'password', '5bfd026c-6fa4-4d8b-b0e1-9b9255e2c448'),
	('5e92f1d4-ef37-463f-aeeb-6e9f5a77f9bb', '2026-05-12 11:41:19.964297+00', '2026-05-12 11:41:19.964297+00', 'password', '3f53250e-af88-402d-9a2d-4eff90396111');


--
-- Data for Name: mfa_factors; Type: TABLE DATA; Schema: auth; Owner: supabase_auth_admin
--



--
-- Data for Name: mfa_challenges; Type: TABLE DATA; Schema: auth; Owner: supabase_auth_admin
--



--
-- Data for Name: oauth_authorizations; Type: TABLE DATA; Schema: auth; Owner: supabase_auth_admin
--



--
-- Data for Name: oauth_client_states; Type: TABLE DATA; Schema: auth; Owner: supabase_auth_admin
--



--
-- Data for Name: oauth_consents; Type: TABLE DATA; Schema: auth; Owner: supabase_auth_admin
--



--
-- Data for Name: one_time_tokens; Type: TABLE DATA; Schema: auth; Owner: supabase_auth_admin
--



--
-- Data for Name: refresh_tokens; Type: TABLE DATA; Schema: auth; Owner: supabase_auth_admin
--

INSERT INTO "auth"."refresh_tokens" ("instance_id", "id", "token", "user_id", "revoked", "created_at", "updated_at", "parent", "session_id") VALUES
	('00000000-0000-0000-0000-000000000000', 105, '2dypsnyulk6l', '9eb8b33e-758a-455d-a05f-2e1ce99e3f9a', true, '2026-05-09 11:44:12.691578+00', '2026-05-09 20:06:17.187425+00', NULL, '6230b23e-5f70-469f-b060-804d3fdcc97f'),
	('00000000-0000-0000-0000-000000000000', 166, 'ydaszmfn6lk5', '9eb8b33e-758a-455d-a05f-2e1ce99e3f9a', true, '2026-05-10 07:41:11.962924+00', '2026-05-11 06:56:52.481668+00', 'jwasxiuj62a2', '6230b23e-5f70-469f-b060-804d3fdcc97f'),
	('00000000-0000-0000-0000-000000000000', 121, 'jwasxiuj62a2', '9eb8b33e-758a-455d-a05f-2e1ce99e3f9a', true, '2026-05-09 20:06:17.194266+00', '2026-05-10 07:41:11.959984+00', '2dypsnyulk6l', '6230b23e-5f70-469f-b060-804d3fdcc97f'),
	('00000000-0000-0000-0000-000000000000', 191, 'b5y3lfs5gqxi', '9eb8b33e-758a-455d-a05f-2e1ce99e3f9a', true, '2026-05-11 06:56:52.485651+00', '2026-05-11 11:43:13.56463+00', 'ydaszmfn6lk5', '6230b23e-5f70-469f-b060-804d3fdcc97f'),
	('00000000-0000-0000-0000-000000000000', 196, 'l6rg5yszsi5j', '9eb8b33e-758a-455d-a05f-2e1ce99e3f9a', false, '2026-05-11 11:43:13.569567+00', '2026-05-11 11:43:13.569567+00', 'b5y3lfs5gqxi', '6230b23e-5f70-469f-b060-804d3fdcc97f'),
	('00000000-0000-0000-0000-000000000000', 249, 'xrpu4yulq5nx', 'a467f7a7-dd7d-48df-a0ab-049859644453', false, '2026-05-12 11:41:19.960706+00', '2026-05-12 11:41:19.960706+00', NULL, '5e92f1d4-ef37-463f-aeeb-6e9f5a77f9bb');


--
-- Data for Name: sso_providers; Type: TABLE DATA; Schema: auth; Owner: supabase_auth_admin
--



--
-- Data for Name: saml_providers; Type: TABLE DATA; Schema: auth; Owner: supabase_auth_admin
--



--
-- Data for Name: saml_relay_states; Type: TABLE DATA; Schema: auth; Owner: supabase_auth_admin
--



--
-- Data for Name: sso_domains; Type: TABLE DATA; Schema: auth; Owner: supabase_auth_admin
--



--
-- Data for Name: webauthn_challenges; Type: TABLE DATA; Schema: auth; Owner: supabase_auth_admin
--



--
-- Data for Name: webauthn_credentials; Type: TABLE DATA; Schema: auth; Owner: supabase_auth_admin
--



--
-- Data for Name: public_users; Type: TABLE DATA; Schema: public; Owner: postgres
--

INSERT INTO "public"."public_users" ("id", "username", "emoji", "bio", "pve_rxn_count", "nve_rxn_count", "confession_count", "is_online", "status", "created_at", "updated_at") VALUES
	('4af75e2d-8651-47aa-b84e-c8d58d025da2', 'pizza_H1026', '🍕', NULL, 0, 0, 0, false, 'active', '2026-05-10 08:25:38.601071+00', '2026-05-10 08:26:14.248472+00'),
	('a467f7a7-dd7d-48df-a0ab-049859644453', 'dog_B2776', '🐶', 'jjjjjjjjjjjjjjjjjjjjjjjjjjjjjjjjjjjjjjjjjjjjjj jjjjjjjjjjjjjjjjjjjj jjjjjjjjjjjjjjjjjjjjjjjj', 0, 0, 0, false, 'active', '2026-05-03 12:49:30.807259+00', '2026-05-12 11:46:32.49414+00'),
	('1e2187a3-b0c2-4064-a176-be1f47daa9a6', 'cheese_S9389', '🧀', NULL, 0, 0, 0, false, 'active', '2026-05-10 08:26:25.828072+00', '2026-05-10 08:26:42.18844+00'),
	('49d684ae-4bf1-4690-ba5b-4e1a94fd84da', 'fox_Q4788', '🦊', NULL, 0, 0, 0, false, 'active', '2026-05-10 08:26:56.85931+00', '2026-05-10 08:27:10.557941+00'),
	('cb495c1d-b78f-488a-80b2-49cd2648c1e0', 'sun_G8880', '🌻', NULL, 0, 0, 0, false, 'active', '2026-05-10 08:27:27.971408+00', '2026-05-10 08:27:34.621073+00'),
	('ce445e4c-2458-498d-9a28-72f840b6e7b6', 'crab_V2425', '🦀', NULL, 0, 0, 0, false, 'active', '2026-05-10 08:27:44.405498+00', '2026-05-10 08:27:49.378872+00'),
	('d56fb5aa-6ea6-4710-b83f-3f7fe0302f6f', 'hippo_R4391', '🦛', NULL, 0, 0, 0, false, 'active', '2026-05-10 08:28:04.37146+00', '2026-05-10 08:28:10.380122+00'),
	('a44403ab-df0c-4310-aae2-cb3281ae970b', 'ant_F6624', '🐜', NULL, 0, 0, 0, false, 'active', '2026-05-10 08:28:25.097602+00', '2026-05-10 08:28:58.117018+00'),
	('92f59577-54f8-4ebd-a157-d785f5ef1257', 'ewe_J8272', '🐑', NULL, 0, 0, 0, false, 'active', '2026-05-10 08:29:27.304529+00', '2026-05-10 08:29:33.508884+00'),
	('83f6ad28-424a-4849-9a79-369d14c9ca5b', 'onion_U2077', '🧅', NULL, 0, 0, 0, false, 'active', '2026-05-10 08:29:45.555005+00', '2026-05-10 08:29:51.715903+00'),
	('9eb8b33e-758a-455d-a05f-2e1ce99e3f9a', 'unicorn_Y5744', '🦄', NULL, 0, 0, 0, false, 'active', '2026-05-05 12:51:21.354866+00', '2026-05-11 11:45:18.778604+00'),
	('f761e74e-c058-4d0d-a24a-0d976e3cc297', 'fish_V2820', '🐠', NULL, 0, 0, 0, false, 'active', '2026-05-10 08:25:14.798271+00', '2026-05-10 08:25:20.096945+00'),
	('adfe3895-e3f6-4dc0-8a99-1282de8d2416', 'goat_E6283', '🐐', '', 0, 0, 0, false, 'active', '2026-05-03 13:01:40.945147+00', '2026-05-12 11:15:13.104513+00'),
	('497ee39d-3f56-4cb3-bd12-a2bfa6bb30a4', 'turtle_V5176', '🐢', NULL, 0, 0, 0, false, 'active', '2026-05-10 08:30:00.884637+00', '2026-05-11 11:49:51.122094+00');


--
-- Data for Name: chats; Type: TABLE DATA; Schema: public; Owner: postgres
--

INSERT INTO "public"."chats" ("id", "sender_id", "receiver_id", "status", "created_at", "updated_at") VALUES
	('447b9136-1b32-40c3-bfed-6163a3378d1e', 'adfe3895-e3f6-4dc0-8a99-1282de8d2416', '497ee39d-3f56-4cb3-bd12-a2bfa6bb30a4', 'accepted', '2026-05-10 20:04:16.75885+00', '2026-05-11 11:46:02.272213+00'),
	('694bb082-35da-4580-b107-fedf7988607d', 'a467f7a7-dd7d-48df-a0ab-049859644453', '497ee39d-3f56-4cb3-bd12-a2bfa6bb30a4', 'pending', '2026-05-12 11:32:27.787469+00', '2026-05-12 11:32:27.787469+00'),
	('28dd1e62-881c-476c-8e3a-1a069a1db647', 'adfe3895-e3f6-4dc0-8a99-1282de8d2416', 'a467f7a7-dd7d-48df-a0ab-049859644453', 'accepted', '2026-05-09 17:13:01.235267+00', '2026-05-09 17:17:36.569554+00'),
	('3c315dd8-6acb-4f74-a9bb-b885cf79ebc1', 'adfe3895-e3f6-4dc0-8a99-1282de8d2416', '9eb8b33e-758a-455d-a05f-2e1ce99e3f9a', 'accepted', '2026-05-09 17:14:05.453706+00', '2026-05-09 20:06:34.249866+00'),
	('a993e302-b733-4a75-b8d2-e988bc8267ae', 'adfe3895-e3f6-4dc0-8a99-1282de8d2416', '4af75e2d-8651-47aa-b84e-c8d58d025da2', 'pending', '2026-05-10 20:03:34.198851+00', '2026-05-10 20:03:34.198851+00'),
	('078a2647-253c-4f23-84d5-3f60f16aa106', 'adfe3895-e3f6-4dc0-8a99-1282de8d2416', '1e2187a3-b0c2-4064-a176-be1f47daa9a6', 'pending', '2026-05-10 20:03:39.273795+00', '2026-05-10 20:03:39.273795+00'),
	('e1017d34-d192-4dcd-8225-e30c2bd37c40', 'adfe3895-e3f6-4dc0-8a99-1282de8d2416', '49d684ae-4bf1-4690-ba5b-4e1a94fd84da', 'pending', '2026-05-10 20:03:47.002402+00', '2026-05-10 20:03:47.002402+00'),
	('faf8e12d-70cf-4e56-8851-c1e2b8e4c937', 'adfe3895-e3f6-4dc0-8a99-1282de8d2416', 'cb495c1d-b78f-488a-80b2-49cd2648c1e0', 'pending', '2026-05-10 20:03:52.506175+00', '2026-05-10 20:03:52.506175+00'),
	('c656cf65-8244-452a-aedf-58e524daf252', 'adfe3895-e3f6-4dc0-8a99-1282de8d2416', 'd56fb5aa-6ea6-4710-b83f-3f7fe0302f6f', 'pending', '2026-05-10 20:03:58.561067+00', '2026-05-10 20:03:58.561067+00'),
	('56b77f9d-3d26-4110-9459-f457fa13d267', 'adfe3895-e3f6-4dc0-8a99-1282de8d2416', 'a44403ab-df0c-4310-aae2-cb3281ae970b', 'pending', '2026-05-10 20:04:04.362438+00', '2026-05-10 20:04:04.362438+00'),
	('56103001-5684-4fa1-bff6-913fe8810305', 'adfe3895-e3f6-4dc0-8a99-1282de8d2416', 'f761e74e-c058-4d0d-a24a-0d976e3cc297', 'pending', '2026-05-10 20:04:10.502284+00', '2026-05-10 20:04:10.502284+00'),
	('2e2296c6-2036-4784-b7ef-18b5bce3ffbc', 'adfe3895-e3f6-4dc0-8a99-1282de8d2416', '83f6ad28-424a-4849-9a79-369d14c9ca5b', 'pending', '2026-05-10 20:04:28.735496+00', '2026-05-10 20:04:28.735496+00'),
	('9dc53d2b-9e6c-447e-b41d-7eb6d945467f', 'adfe3895-e3f6-4dc0-8a99-1282de8d2416', '92f59577-54f8-4ebd-a157-d785f5ef1257', 'pending', '2026-05-11 11:02:48.55508+00', '2026-05-11 11:02:48.55508+00');


--
-- Data for Name: users; Type: TABLE DATA; Schema: public; Owner: postgres
--

INSERT INTO "public"."users" ("id", "username", "emoji", "bio", "public_key", "created_at", "updated_at", "status", "pve_rxn_count", "nve_rxn_count", "confession_count", "is_online", "inbox_id") VALUES
	('83f6ad28-424a-4849-9a79-369d14c9ca5b', 'onion_U2077', '🧅', NULL, 'bz1zDlH66LmreDZIAEOSmAxLj1Y3YkzhrObxAXkzaUs=', '2026-05-10 08:29:45.555005+00', '2026-05-10 08:29:51.715903+00', 'active', 0, 0, 0, false, '0c11702b-5e42-4869-bd62-74efc1c3ac6c'),
	('f761e74e-c058-4d0d-a24a-0d976e3cc297', 'fish_V2820', '🐠', NULL, '/n99m+472CaHxhrWOp/fRaStqF9ICJLx6vMcqiJwOGM=', '2026-05-10 08:25:14.798271+00', '2026-05-10 08:25:20.096945+00', 'active', 0, 0, 0, false, '9c89cf4a-f35a-4d6b-ba52-1ce8bc545b23'),
	('9eb8b33e-758a-455d-a05f-2e1ce99e3f9a', 'unicorn_Y5744', '🦄', NULL, 'gsFN/8oPqmsmacGrx/Jy1m7RILJifFszKg6L17SZow0=', '2026-05-05 12:51:21.354866+00', '2026-05-11 11:45:18.778604+00', 'active', 0, 0, 0, false, '18befe47-7b54-4535-95f6-fc3ac252cc8a'),
	('4af75e2d-8651-47aa-b84e-c8d58d025da2', 'pizza_H1026', '🍕', NULL, 'u8iz8FJAxrDExopO06VBm9wXb8gK3dD0DULSv+4qQk8=', '2026-05-10 08:25:38.601071+00', '2026-05-10 08:26:14.248472+00', 'active', 0, 0, 0, false, '8c4b36fc-f9b0-41fa-8426-7d3d5525fb15'),
	('1e2187a3-b0c2-4064-a176-be1f47daa9a6', 'cheese_S9389', '🧀', NULL, 'k+hNQqWIdsw+Q6pPDd11fbaqINYx15AsF233xjPBV28=', '2026-05-10 08:26:25.828072+00', '2026-05-10 08:26:42.18844+00', 'active', 0, 0, 0, false, 'a4c0e3e6-579b-447f-99f8-506c15940005'),
	('49d684ae-4bf1-4690-ba5b-4e1a94fd84da', 'fox_Q4788', '🦊', NULL, 'MaTSqC59rxOtQjtO4Zoi1k8huRDn0asWhAdIAR3jlk4=', '2026-05-10 08:26:56.85931+00', '2026-05-10 08:27:10.557941+00', 'active', 0, 0, 0, false, '3985af7a-bfab-4bc4-b9a0-49ce9d984642'),
	('a467f7a7-dd7d-48df-a0ab-049859644453', 'dog_B2776', '🐶', 'jjjjjjjjjjjjjjjjjjjjjjjjjjjjjjjjjjjjjjjjjjjjjj jjjjjjjjjjjjjjjjjjjj jjjjjjjjjjjjjjjjjjjjjjjj', 'n+ya2SL9xRKO7jPdx0Em9LtBOUP4rbHklKj4ZwBuHU4=', '2026-05-03 12:49:30.807259+00', '2026-05-12 11:46:32.49414+00', 'active', 0, 0, 0, false, '1a64d9a0-bac2-47fa-8bdd-eab22aaa5e53'),
	('cb495c1d-b78f-488a-80b2-49cd2648c1e0', 'sun_G8880', '🌻', NULL, 'I4iKdKJS8g8+avYUsti8K6RnqUacUvenyV4K+gOYDCk=', '2026-05-10 08:27:27.971408+00', '2026-05-10 08:27:34.621073+00', 'active', 0, 0, 0, false, 'b41f46dc-7597-4583-8499-a323006310d2'),
	('ce445e4c-2458-498d-9a28-72f840b6e7b6', 'crab_V2425', '🦀', NULL, 'Np3QPdEUxCCPH7LwQJetcBSZ9C5jiO8f8GzTrBIBrGo=', '2026-05-10 08:27:44.405498+00', '2026-05-10 08:27:49.378872+00', 'active', 0, 0, 0, false, 'b337ea9c-e6ac-4918-bbb3-fbaa702bdadb'),
	('d56fb5aa-6ea6-4710-b83f-3f7fe0302f6f', 'hippo_R4391', '🦛', NULL, 'qV4tt57E5bSyHW6JWPi/FcZWmzpuVAPscpVvRmvPXhU=', '2026-05-10 08:28:04.37146+00', '2026-05-10 08:28:10.380122+00', 'active', 0, 0, 0, false, '8ebb9a7e-9027-4cff-bd77-41794bae06ae'),
	('a44403ab-df0c-4310-aae2-cb3281ae970b', 'ant_F6624', '🐜', NULL, 'lbLPu6pKpEV5N43U1/NiGOo4LMef4H4egs1oqRndHXM=', '2026-05-10 08:28:25.097602+00', '2026-05-10 08:28:58.117018+00', 'active', 0, 0, 0, false, '3fbea01d-fda4-4ab4-bf56-95be2ec2f1ba'),
	('497ee39d-3f56-4cb3-bd12-a2bfa6bb30a4', 'turtle_V5176', '🐢', NULL, 'nPcEl+Kod8DNR+5riKspYKwv4B3Fi14Zr0F+tEoM3Rw=', '2026-05-10 08:30:00.884637+00', '2026-05-11 11:49:51.122094+00', 'active', 0, 0, 0, false, '40978f55-c0d0-41f6-8323-4e916150cb0d'),
	('92f59577-54f8-4ebd-a157-d785f5ef1257', 'ewe_J8272', '🐑', NULL, 'BJb6MBSG7R40xIJyVbiPEM8SWw518W5IOXA1aqZ4Qkc=', '2026-05-10 08:29:27.304529+00', '2026-05-10 08:29:33.508884+00', 'active', 0, 0, 0, false, 'da83c6aa-e971-4e54-bd82-f012e3e2645c'),
	('adfe3895-e3f6-4dc0-8a99-1282de8d2416', 'goat_E6283', '🐐', '', 'M2PaDhA+MICZawnrt60P0EJaCIqfYQvRZ9T2v6Bj9BE=', '2026-05-03 13:01:40.945147+00', '2026-05-12 11:15:13.104513+00', 'active', 0, 0, 0, false, '860ae0b4-49ec-4e6d-a934-5521ba7a16df');


--
-- Data for Name: inbox; Type: TABLE DATA; Schema: public; Owner: postgres
--

INSERT INTO "public"."inbox" ("id", "user_id", "title", "message", "nonce", "is_read", "created_at", "inbox_id", "public_key") VALUES
	('77892761-85cb-4a5c-bab8-9ed0f52c8dbc', 'a467f7a7-dd7d-48df-a0ab-049859644453', 'DISzu8n+keuVciAOivFE7gkmQw==', 'pyTQg30JBZFmvgpituzbqBo1ULaj7uEA', 'BtH6WnWXR+4K39cYoYttlFhJkSSj+o4C', true, '2026-05-05 09:09:29.958804+00', '1a64d9a0-bac2-47fa-8bdd-eab22aaa5e53', 'YUYwQyDQW6VB2FQ2RR718yzPJqFhW/L/8GmI4UEEYl8='),
	('0a931280-4c72-42b2-83ca-587f3cd77633', 'adfe3895-e3f6-4dc0-8a99-1282de8d2416', 'RtNXl+wbxwFTKqsxZ9eIZhqgZpVYw9PrAxzAkDw=', 'HdnNWBJg9vcjmMNPOpknlRqtfJJY2tO4GRzJkH3mBdyohNZNBFc=', '0wWsUL4GV04CTiFaRTWFkq9aocso1/dO', true, '2026-05-11 08:31:12.652637+00', '860ae0b4-49ec-4e6d-a934-5521ba7a16df', 'MA7/x+i3KK9NZ4gJK0bukhbwQ+V8g0LcMFMfZtskBGc=');


--
-- Data for Name: inbox_key_lookup; Type: TABLE DATA; Schema: public; Owner: postgres
--

INSERT INTO "public"."inbox_key_lookup" ("inbox_id", "public_key") VALUES
	('18befe47-7b54-4535-95f6-fc3ac252cc8a', 'gsFN/8oPqmsmacGrx/Jy1m7RILJifFszKg6L17SZow0='),
	('9c89cf4a-f35a-4d6b-ba52-1ce8bc545b23', '/n99m+472CaHxhrWOp/fRaStqF9ICJLx6vMcqiJwOGM='),
	('8c4b36fc-f9b0-41fa-8426-7d3d5525fb15', 'u8iz8FJAxrDExopO06VBm9wXb8gK3dD0DULSv+4qQk8='),
	('a4c0e3e6-579b-447f-99f8-506c15940005', 'k+hNQqWIdsw+Q6pPDd11fbaqINYx15AsF233xjPBV28='),
	('3985af7a-bfab-4bc4-b9a0-49ce9d984642', 'MaTSqC59rxOtQjtO4Zoi1k8huRDn0asWhAdIAR3jlk4='),
	('40978f55-c0d0-41f6-8323-4e916150cb0d', 'nPcEl+Kod8DNR+5riKspYKwv4B3Fi14Zr0F+tEoM3Rw='),
	('b41f46dc-7597-4583-8499-a323006310d2', 'I4iKdKJS8g8+avYUsti8K6RnqUacUvenyV4K+gOYDCk='),
	('b337ea9c-e6ac-4918-bbb3-fbaa702bdadb', 'Np3QPdEUxCCPH7LwQJetcBSZ9C5jiO8f8GzTrBIBrGo='),
	('8ebb9a7e-9027-4cff-bd77-41794bae06ae', 'qV4tt57E5bSyHW6JWPi/FcZWmzpuVAPscpVvRmvPXhU='),
	('3fbea01d-fda4-4ab4-bf56-95be2ec2f1ba', 'lbLPu6pKpEV5N43U1/NiGOo4LMef4H4egs1oqRndHXM='),
	('da83c6aa-e971-4e54-bd82-f012e3e2645c', 'BJb6MBSG7R40xIJyVbiPEM8SWw518W5IOXA1aqZ4Qkc='),
	('860ae0b4-49ec-4e6d-a934-5521ba7a16df', 'M2PaDhA+MICZawnrt60P0EJaCIqfYQvRZ9T2v6Bj9BE='),
	('0c11702b-5e42-4869-bd62-74efc1c3ac6c', 'bz1zDlH66LmreDZIAEOSmAxLj1Y3YkzhrObxAXkzaUs='),
	('1a64d9a0-bac2-47fa-8bdd-eab22aaa5e53', 'n+ya2SL9xRKO7jPdx0Em9LtBOUP4rbHklKj4ZwBuHU4=');


--
-- Data for Name: messages; Type: TABLE DATA; Schema: public; Owner: postgres
--

INSERT INTO "public"."messages" ("id", "chat_id", "from", "encrypted_texts", "seen_at", "created_at", "updated_at", "to") VALUES
	('6019bd44-d1bb-4ae8-b823-f19930ece172', '28dd1e62-881c-476c-8e3a-1a069a1db647', 'adfe3895-e3f6-4dc0-8a99-1282de8d2416', '{"adfe3895-e3f6-4dc0-8a99-1282de8d2416":{"ciphertext":"EIye5heFUiDD/pkm3yZgcrg=","nonce":"bnZorZgxMETc5ygITMQWLT3Y2HtGYiho"},"a467f7a7-dd7d-48df-a0ab-049859644453":{"ciphertext":"r5WTi85j6ap6Wqykz/9AHOo=","nonce":"e9W25rEXhcrW1xF9JKXXlfH0tBPXLSm1"}}', '2026-05-11 11:56:06.136+00', '2026-05-11 11:39:20.134936+00', '2026-05-11 11:56:06.287613+00', 'a467f7a7-dd7d-48df-a0ab-049859644453'),
	('6a687bd4-e50b-4ce2-a51c-0a49f4778ba0', '28dd1e62-881c-476c-8e3a-1a069a1db647', 'adfe3895-e3f6-4dc0-8a99-1282de8d2416', '{"adfe3895-e3f6-4dc0-8a99-1282de8d2416":{"ciphertext":"y24JOsUMp3ZXwu3SkugLsak=","nonce":"P3R5T92bvX4b/wrFVx3xI0DpcE05CSNz"},"a467f7a7-dd7d-48df-a0ab-049859644453":{"ciphertext":"hN+7ZQUzLiH0gZfbS9WSnuQ=","nonce":"WmWreyO+TC6L+Vhw2D/Tlr8lX7R7wD3N"}}', '2026-05-11 11:56:06.137+00', '2026-05-11 11:38:57.789417+00', '2026-05-11 11:56:06.319704+00', 'a467f7a7-dd7d-48df-a0ab-049859644453'),
	('12646fe0-494d-442e-bbe8-31f1e6f627e6', '28dd1e62-881c-476c-8e3a-1a069a1db647', 'adfe3895-e3f6-4dc0-8a99-1282de8d2416', '{"adfe3895-e3f6-4dc0-8a99-1282de8d2416":{"ciphertext":"KTCFKfvdaCtiR1vg6mOVL0ZOPA==","nonce":"we6LqY+FZLzFivw1vl+iDlNX9yiPjout"},"a467f7a7-dd7d-48df-a0ab-049859644453":{"ciphertext":"xR2NWV/Db7EomJ7WLZKjBHBoFA==","nonce":"ebiZsc+dPj8Nh8/HSSUlGqekcTklZ1kx"}}', '2026-05-11 11:56:06.138+00', '2026-05-11 11:38:29.555089+00', '2026-05-11 11:56:06.354677+00', 'a467f7a7-dd7d-48df-a0ab-049859644453'),
	('8790b9d0-1f9d-4373-8e06-bc9607823d55', '28dd1e62-881c-476c-8e3a-1a069a1db647', 'adfe3895-e3f6-4dc0-8a99-1282de8d2416', '{"adfe3895-e3f6-4dc0-8a99-1282de8d2416":{"ciphertext":"TVdb70cZHtTcMrYcYotassaXog==","nonce":"/uYvFG9tpVMaRQYPsWF9VckUsIUrpTfO"},"a467f7a7-dd7d-48df-a0ab-049859644453":{"ciphertext":"VYhL5apn/Vg5Q74K2raOkRjYYw==","nonce":"y2fNvLs2mXUURsVljNAehP9miaKeCT84"}}', '2026-05-12 11:26:44.827+00', '2026-05-11 17:51:23.262367+00', '2026-05-12 11:26:44.990051+00', 'a467f7a7-dd7d-48df-a0ab-049859644453'),
	('c49be333-d898-41e9-8251-59ff3def79a2', '28dd1e62-881c-476c-8e3a-1a069a1db647', 'adfe3895-e3f6-4dc0-8a99-1282de8d2416', '{"adfe3895-e3f6-4dc0-8a99-1282de8d2416":{"ciphertext":"aM/ob3M50HXRG4Zc1QU5xzYebXcZhjATviVz3S89mNfFEZ4eAAw=","nonce":"BGi3VS8Bz3mOe1y1UgZ+WEZ9wjV4xVzW"},"a467f7a7-dd7d-48df-a0ab-049859644453":{"ciphertext":"VvdFslDKB5XiWDWeiG77mxL+1SH9yWdtj0rZuPX/nhDFWPbnHxE=","nonce":"fHDrXm8KkCRn3MDoampev3+t0pfqUHKH"}}', '2026-05-12 11:26:44.828+00', '2026-05-11 19:05:15.138046+00', '2026-05-12 11:26:45.037246+00', 'a467f7a7-dd7d-48df-a0ab-049859644453'),
	('c234c14a-406c-43f1-8e49-69e663e5abdf', '28dd1e62-881c-476c-8e3a-1a069a1db647', 'adfe3895-e3f6-4dc0-8a99-1282de8d2416', '{"adfe3895-e3f6-4dc0-8a99-1282de8d2416":{"ciphertext":"qGNbq48kilYy3D5nG5e3dvwmMNc=","nonce":"/5i7TDnh+oRUKpMIgzlo3+wHUiGVQRjy"},"a467f7a7-dd7d-48df-a0ab-049859644453":{"ciphertext":"JrqKJL5wnHfC/7Jf2UNJa/YY7iU=","nonce":"apUTTLll0oAu/f9p509ip7mEyzkPE5vc"}}', '2026-05-12 11:26:44.828+00', '2026-05-11 20:08:08.54817+00', '2026-05-12 11:26:45.108894+00', 'a467f7a7-dd7d-48df-a0ab-049859644453'),
	('6db71355-0deb-49d7-ae73-c900bb569332', '28dd1e62-881c-476c-8e3a-1a069a1db647', 'adfe3895-e3f6-4dc0-8a99-1282de8d2416', '{"adfe3895-e3f6-4dc0-8a99-1282de8d2416":{"ciphertext":"W4Vh9rHQeFkwk60rYCWH9ks=","nonce":"7E0/h1MpW62VdAg3kt2aXX7F50E+pprK"},"a467f7a7-dd7d-48df-a0ab-049859644453":{"ciphertext":"gUQgreUgrrWsh0VpT20o4yQ=","nonce":"O08utfXfG0hXPJOPEO95ai0SEXoEqLti"}}', '2026-05-12 11:26:44.829+00', '2026-05-11 20:08:15.868501+00', '2026-05-12 11:26:45.224649+00', 'a467f7a7-dd7d-48df-a0ab-049859644453'),
	('3383ba46-9f8d-4068-955a-b4ed4b43c7d8', '28dd1e62-881c-476c-8e3a-1a069a1db647', 'adfe3895-e3f6-4dc0-8a99-1282de8d2416', '{"adfe3895-e3f6-4dc0-8a99-1282de8d2416":{"ciphertext":"kypSjzxCOcS0y1csnKeDADQzO3Dme+UMTBg9y3tC","nonce":"kgPe3r+mc+wa2cZYItta6JOnXVf5c7F9"},"a467f7a7-dd7d-48df-a0ab-049859644453":{"ciphertext":"d1Np9T7nlZzLfFRKu+3R7B08r/1nLw8OTUj5Pdmr","nonce":"4fLTAauIQcwn7FP/sBfSCYjPmlSOpEvk"}}', '2026-05-12 11:26:44.829+00', '2026-05-12 03:23:34.394061+00', '2026-05-12 11:26:45.319835+00', 'a467f7a7-dd7d-48df-a0ab-049859644453'),
	('5a3414e8-96bb-45cd-a687-742b528c452d', '28dd1e62-881c-476c-8e3a-1a069a1db647', 'adfe3895-e3f6-4dc0-8a99-1282de8d2416', '{"adfe3895-e3f6-4dc0-8a99-1282de8d2416":{"ciphertext":"jTLqD/Hba+KEFJcBFr+rT5zNg0djK/Rg8PO5knIyW/PvsOP4Iwwr","nonce":"q7ocMHAzIms10k2P2th/e4HR5d8iwhLE"},"a467f7a7-dd7d-48df-a0ab-049859644453":{"ciphertext":"v2dy4Gi1dCNUTD53X2x4rAhcFuiOTimgFKmRhtw+KoQYTfiTlYkS","nonce":"ZcHFixBdrwOQQ8OQ7EjtCy3YxP4CS3gZ"}}', '2026-05-12 11:26:44.829+00', '2026-05-12 03:49:40.275001+00', '2026-05-12 11:26:45.378316+00', 'a467f7a7-dd7d-48df-a0ab-049859644453'),
	('2a469604-0eca-4257-8b7f-12fb18a20b79', '28dd1e62-881c-476c-8e3a-1a069a1db647', 'adfe3895-e3f6-4dc0-8a99-1282de8d2416', '{"adfe3895-e3f6-4dc0-8a99-1282de8d2416":{"ciphertext":"eAPJHq0mLPsly1ZfYHQSpALGblA637ovAO2Hd98aZ8SjQZyC7j2zV7te","nonce":"hJM5gb/3/wgTlPmKygc44B2z7MpgViOZ"},"a467f7a7-dd7d-48df-a0ab-049859644453":{"ciphertext":"HCXUrVgCoDYxayzoWXLe7upVVe8Yx7UFhd4rjsyoKb9grWFi22gyUjaf","nonce":"jkvOIkblKU9RZmpQDzlKkdVU7utH5a+c"}}', '2026-05-12 11:26:44.829+00', '2026-05-12 03:49:58.228028+00', '2026-05-12 11:26:45.379167+00', 'a467f7a7-dd7d-48df-a0ab-049859644453'),
	('2dc9fb62-b116-4f24-a921-67e738500c15', '28dd1e62-881c-476c-8e3a-1a069a1db647', 'adfe3895-e3f6-4dc0-8a99-1282de8d2416', '{"adfe3895-e3f6-4dc0-8a99-1282de8d2416":{"ciphertext":"ywihcKrSkPz6KuIg4sUjc1jStMuv6FIbRzCLKw==","nonce":"HWEQXR4W+RKFoLlRsalLs9NrahF4VNYk"},"a467f7a7-dd7d-48df-a0ab-049859644453":{"ciphertext":"jfWZfuZd9qXbMYbXZlX2DX5AuekbKeQNaTQ2Yw==","nonce":"uf4WJ2nUn4k/zlC8kyf0EYFlcGdWwoOL"}}', '2026-05-12 11:26:44.83+00', '2026-05-12 04:02:28.91844+00', '2026-05-12 11:26:45.432115+00', 'a467f7a7-dd7d-48df-a0ab-049859644453'),
	('3f4ec4c3-3688-430a-8ff1-12490f1ffc80', '28dd1e62-881c-476c-8e3a-1a069a1db647', 'adfe3895-e3f6-4dc0-8a99-1282de8d2416', '{"adfe3895-e3f6-4dc0-8a99-1282de8d2416":{"ciphertext":"5KvVnWPG1yqDLDBw8RXREr2lk4h7X3rLQdOqjg==","nonce":"vWkdeoYlgZ63O60QrnNVyaLkxW2FN7jn"},"a467f7a7-dd7d-48df-a0ab-049859644453":{"ciphertext":"+evj+3sO3c+aYfnBGoUOVmluHoifytprTHXtzQ==","nonce":"OdO1GUfHh5MH82kDyO/utcRKTR7OiYdf"}}', '2026-05-12 11:26:44.83+00', '2026-05-12 04:02:49.689634+00', '2026-05-12 11:26:45.454185+00', 'a467f7a7-dd7d-48df-a0ab-049859644453'),
	('23a06d2d-0bf5-42fc-97fb-715c53e3105d', '28dd1e62-881c-476c-8e3a-1a069a1db647', 'adfe3895-e3f6-4dc0-8a99-1282de8d2416', '{"adfe3895-e3f6-4dc0-8a99-1282de8d2416":{"ciphertext":"+2jmRwmf6MhIPJWC03aC0P/vTVeueR8Qn9ye+zTGZg45C1U+vjE=","nonce":"gSYlnM/YGoTopYH75jQl1JrFJ/+irMNd"},"a467f7a7-dd7d-48df-a0ab-049859644453":{"ciphertext":"5DTyfBobpQxW4TulON/5W9VwjS3PA+5wJPGCTpw5ai2fZvruVzU=","nonce":"proemC4QKK8wToGsww47GmsLjprh+R/j"}}', '2026-05-12 11:26:44.83+00', '2026-05-12 04:07:03.162261+00', '2026-05-12 11:26:45.503054+00', 'a467f7a7-dd7d-48df-a0ab-049859644453'),
	('018345f2-b67f-4a00-8c40-0e7759380697', '28dd1e62-881c-476c-8e3a-1a069a1db647', 'adfe3895-e3f6-4dc0-8a99-1282de8d2416', '{"adfe3895-e3f6-4dc0-8a99-1282de8d2416":{"ciphertext":"nEVsVqvToWkLY9XJRnMqqL/zwxo=","nonce":"+xb1Qbbhwapkuhp3uPhoGr16o6GzgslO"},"a467f7a7-dd7d-48df-a0ab-049859644453":{"ciphertext":"RExph915sN57OcjcyuGl/6com34=","nonce":"Lp5jhq5q8HSoEYnltTWUTdo7PJfsOyIe"}}', '2026-05-12 11:26:44.83+00', '2026-05-12 06:19:03.230281+00', '2026-05-12 11:26:45.541492+00', 'a467f7a7-dd7d-48df-a0ab-049859644453'),
	('dcf69955-cb68-47c3-bc4e-2769c6d48f4b', '28dd1e62-881c-476c-8e3a-1a069a1db647', 'adfe3895-e3f6-4dc0-8a99-1282de8d2416', '{"adfe3895-e3f6-4dc0-8a99-1282de8d2416":{"ciphertext":"lAR4Bm8jhUibdbC64Qdkd8rqvsarV/QD+JUreK5R","nonce":"x4B5BH0XGwLXX5AUrHfPyS5FljgkMt1V"},"a467f7a7-dd7d-48df-a0ab-049859644453":{"ciphertext":"V4XqQ8l8Nx92ZITd2OP2kzUNnFKYdVBgQ5zRxvpK","nonce":"c9JXWxGjm1+RQulNDVgl7GE0m8en3pkI"}}', '2026-05-12 11:26:44.831+00', '2026-05-12 06:28:30.99998+00', '2026-05-12 11:26:45.568608+00', 'a467f7a7-dd7d-48df-a0ab-049859644453'),
	('c99e4867-9ee0-4e4c-99a1-7a440557ddc0', '28dd1e62-881c-476c-8e3a-1a069a1db647', 'adfe3895-e3f6-4dc0-8a99-1282de8d2416', '{"adfe3895-e3f6-4dc0-8a99-1282de8d2416":{"ciphertext":"DcSn3nS7DaQcDqwFsLAAubg=","nonce":"fTgW28RVCfrE6isG4eEOyYOYrUkKWzSF"},"a467f7a7-dd7d-48df-a0ab-049859644453":{"ciphertext":"OWmrqRqEN64RfGAWvTcm5n8=","nonce":"ZCKWWwc8MawRvdEqVhyaWiBScbRl2FAF"}}', '2026-05-11 11:56:06.137+00', '2026-05-11 11:39:07.676874+00', '2026-05-11 11:56:06.303132+00', 'a467f7a7-dd7d-48df-a0ab-049859644453'),
	('3ac59113-2640-47f1-ada2-ef6a0479cc5e', '28dd1e62-881c-476c-8e3a-1a069a1db647', 'adfe3895-e3f6-4dc0-8a99-1282de8d2416', '{"adfe3895-e3f6-4dc0-8a99-1282de8d2416":{"ciphertext":"LR9NhyCUXgw5VXI9xtF2CUw=","nonce":"2TjHkFpvb3Ck+cr+aASDQKPveEXs3avE"},"a467f7a7-dd7d-48df-a0ab-049859644453":{"ciphertext":"JJ9kOQwKgSKKWVBQhhKuFqg=","nonce":"jn1nfYRBITTiNgcuOFUidNrwrzFD6C0M"}}', '2026-05-11 11:56:06.135+00', '2026-05-11 11:39:23.763214+00', '2026-05-11 11:56:06.317822+00', 'a467f7a7-dd7d-48df-a0ab-049859644453'),
	('9377dfe5-c8e6-4830-b730-da4e1698381c', '28dd1e62-881c-476c-8e3a-1a069a1db647', 'adfe3895-e3f6-4dc0-8a99-1282de8d2416', '{"adfe3895-e3f6-4dc0-8a99-1282de8d2416":{"ciphertext":"M7e/c6rIbx9TByWnav+ZIIUIl8U=","nonce":"l9sDGNZbzzbkisZKli0bjxA9Glm32llY"},"a467f7a7-dd7d-48df-a0ab-049859644453":{"ciphertext":"6+xju2mX0FNGsW12L4V2PG4r86Q=","nonce":"eCufKE/kjhiStfbEf8buDPjkt7WEKyai"}}', '2026-05-11 11:56:06.137+00', '2026-05-11 11:38:33.682601+00', '2026-05-11 11:56:06.333608+00', 'a467f7a7-dd7d-48df-a0ab-049859644453'),
	('8dbfc26b-6217-426d-af84-869882a628ee', '28dd1e62-881c-476c-8e3a-1a069a1db647', 'adfe3895-e3f6-4dc0-8a99-1282de8d2416', '{"adfe3895-e3f6-4dc0-8a99-1282de8d2416":{"ciphertext":"DmmOIf2ZTgPSVMuKg7pFJ5c=","nonce":"qkXu9ZaeL95gZy+zb/JwI4lVvPD5zXlA"},"a467f7a7-dd7d-48df-a0ab-049859644453":{"ciphertext":"8AMBgUEwCHsgxYgjbPSsoBM=","nonce":"xCjstiae31F0LX2qazRzF9DvQytIHcGN"}}', '2026-05-12 11:26:44.828+00', '2026-05-11 17:54:16.945818+00', '2026-05-12 11:26:44.988821+00', 'a467f7a7-dd7d-48df-a0ab-049859644453'),
	('a9ccdb01-2651-432f-b7b2-81554cf01940', '28dd1e62-881c-476c-8e3a-1a069a1db647', 'adfe3895-e3f6-4dc0-8a99-1282de8d2416', '{"adfe3895-e3f6-4dc0-8a99-1282de8d2416":{"ciphertext":"ylIwpYGAgAyoACEP/nHcSIxeTA/KBRQfzJcg7ms3v5E=","nonce":"DNLQG/Zjh8SPbDdq7tYBiTZUOHc7DvGy"},"a467f7a7-dd7d-48df-a0ab-049859644453":{"ciphertext":"mkwK8VGPRJUSmBWzy7mjzAeGhZaUzNeAsVk0zpper/4=","nonce":"u33cD9Lh372pzc/c39f/8UcQnO+dzlHJ"}}', '2026-05-12 11:26:44.828+00', '2026-05-11 17:54:42.463206+00', '2026-05-12 11:26:45.011376+00', 'a467f7a7-dd7d-48df-a0ab-049859644453'),
	('c23ac7f7-bc0d-4fba-9dfc-0b03b81bc904', '28dd1e62-881c-476c-8e3a-1a069a1db647', 'adfe3895-e3f6-4dc0-8a99-1282de8d2416', '{"adfe3895-e3f6-4dc0-8a99-1282de8d2416":{"ciphertext":"sLs06dmHkQ4lLUMHeVz4sDfivQ==","nonce":"ww2YaAn5JLrvFQqWBmdEyABHDCQtKl1k"},"a467f7a7-dd7d-48df-a0ab-049859644453":{"ciphertext":"RYNnfftWQfZq0WjklE96NujuyQ==","nonce":"jf221rXICtiFcxv6/f1oGC0tfLvzQo6/"}}', '2026-05-12 11:26:44.828+00', '2026-05-11 20:07:10.097946+00', '2026-05-12 11:26:45.039338+00', 'a467f7a7-dd7d-48df-a0ab-049859644453'),
	('d74b75ca-a60d-4c26-bd62-bfd63fb35eb7', '28dd1e62-881c-476c-8e3a-1a069a1db647', 'adfe3895-e3f6-4dc0-8a99-1282de8d2416', '{"adfe3895-e3f6-4dc0-8a99-1282de8d2416":{"ciphertext":"hGSx74pVzpw+bECpgOhjTPw=","nonce":"cbKYEcDhfla0kkYFoho+Cp/uQeffksR0"},"a467f7a7-dd7d-48df-a0ab-049859644453":{"ciphertext":"Rl46+IwiQ9KXWofdCC2otWY=","nonce":"8DbW3wAzLsiSA3QblO0eb8+E4aJcDWsy"}}', '2026-05-12 11:26:44.829+00', '2026-05-11 20:08:13.022433+00', '2026-05-12 11:26:45.166839+00', 'a467f7a7-dd7d-48df-a0ab-049859644453'),
	('f83f95db-2c47-47de-adfa-e2fb88af7fae', '28dd1e62-881c-476c-8e3a-1a069a1db647', 'adfe3895-e3f6-4dc0-8a99-1282de8d2416', '{"adfe3895-e3f6-4dc0-8a99-1282de8d2416":{"ciphertext":"B2GPsYgd3gZ7WuikvzFqDLlwUdpsyLLH8SZt53Pb","nonce":"wrPQz3Ym+EOVfgLgRuhByPl/Ihgj9kCR"},"a467f7a7-dd7d-48df-a0ab-049859644453":{"ciphertext":"SpUuuffbjwnvoV2eZ3xNTM6YkjlDw4kxmieq7FhO","nonce":"aooz7ucrxYyvZYsQOblO+RoXs3QBl+kt"}}', '2026-05-12 11:26:44.829+00', '2026-05-12 03:23:42.418398+00', '2026-05-12 11:26:45.363858+00', 'a467f7a7-dd7d-48df-a0ab-049859644453'),
	('d6445a77-1efc-4775-ad97-61727246c8c4', '28dd1e62-881c-476c-8e3a-1a069a1db647', 'adfe3895-e3f6-4dc0-8a99-1282de8d2416', '{"adfe3895-e3f6-4dc0-8a99-1282de8d2416":{"ciphertext":"ZqUOvNbgds66RzSG/G2QttD8+zNrcnDDTH83dCLhuX0=","nonce":"eCBSwaGefgFOZFzRLddsQWL9+QZZvQ+q"},"a467f7a7-dd7d-48df-a0ab-049859644453":{"ciphertext":"rHGdf+ZUvD9AzZQq+6GP3LYoAscRgUlbH5LU+yC7ZGM=","nonce":"iEeBqyMxcgqKCBWzUjndZooMPsPoU8oJ"}}', '2026-05-12 11:26:44.829+00', '2026-05-12 03:51:47.679524+00', '2026-05-12 11:26:45.393648+00', 'a467f7a7-dd7d-48df-a0ab-049859644453'),
	('bc120061-7462-43d0-b8a1-185e7f57851e', '28dd1e62-881c-476c-8e3a-1a069a1db647', 'adfe3895-e3f6-4dc0-8a99-1282de8d2416', '{"adfe3895-e3f6-4dc0-8a99-1282de8d2416":{"ciphertext":"2qozOAmH/T1sk1D/dUlYW9fsXm+vx7G0woACHpS8gB15O337qrH4NHlUZak=","nonce":"wlCwVWuYCsI2lxbm5/iecZiIiYLHLW0H"},"a467f7a7-dd7d-48df-a0ab-049859644453":{"ciphertext":"/Ozrh4lV08L2Yed+en77d4vW2XWV1xd4OEN76ofFzsJm+WHuoN/wE74dbP0=","nonce":"d/HIa3wR8ay4yTl/FJ5hZzhVzLrQZ/jE"}}', '2026-05-12 11:26:44.829+00', '2026-05-12 03:52:09.913161+00', '2026-05-12 11:26:45.43767+00', 'a467f7a7-dd7d-48df-a0ab-049859644453'),
	('b56b306b-5143-47f6-a048-1386d7feb088', '28dd1e62-881c-476c-8e3a-1a069a1db647', 'adfe3895-e3f6-4dc0-8a99-1282de8d2416', '{"adfe3895-e3f6-4dc0-8a99-1282de8d2416":{"ciphertext":"KuSF+C1U3Co+XiblVtIP6ZE=","nonce":"q8OhwHlMYggbkfz0CE4nMxzbyWnpuwfD"},"a467f7a7-dd7d-48df-a0ab-049859644453":{"ciphertext":"jc+Zsbyi9QJYzgzih/UWTaY=","nonce":"3lWvBp8uegE57kdk50rjjV4rZCMNFhgA"}}', '2026-05-12 11:26:44.83+00', '2026-05-12 04:02:39.394787+00', '2026-05-12 11:26:45.456116+00', 'a467f7a7-dd7d-48df-a0ab-049859644453'),
	('34cf7b2a-7449-4bf5-b11b-8c06369ad5a6', '28dd1e62-881c-476c-8e3a-1a069a1db647', 'adfe3895-e3f6-4dc0-8a99-1282de8d2416', '{"adfe3895-e3f6-4dc0-8a99-1282de8d2416":{"ciphertext":"yThl3tMdFrr4hhrrkHFYzzr36QbShJsL","nonce":"PB27LqMRd6kyw370DDqlUkc2/H/RkXHV"},"a467f7a7-dd7d-48df-a0ab-049859644453":{"ciphertext":"JpJHsmYBAmEPl+4JJMfZAgO7gdZcJwhA","nonce":"7s2C2ERAst6pe1Cqg5wJFz4pfxhVqLjE"}}', '2026-05-12 11:26:44.83+00', '2026-05-12 04:07:25.539095+00', '2026-05-12 11:26:45.50093+00', 'a467f7a7-dd7d-48df-a0ab-049859644453'),
	('a76ccf0c-a168-4b25-b08c-9e203c1f6bf9', '28dd1e62-881c-476c-8e3a-1a069a1db647', 'adfe3895-e3f6-4dc0-8a99-1282de8d2416', '{"adfe3895-e3f6-4dc0-8a99-1282de8d2416":{"ciphertext":"RwWEzC7Yo2VAtBvxbxbjxWupkdgR07js1kjw+A==","nonce":"R9+QA2H7zZf+FIhsDEXrc3hVhbwASQzz"},"a467f7a7-dd7d-48df-a0ab-049859644453":{"ciphertext":"+HxXuZRVXp4WBSfOQ3UG+DjButKPYgDdKNAiVw==","nonce":"XS5OHP4v40Z9PB0FW0Ysi7SXLvD/Emfl"}}', '2026-05-12 11:26:44.83+00', '2026-05-12 04:08:44.694915+00', '2026-05-12 11:26:45.516973+00', 'a467f7a7-dd7d-48df-a0ab-049859644453'),
	('1f655df3-281a-425e-9861-91141a858849', '28dd1e62-881c-476c-8e3a-1a069a1db647', 'adfe3895-e3f6-4dc0-8a99-1282de8d2416', '{"adfe3895-e3f6-4dc0-8a99-1282de8d2416":{"ciphertext":"TBjx7ELkHKgOfdjoXGo2Jq3eRIY4","nonce":"vgBt477BMyrhnw1mUesfCu0mwRmzow54"},"a467f7a7-dd7d-48df-a0ab-049859644453":{"ciphertext":"p7+sjRrmJg8hTzEUrd4zARxkuVuX","nonce":"wT+GW0d617qnwTOyAsBj42/cymDwhuqA"}}', '2026-05-12 11:26:44.83+00', '2026-05-12 06:19:42.160338+00', '2026-05-12 11:26:45.548001+00', 'a467f7a7-dd7d-48df-a0ab-049859644453'),
	('48d4c021-9037-474c-ad10-d29bb6735a45', '28dd1e62-881c-476c-8e3a-1a069a1db647', 'adfe3895-e3f6-4dc0-8a99-1282de8d2416', '{"adfe3895-e3f6-4dc0-8a99-1282de8d2416":{"ciphertext":"tSjGX0cLp+YvyScU+fweukg=","nonce":"KJ3VH5U7uvbcrXlspyVfYEYPsE5iR/J3"},"a467f7a7-dd7d-48df-a0ab-049859644453":{"ciphertext":"XV6WYNIc4di9KT3tCSxZHEs=","nonce":"3IE4HfloQRr6cauj/s6sqdtph27a20/4"}}', '2026-05-11 11:56:06.136+00', '2026-05-11 11:39:14.867346+00', '2026-05-11 11:56:06.318266+00', 'a467f7a7-dd7d-48df-a0ab-049859644453'),
	('7389f77e-752c-4625-9498-3a0fa4cd6552', '28dd1e62-881c-476c-8e3a-1a069a1db647', 'adfe3895-e3f6-4dc0-8a99-1282de8d2416', '{"adfe3895-e3f6-4dc0-8a99-1282de8d2416":{"ciphertext":"Lqi3DAA+ZfvpRWywLxf2oE8=","nonce":"FG65fjwDzXSsx0OqiAb/SxGzHll2OpwT"},"a467f7a7-dd7d-48df-a0ab-049859644453":{"ciphertext":"42bFjHvh69cT8r+b7g/hsZc=","nonce":"3IIN6gVx6pnTAOOUBh29HbqNUzG8z/cD"}}', '2026-05-11 11:56:06.137+00', '2026-05-11 11:38:40.775207+00', '2026-05-11 11:56:06.331494+00', 'a467f7a7-dd7d-48df-a0ab-049859644453'),
	('acce05f0-4338-4bef-a4f4-146e125eed3e', '28dd1e62-881c-476c-8e3a-1a069a1db647', 'adfe3895-e3f6-4dc0-8a99-1282de8d2416', '{"adfe3895-e3f6-4dc0-8a99-1282de8d2416":{"ciphertext":"lZYG7NiZR4S7IOsUMgwaUouEBds=","nonce":"BycB89EpgF2ujqTWE9Gz32ZEWN9H8BR9"},"a467f7a7-dd7d-48df-a0ab-049859644453":{"ciphertext":"qaqVNYORN25SKanKdvyDQB2eo+E=","nonce":"mxBanS0Sot4s2FNMqwOb9r1+fezmCvKo"}}', '2026-05-12 11:26:44.828+00', '2026-05-11 17:54:38.335845+00', '2026-05-12 11:26:44.988956+00', 'a467f7a7-dd7d-48df-a0ab-049859644453'),
	('04bb30fe-e28c-4ba3-998e-d087f2b0c009', '28dd1e62-881c-476c-8e3a-1a069a1db647', 'adfe3895-e3f6-4dc0-8a99-1282de8d2416', '{"adfe3895-e3f6-4dc0-8a99-1282de8d2416":{"ciphertext":"vI5PitMTYNEqR5rv0iTn3p7IRAM=","nonce":"kzOhJFiFNcYVAtTkO1Z/fxRcoFPZLCIr"},"a467f7a7-dd7d-48df-a0ab-049859644453":{"ciphertext":"EizmahoSQvRUto1HRfBMTJAZK88=","nonce":"JtBySt/HURe2FtiplplsB92Dyeidpezq"}}', '2026-05-12 11:26:44.828+00', '2026-05-11 20:07:19.259873+00', '2026-05-12 11:26:45.0518+00', 'a467f7a7-dd7d-48df-a0ab-049859644453'),
	('ecf71e6d-d778-4716-bdad-bec869be37c1', '28dd1e62-881c-476c-8e3a-1a069a1db647', 'adfe3895-e3f6-4dc0-8a99-1282de8d2416', '{"adfe3895-e3f6-4dc0-8a99-1282de8d2416":{"ciphertext":"I5d82vEnDNGDs08iI/j/xEoRh7BJ+LC2JiqOcg==","nonce":"ypOVP/p65lI7GDGAD8I467/zIkeY9PM+"},"a467f7a7-dd7d-48df-a0ab-049859644453":{"ciphertext":"qxZIZYD1AF9TEF+ME8Lf9rWVV2BTVZhQJqLZPg==","nonce":"HbL8JCs4hw/xNKaINyzzQpGmbak/Wpa+"}}', '2026-05-12 11:26:44.829+00', '2026-05-12 03:43:24.76497+00', '2026-05-12 11:26:45.378711+00', 'a467f7a7-dd7d-48df-a0ab-049859644453'),
	('168e4da5-9323-4022-aa34-b584c8b89544', '28dd1e62-881c-476c-8e3a-1a069a1db647', 'adfe3895-e3f6-4dc0-8a99-1282de8d2416', '{"adfe3895-e3f6-4dc0-8a99-1282de8d2416":{"ciphertext":"LapG805xhAbgyMJxCOfZAxB9ydyC/jadXOf+1BMIhpmQjN0mlvRjt4c=","nonce":"4GrKOGE8Ncz9qMlUdnuUdfqlD090mfVZ"},"a467f7a7-dd7d-48df-a0ab-049859644453":{"ciphertext":"khPAtHcIg1SKGzHS5w4nRzEDgPJXp2wwgwsSO+7BUHoGpkmUfhjSw1g=","nonce":"p5eoTB4sQTbT82eHEtwHK962DvR2dETe"}}', '2026-05-12 11:26:44.829+00', '2026-05-12 03:51:55.297853+00', '2026-05-12 11:26:45.381479+00', 'a467f7a7-dd7d-48df-a0ab-049859644453'),
	('be3f2b50-83cb-4260-83ff-b1e72a11f657', '28dd1e62-881c-476c-8e3a-1a069a1db647', 'adfe3895-e3f6-4dc0-8a99-1282de8d2416', '{"adfe3895-e3f6-4dc0-8a99-1282de8d2416":{"ciphertext":"NQXRycnffl50QSvOEUbRfHefO1jliG8fUz3HQfM=","nonce":"dtqnXp6z73i0enEsRyy+WRlZD4qO7cda"},"a467f7a7-dd7d-48df-a0ab-049859644453":{"ciphertext":"QTf5TGv9vw3iffvEVH17S73PgkFOdy25QcMpCn0=","nonce":"0a5UBbHNJ85gWO8Iah8hCQT9fFkT/Bqx"}}', '2026-05-12 11:26:44.83+00', '2026-05-12 04:06:33.912002+00', '2026-05-12 11:26:45.499332+00', 'a467f7a7-dd7d-48df-a0ab-049859644453'),
	('02173a6c-0cdc-43a6-8436-fad57d2e9759', '28dd1e62-881c-476c-8e3a-1a069a1db647', 'adfe3895-e3f6-4dc0-8a99-1282de8d2416', '{"adfe3895-e3f6-4dc0-8a99-1282de8d2416":{"ciphertext":"2jicLTMGfzy0RXyGf4HT9fl0eUTDcAxb0+y5E+mdj7U78sNfOA==","nonce":"Tfal3oMwhEzvDIzQILHjBBwlD3WemeZF"},"a467f7a7-dd7d-48df-a0ab-049859644453":{"ciphertext":"Mh1+kt5DxU6/vkwKCyzTroPpWeN13fK5toiT4mi6aJfTvqpu5g==","nonce":"WQoDmvUMFBLodc8DKRpBrgQ4Tdq06NZn"}}', '2026-05-12 11:26:44.83+00', '2026-05-12 04:04:28.485611+00', '2026-05-12 11:26:45.502189+00', 'a467f7a7-dd7d-48df-a0ab-049859644453'),
	('f83f1573-87bc-445c-84a0-716562de1b64', '28dd1e62-881c-476c-8e3a-1a069a1db647', 'adfe3895-e3f6-4dc0-8a99-1282de8d2416', '{"adfe3895-e3f6-4dc0-8a99-1282de8d2416":{"ciphertext":"jjPbtcw+L0wU/BPzbtDuHkf+cVHgH9kcLNTd/In0UQ==","nonce":"/P6ZSN26iOT4PdUvMjsG7gMnswdvgQu3"},"a467f7a7-dd7d-48df-a0ab-049859644453":{"ciphertext":"Ptr4swn3YIRgrSoH+lgd5jCOoBMKQYzfz6x4yRBEiQ==","nonce":"P8fRJkDxyzHQb7xJEJ8mc+hqthb1k6Bi"}}', '2026-05-12 11:26:44.83+00', '2026-05-12 04:31:51.509293+00', '2026-05-12 11:26:45.533326+00', 'a467f7a7-dd7d-48df-a0ab-049859644453'),
	('ae9957d9-225e-4887-b2b7-1e210a67af00', '28dd1e62-881c-476c-8e3a-1a069a1db647', 'adfe3895-e3f6-4dc0-8a99-1282de8d2416', '{"adfe3895-e3f6-4dc0-8a99-1282de8d2416":{"ciphertext":"5wdxI2w5ARpMbQaOsZpX3Uw=","nonce":"08cyXQNKKrm8Kscdadx8+PMDrIyJ/fJB"},"a467f7a7-dd7d-48df-a0ab-049859644453":{"ciphertext":"1hgiJKhwZEi3V8D9LNpVlH8=","nonce":"ExOcuK6CFpKrx3F57gI1m6m26YsFn8WT"}}', '2026-05-12 11:26:44.83+00', '2026-05-12 06:21:03.806185+00', '2026-05-12 11:26:45.556486+00', 'a467f7a7-dd7d-48df-a0ab-049859644453'),
	('bb91578f-e8f8-429b-b71c-5f2a83fe25fa', '28dd1e62-881c-476c-8e3a-1a069a1db647', 'adfe3895-e3f6-4dc0-8a99-1282de8d2416', '{"adfe3895-e3f6-4dc0-8a99-1282de8d2416":{"ciphertext":"tq6qd4yCE17x32A6OsHqvBU=","nonce":"2RLytaIYQzKVyYwABr7bgbc5JZV2ScfM"},"a467f7a7-dd7d-48df-a0ab-049859644453":{"ciphertext":"ehAVo2cX8I6jG0CJykenaDA=","nonce":"HPwygPjwnCTrozBKCJcWcbrHuz0cqtOc"}}', '2026-05-11 11:56:06.138+00', '2026-05-11 11:30:48.583116+00', '2026-05-11 11:56:06.371704+00', 'a467f7a7-dd7d-48df-a0ab-049859644453'),
	('6c391121-3516-4621-8720-7f666070d5e7', '28dd1e62-881c-476c-8e3a-1a069a1db647', 'adfe3895-e3f6-4dc0-8a99-1282de8d2416', '{"adfe3895-e3f6-4dc0-8a99-1282de8d2416":{"ciphertext":"gbCKtpGWetRdUIwkap/meNU=","nonce":"R0KgsFB0bjBh7Hw/xiyiE29+xetQ3F3T"},"a467f7a7-dd7d-48df-a0ab-049859644453":{"ciphertext":"b69OgrPrgV7IKUfWy7ULt6Q=","nonce":"QQY/J/pwPG9HQ5qkkvZMQGjvAbCy75GD"}}', '2026-05-11 11:56:06.138+00', '2026-05-11 11:30:41.846735+00', '2026-05-11 11:56:06.39493+00', 'a467f7a7-dd7d-48df-a0ab-049859644453'),
	('0a269c85-c910-431a-b014-0223c067b321', '28dd1e62-881c-476c-8e3a-1a069a1db647', 'a467f7a7-dd7d-48df-a0ab-049859644453', '{"a467f7a7-dd7d-48df-a0ab-049859644453":{"ciphertext":"PRvT+OnYp5k043uFO+8wx3WZ","nonce":"SWTX0pdeVgMI1OdOC3Qd3JtPUma71cha"},"adfe3895-e3f6-4dc0-8a99-1282de8d2416":{"ciphertext":"nCKw5eWcFL29XcY4BgkbIbkb","nonce":"oNhoytTr0zqw0hufr9ei11ZkF1245UPT"}}', '2026-05-11 11:56:18.589+00', '2026-05-11 11:56:18.135101+00', '2026-05-11 11:56:18.658494+00', 'adfe3895-e3f6-4dc0-8a99-1282de8d2416'),
	('134d7a2a-faf3-4fdd-b97d-e40ad08668dc', '28dd1e62-881c-476c-8e3a-1a069a1db647', 'adfe3895-e3f6-4dc0-8a99-1282de8d2416', '{"adfe3895-e3f6-4dc0-8a99-1282de8d2416":{"ciphertext":"21j296gC1Tda0zfh87/tUMy3u8I=","nonce":"Dvjl7TGsJNPbUL2q8DTk7ZdCifgrIMOC"},"a467f7a7-dd7d-48df-a0ab-049859644453":{"ciphertext":"ui9qk8GnRQ92jyF0wIRo8HWxZlQ=","nonce":"A7IxAeZ7GdNc+XqTSmT+XMmb2QWzg9Lk"}}', '2026-05-11 12:00:12.292+00', '2026-05-11 11:30:33.987762+00', '2026-05-11 12:00:12.34009+00', 'a467f7a7-dd7d-48df-a0ab-049859644453'),
	('a2d3033e-8ede-4ada-aeb5-0d4d6bae0c99', '28dd1e62-881c-476c-8e3a-1a069a1db647', 'adfe3895-e3f6-4dc0-8a99-1282de8d2416', '{"adfe3895-e3f6-4dc0-8a99-1282de8d2416":{"ciphertext":"5AMbr3NDalGlcsoElSTTi4c=","nonce":"iYNvMxfr7i7tZ6x8esQ5oLX0x5cmKzqm"},"a467f7a7-dd7d-48df-a0ab-049859644453":{"ciphertext":"VzfZkALQubTbJ3AqYyj4lm0=","nonce":"nrjNwWkCAQuVfFFUnnR2P56br3gLEKVW"}}', '2026-05-11 12:00:12.292+00', '2026-05-11 11:30:39.317239+00', '2026-05-11 12:00:12.34009+00', 'a467f7a7-dd7d-48df-a0ab-049859644453'),
	('505a5444-5b24-443a-b068-4fdd1b8953bd', '28dd1e62-881c-476c-8e3a-1a069a1db647', 'adfe3895-e3f6-4dc0-8a99-1282de8d2416', '{"adfe3895-e3f6-4dc0-8a99-1282de8d2416":{"ciphertext":"6FKJDx1hMOa5ifd5oZFOOPSOIbm1OOX19mEZ1A==","nonce":"F5MWml9I7AD9Ou8gnCA7xDL8a0bjcJz/"},"a467f7a7-dd7d-48df-a0ab-049859644453":{"ciphertext":"LyRmVImotvZy+nZbIWxSP1h0BDYzDvDEnYulJA==","nonce":"XqiW4Lcvg8Ai1DFHJdM26MSqj1frYeJZ"}}', '2026-05-12 11:26:44.828+00', '2026-05-11 19:04:29.640415+00', '2026-05-12 11:26:45.029206+00', 'a467f7a7-dd7d-48df-a0ab-049859644453'),
	('a43755c0-97d2-4849-968e-f297e9bcd618', '28dd1e62-881c-476c-8e3a-1a069a1db647', 'adfe3895-e3f6-4dc0-8a99-1282de8d2416', '{"adfe3895-e3f6-4dc0-8a99-1282de8d2416":{"ciphertext":"SFn6CCWEPTTW3isC4Egwc7aaVDeP7zUovXLaaCsovbkK","nonce":"JGtHUfFzPEmMIaR1Vuvlclae75hmQJRC"},"a467f7a7-dd7d-48df-a0ab-049859644453":{"ciphertext":"K7A0HaS2BcOEl6ciH3q/Mjcuh1bqfvSeCaR5cMARC2VE","nonce":"X/L6EZMntq2QcMqDOH1wY8LSR3GfBvhs"}}', '2026-05-12 11:26:44.828+00', '2026-05-11 19:05:03.030832+00', '2026-05-12 11:26:45.03712+00', 'a467f7a7-dd7d-48df-a0ab-049859644453'),
	('e46e7d60-7a59-4891-a0bb-64f2254932a1', '28dd1e62-881c-476c-8e3a-1a069a1db647', 'adfe3895-e3f6-4dc0-8a99-1282de8d2416', '{"adfe3895-e3f6-4dc0-8a99-1282de8d2416":{"ciphertext":"sBRpnLNwsYYWkvpb0A5z6v30mO0y","nonce":"5LRSYvf0kOo7Dwlsk5r/kuGqpaH7x5BY"},"a467f7a7-dd7d-48df-a0ab-049859644453":{"ciphertext":"mdG49mx8Ym/mrUdDEe3olG/E3Cd+","nonce":"Ju23IdlX3qYWDU9AlUQi8oY178k6fQ3H"}}', '2026-05-12 11:26:44.828+00', '2026-05-11 20:08:04.039078+00', '2026-05-12 11:26:45.067583+00', 'a467f7a7-dd7d-48df-a0ab-049859644453'),
	('6a683df1-eded-4fee-aaab-63ce79bce614', '28dd1e62-881c-476c-8e3a-1a069a1db647', 'adfe3895-e3f6-4dc0-8a99-1282de8d2416', '{"adfe3895-e3f6-4dc0-8a99-1282de8d2416":{"ciphertext":"uRL8k3l1APlOneCld7XQGN8=","nonce":"KPC/bnjpvqfyE8XMly2kEgcUCvsp1d/w"},"a467f7a7-dd7d-48df-a0ab-049859644453":{"ciphertext":"dJUOdv8K/hx5O9tJuCFu2M0=","nonce":"y0WAezQKRnOKUOpgtN+ZZVKF8juhhxbz"}}', '2026-05-12 11:26:44.829+00', '2026-05-11 20:08:19.180698+00', '2026-05-12 11:26:45.277872+00', 'a467f7a7-dd7d-48df-a0ab-049859644453'),
	('98792467-5736-4a32-908d-770d3db55bb5', '28dd1e62-881c-476c-8e3a-1a069a1db647', 'adfe3895-e3f6-4dc0-8a99-1282de8d2416', '{"adfe3895-e3f6-4dc0-8a99-1282de8d2416":{"ciphertext":"hEPTJ5xbiV0sASFxFCuo0qj1Un1udMa4YK10dMn3","nonce":"/L1177rWpf52wwSQV/3W9LaAHX0lSYIE"},"a467f7a7-dd7d-48df-a0ab-049859644453":{"ciphertext":"ZK7rVk4blprEMKNfT72Jhgj9KcaSmLOyW4H8GzuP","nonce":"9vTqZnp9CNgwcGL1ZLucUEN74cftVtXn"}}', '2026-05-12 11:26:44.829+00', '2026-05-12 03:49:26.928871+00', '2026-05-12 11:26:45.356011+00', 'a467f7a7-dd7d-48df-a0ab-049859644453'),
	('140d21b1-5352-4903-a69d-d5ebc52d973f', '28dd1e62-881c-476c-8e3a-1a069a1db647', 'adfe3895-e3f6-4dc0-8a99-1282de8d2416', '{"adfe3895-e3f6-4dc0-8a99-1282de8d2416":{"ciphertext":"mlPvpP2hYUqGmJVmoVL8tnOWUsdzEhKq4bP+NN0u","nonce":"paQPsuR+Hq3VS4azdH37JHyeZkgHZfRL"},"a467f7a7-dd7d-48df-a0ab-049859644453":{"ciphertext":"pBJYuRpGBWG2JjH/8ghzrglX0VKb9YkN1eVl87DW","nonce":"VC6JTVlt3V9ge8CoKqtyftLUy0stU2tl"}}', '2026-05-12 11:26:44.83+00', '2026-05-12 03:53:14.287883+00', '2026-05-12 11:26:45.439477+00', 'a467f7a7-dd7d-48df-a0ab-049859644453'),
	('fb2824fa-626e-4e6f-958b-9eaf925807a9', '28dd1e62-881c-476c-8e3a-1a069a1db647', 'adfe3895-e3f6-4dc0-8a99-1282de8d2416', '{"adfe3895-e3f6-4dc0-8a99-1282de8d2416":{"ciphertext":"Wrs9cpIJkHiNONcBC3fNGJxBicpXSqqtX0m+HUQYlqtCoXo=","nonce":"H6LY07PWvUud9rXOGYWNzcAyo5cigUHF"},"a467f7a7-dd7d-48df-a0ab-049859644453":{"ciphertext":"Ljx4S6h6ZjXM1Oo2CA3tXVHVCNACSLIQVGcpHlaxFIxVE8I=","nonce":"gUVwBNsrde3QDwaCwD3ptrKo/yPh7M+l"}}', '2026-05-12 11:26:44.83+00', '2026-05-12 04:06:11.829461+00', '2026-05-12 11:26:45.484564+00', 'a467f7a7-dd7d-48df-a0ab-049859644453'),
	('ec83f760-c649-43ad-ab0b-d095d4c87bb9', '28dd1e62-881c-476c-8e3a-1a069a1db647', 'adfe3895-e3f6-4dc0-8a99-1282de8d2416', '{"adfe3895-e3f6-4dc0-8a99-1282de8d2416":{"ciphertext":"x2IlT7gU5DDTKNtnqcqLXtZUDafTaHzr3iVuKw9Hq+OC/s0=","nonce":"81hA8glCv+pNMSuvfFZ9JDw104U+LJZ+"},"a467f7a7-dd7d-48df-a0ab-049859644453":{"ciphertext":"TTomyeW6KqKgSxRO7cojrXqwIbKp9HFzOeqtuCi+9T9Vgmg=","nonce":"2Y7qoW3LmynVh1GgdJiT9OaYCHWU7kGM"}}', '2026-05-12 11:26:44.83+00', '2026-05-12 04:07:14.261851+00', '2026-05-12 11:26:45.502682+00', 'a467f7a7-dd7d-48df-a0ab-049859644453'),
	('e576d386-8b3e-4030-8700-15723cdcd527', '28dd1e62-881c-476c-8e3a-1a069a1db647', 'adfe3895-e3f6-4dc0-8a99-1282de8d2416', '{"adfe3895-e3f6-4dc0-8a99-1282de8d2416":{"ciphertext":"4HoloPXUy2fyQQHGMrhglr1eHw==","nonce":"PJMaXEHdR5I6jEz28fV9ESTGmhJZRZTh"},"a467f7a7-dd7d-48df-a0ab-049859644453":{"ciphertext":"21mRuCFOm1V9uLAGBYNK8frFLw==","nonce":"V06tpUHNSw9lgTYfqHrbuo7WWrdq3mFo"}}', '2026-05-12 11:26:44.83+00', '2026-05-12 06:17:44.876428+00', '2026-05-12 11:26:45.544713+00', 'a467f7a7-dd7d-48df-a0ab-049859644453'),
	('213f5435-55a9-4b63-b022-a004849f2025', '28dd1e62-881c-476c-8e3a-1a069a1db647', 'adfe3895-e3f6-4dc0-8a99-1282de8d2416', '{"adfe3895-e3f6-4dc0-8a99-1282de8d2416":{"ciphertext":"Q2w2EvzXjPHstnncXT0yMWm6J+YQ4qaw4Ma1","nonce":"cXgvSqef48GBx5RQ2vEwidEKVcHtL46d"},"a467f7a7-dd7d-48df-a0ab-049859644453":{"ciphertext":"knEGUaUaLeVPd2e0KU+bD72s+7YxH9OV3Jce","nonce":"UeXAFyv9ZNKOMt18CyfUxfoo8pOqR5z3"}}', '2026-05-12 11:26:44.83+00', '2026-05-12 06:25:02.799396+00', '2026-05-12 11:26:45.557245+00', 'a467f7a7-dd7d-48df-a0ab-049859644453');


--
-- Data for Name: posts; Type: TABLE DATA; Schema: public; Owner: postgres
--

INSERT INTO "public"."posts" ("id", "user_id", "post_type", "content", "status", "created_at", "updated_at", "reaction_count", "comment_count") VALUES
	('22e55c57-d8e9-415f-ac61-222650375df1', '9eb8b33e-758a-455d-a05f-2e1ce99e3f9a', 'confession', 'I sometimes pretend to be busy just to avoid social events. The anxiety of meeting new people overwhelms me, but no one knows this about me.', 'published', '2026-05-10 08:15:10.635404+00', '2026-05-11 06:57:05.222897+00', 1, 22),
	('bb7989d4-26a9-4116-bf31-bcd0af29f431', '9eb8b33e-758a-455d-a05f-2e1ce99e3f9a', 'vent', 'I''m so tired of people who are always late. It shows such disrespect for everyone else''s time and it drives me absolutely crazy.', 'published', '2026-05-10 08:15:10.635404+00', '2026-05-11 06:57:44.687715+00', 1, 21),
	('4c1c8a23-5043-43b1-801d-31e7e8cdfce0', 'adfe3895-e3f6-4dc0-8a99-1282de8d2416', 'confession', 'this test test test test st', 'deleted', '2026-05-07 06:35:50.64345+00', '2026-05-10 08:21:45.889488+00', 2, 7),
	('e07fe405-0748-45fb-9890-0a4d4e4a7bfa', 'a467f7a7-dd7d-48df-a0ab-049859644453', 'confession', 'other test', 'deleted', '2026-05-07 11:28:08.41127+00', '2026-05-10 08:21:45.889488+00', 1, 11),
	('4bfe0a16-04c2-4cd9-9e4c-d764a780d661', 'adfe3895-e3f6-4dc0-8a99-1282de8d2416', 'question', 'testestest', 'published', '2026-05-07 08:13:48.953659+00', '2026-05-10 08:21:45.889488+00', 1, 57),
	('4ec550bc-370f-449f-bc59-f0aad06ee701', '9eb8b33e-758a-455d-a05f-2e1ce99e3f9a', 'question', 'How do you deal with imposter syndrome at work? I keep waiting for someone to realize I don''t know what I''m doing.', 'published', '2026-05-10 08:15:10.635404+00', '2026-05-10 08:21:45.889488+00', 0, 18),
	('d99fae3c-b3cd-417a-b351-b8141da9a94e', '9eb8b33e-758a-455d-a05f-2e1ce99e3f9a', 'advice', 'If you''re struggling with motivation, start with just 5 minutes. The hardest part is starting, but once you begin, momentum carries you forward.', 'published', '2026-05-10 08:15:10.635404+00', '2026-05-10 08:21:45.889488+00', 0, 20),
	('4e108bb4-370d-4740-a429-5448e3bc034a', 'a467f7a7-dd7d-48df-a0ab-049859644453', 'confession', 'I sometimes pretend to be busy just to avoid social events. The anxiety of meeting new people overwhelms me, but no one knows this about me.', 'published', '2026-05-10 08:15:10.635404+00', '2026-05-10 08:21:45.889488+00', 0, 17),
	('1f8f45ca-e243-4dc7-b8d4-23292f096f33', 'a467f7a7-dd7d-48df-a0ab-049859644453', 'vent', 'I''m so tired of people who are always late. It shows such disrespect for everyone else''s time and it drives me absolutely crazy.', 'published', '2026-05-10 08:15:10.635404+00', '2026-05-10 08:21:45.889488+00', 0, 18),
	('ac7d026f-44f9-4d8c-8e16-b4e6b8f79181', 'a467f7a7-dd7d-48df-a0ab-049859644453', 'question', 'How do you deal with imposter syndrome at work? I keep waiting for someone to realize I don''t know what I''m doing.', 'published', '2026-05-10 08:15:10.635404+00', '2026-05-10 08:21:45.889488+00', 0, 20),
	('70deeb4e-18f9-4b22-b073-a8be4270189e', 'a467f7a7-dd7d-48df-a0ab-049859644453', 'advice', 'If you''re struggling with motivation, start with just 5 minutes. The hardest part is starting, but once you begin, momentum carries you forward.', 'published', '2026-05-10 08:15:10.635404+00', '2026-05-10 08:21:45.889488+00', 0, 24),
	('16508a31-3ed3-4cd5-928a-10272728ddb8', 'adfe3895-e3f6-4dc0-8a99-1282de8d2416', 'confession', 'I sometimes pretend to be busy just to avoid social events. The anxiety of meeting new people overwhelms me, but no one knows this about me.', 'published', '2026-05-10 08:15:10.635404+00', '2026-05-10 08:21:45.889488+00', 0, 21),
	('aa617836-1b35-454e-a277-6e20f49d327e', 'adfe3895-e3f6-4dc0-8a99-1282de8d2416', 'vent', 'I''m so tired of people who are always late. It shows such disrespect for everyone else''s time and it drives me absolutely crazy.', 'published', '2026-05-10 08:15:10.635404+00', '2026-05-10 08:21:45.889488+00', 0, 20),
	('b90ef7b1-7c00-4ec9-9a9c-9f4734c27783', 'adfe3895-e3f6-4dc0-8a99-1282de8d2416', 'question', 'How do you deal with imposter syndrome at work? I keep waiting for someone to realize I don''t know what I''m doing.', 'published', '2026-05-10 08:15:10.635404+00', '2026-05-10 08:21:45.889488+00', 0, 22),
	('bada9c44-609c-4ea8-9881-30b99ada1390', 'adfe3895-e3f6-4dc0-8a99-1282de8d2416', 'advice', 'If you''re struggling with motivation, start with just 5 minutes. The hardest part is starting, but once you begin, momentum carries you forward.', 'published', '2026-05-10 08:15:10.635404+00', '2026-05-10 08:21:45.889488+00', 0, 20),
	('d750c25c-186d-4c02-9cbc-c0943c638bf7', '9eb8b33e-758a-455d-a05f-2e1ce99e3f9a', 'confession', 'I secretly enjoy when plans get canceled at the last minute. It gives me an excuse to stay home and recharge without feeling guilty.', 'published', '2026-05-10 08:15:10.635404+00', '2026-05-10 08:21:45.889488+00', 0, 19),
	('e9242701-2b48-414a-a424-70908b4bd952', '9eb8b33e-758a-455d-a05f-2e1ce99e3f9a', 'vent', 'Why do customers think they can treat service workers like garbage? We''re human beings trying to make a living, not your personal punching bags.', 'published', '2026-05-10 08:15:10.635404+00', '2026-05-10 08:21:45.889488+00', 0, 23),
	('a1965eb5-4d61-4435-8481-b24862e2023a', '9eb8b33e-758a-455d-a05f-2e1ce99e3f9a', 'question', 'Is it normal to feel completely lost in your 20s? Everyone else seems to have their life together but I''m just winging it day by day.', 'published', '2026-05-10 08:15:10.635404+00', '2026-05-10 08:21:45.889488+00', 0, 18),
	('09a891e5-9285-44b6-a7f4-32f8d7b0c693', '9eb8b33e-758a-455d-a05f-2e1ce99e3f9a', 'advice', 'Learn to say no without guilt. Your time and energy are finite resources - protect them fiercely and invest them in what truly matters.', 'published', '2026-05-10 08:15:10.635404+00', '2026-05-10 08:21:45.889488+00', 0, 20),
	('06c1da3d-c01f-4bbd-bbf2-b9747cbc1523', 'a467f7a7-dd7d-48df-a0ab-049859644453', 'confession', 'I secretly enjoy when plans get canceled at the last minute. It gives me an excuse to stay home and recharge without feeling guilty.', 'published', '2026-05-10 08:15:10.635404+00', '2026-05-10 08:21:45.889488+00', 0, 21),
	('50834ae3-fbee-4a6e-8d80-5f9ab6199fce', 'a467f7a7-dd7d-48df-a0ab-049859644453', 'vent', 'Why do customers think they can treat service workers like garbage? We''re human beings trying to make a living, not your personal punching bags.', 'published', '2026-05-10 08:15:10.635404+00', '2026-05-10 08:21:45.889488+00', 0, 23),
	('87996792-dbc0-4101-8411-df7afbc6e9df', 'a467f7a7-dd7d-48df-a0ab-049859644453', 'question', 'Is it normal to feel completely lost in your 20s? Everyone else seems to have their life together but I''m just winging it day by day.', 'published', '2026-05-10 08:15:10.635404+00', '2026-05-10 08:21:45.889488+00', 0, 23),
	('52d9e79b-6919-497a-89dc-10f203721854', 'a467f7a7-dd7d-48df-a0ab-049859644453', 'advice', 'Learn to say no without guilt. Your time and energy are finite resources - protect them fiercely and invest them in what truly matters.', 'published', '2026-05-10 08:15:10.635404+00', '2026-05-10 08:21:45.889488+00', 0, 22),
	('6689f567-a1cf-467a-9467-f57d297db665', 'adfe3895-e3f6-4dc0-8a99-1282de8d2416', 'confession', 'I secretly enjoy when plans get canceled at the last minute. It gives me an excuse to stay home and recharge without feeling guilty.', 'published', '2026-05-10 08:15:10.635404+00', '2026-05-10 08:21:45.889488+00', 0, 22),
	('20bae48b-14b9-410c-bd5d-cad33b4cfcda', 'adfe3895-e3f6-4dc0-8a99-1282de8d2416', 'vent', 'Why do customers think they can treat service workers like garbage? We''re human beings trying to make a living, not your personal punching bags.', 'published', '2026-05-10 08:15:10.635404+00', '2026-05-10 08:21:45.889488+00', 0, 20),
	('0990acfc-1ca4-4281-9cfe-2ba76c2e44eb', 'adfe3895-e3f6-4dc0-8a99-1282de8d2416', 'question', 'Is it normal to feel completely lost in your 20s? Everyone else seems to have their life together but I''m just winging it day by day.', 'published', '2026-05-10 08:15:10.635404+00', '2026-05-10 08:21:45.889488+00', 0, 20),
	('e26541ac-7008-4282-9094-c6185b5cbd67', 'adfe3895-e3f6-4dc0-8a99-1282de8d2416', 'advice', 'Learn to say no without guilt. Your time and energy are finite resources - protect them fiercely and invest them in what truly matters.', 'published', '2026-05-10 08:15:10.635404+00', '2026-05-10 08:21:45.889488+00', 0, 19);


--
-- Data for Name: post_comments; Type: TABLE DATA; Schema: public; Owner: postgres
--

INSERT INTO "public"."post_comments" ("id", "post_id", "user_id", "parent_comment_id", "content", "status", "created_at", "updated_at") VALUES
	('07398225-e47e-46e7-9d8c-706ac3b619ee', '4bfe0a16-04c2-4cd9-9e4c-d764a780d661', 'adfe3895-e3f6-4dc0-8a99-1282de8d2416', '1ac10c79-0066-4f0e-8a4c-377e56892688', 'test test', 'active', '2026-05-07 08:37:17.50995+00', '2026-05-07 08:37:17.50995+00'),
	('697abdcc-15d0-4d56-8a46-450a9d9d4636', '4c1c8a23-5043-43b1-801d-31e7e8cdfce0', 'adfe3895-e3f6-4dc0-8a99-1282de8d2416', NULL, 'test 123 123 123', 'active', '2026-05-07 08:38:44.627401+00', '2026-05-07 08:38:44.627401+00'),
	('9a5dc26e-d7e7-407d-9c30-3bef4d510337', '4bfe0a16-04c2-4cd9-9e4c-d764a780d661', 'a467f7a7-dd7d-48df-a0ab-049859644453', '9fc771d8-5165-411e-ac00-8adfff74b450', 'test goat', 'active', '2026-05-07 11:35:56.878879+00', '2026-05-07 11:35:56.878879+00'),
	('9fc771d8-5165-411e-ac00-8adfff74b450', '4bfe0a16-04c2-4cd9-9e4c-d764a780d661', 'adfe3895-e3f6-4dc0-8a99-1282de8d2416', '1ac10c79-0066-4f0e-8a4c-377e56892688', 'ddddddddddddddddddddddddddddddddddddddddddddddddddddddddddddd', 'active', '2026-05-07 08:37:38.01491+00', '2026-05-07 12:31:34.17465+00'),
	('1ac10c79-0066-4f0e-8a4c-377e56892688', '4bfe0a16-04c2-4cd9-9e4c-d764a780d661', 'adfe3895-e3f6-4dc0-8a99-1282de8d2416', NULL, 'test testddddddddddddddddddddddddddddddddddddddddddddddddddddd', 'active', '2026-05-07 08:37:04.976987+00', '2026-05-07 12:31:50.536924+00'),
	('77922e84-b982-4c2c-9b19-62c432a9717c', 'e07fe405-0748-45fb-9890-0a4d4e4a7bfa', 'adfe3895-e3f6-4dc0-8a99-1282de8d2416', NULL, 'kkk', 'active', '2026-05-09 20:36:15.825518+00', '2026-05-09 20:36:15.825518+00'),
	('147fd70b-a6ae-455e-b7cd-6116b2a38128', 'e07fe405-0748-45fb-9890-0a4d4e4a7bfa', 'adfe3895-e3f6-4dc0-8a99-1282de8d2416', '77922e84-b982-4c2c-9b19-62c432a9717c', 'kkkkk', 'active', '2026-05-09 20:36:41.50792+00', '2026-05-09 20:36:41.50792+00'),
	('52451551-d6f4-4573-932c-805def7d9e87', '4bfe0a16-04c2-4cd9-9e4c-d764a780d661', '9eb8b33e-758a-455d-a05f-2e1ce99e3f9a', NULL, 'This helps me feel less alone in my own struggles.', 'active', '2026-05-10 08:18:46.062801+00', '2026-05-10 08:18:46.062801+00'),
	('71be29e2-3ab8-41ba-859a-a4d2994f5b3f', '4bfe0a16-04c2-4cd9-9e4c-d764a780d661', 'a467f7a7-dd7d-48df-a0ab-049859644453', NULL, 'This takes courage to post. I appreciate your honesty.', 'active', '2026-05-10 08:18:46.062801+00', '2026-05-10 08:18:46.062801+00'),
	('ba4826f4-0a40-4b1a-b9b3-a277bde3f7a9', '22e55c57-d8e9-415f-ac61-222650375df1', 'adfe3895-e3f6-4dc0-8a99-1282de8d2416', NULL, 'This takes courage to post. I appreciate your honesty.', 'active', '2026-05-10 08:18:46.062801+00', '2026-05-10 08:18:46.062801+00'),
	('524cef55-68f8-4456-99e8-a655398956ca', '22e55c57-d8e9-415f-ac61-222650375df1', 'a467f7a7-dd7d-48df-a0ab-049859644453', NULL, 'Your experience matters and is valid.', 'active', '2026-05-10 08:18:46.062801+00', '2026-05-10 08:18:46.062801+00'),
	('121840a2-b54f-4b1a-82d4-c519554a299c', 'bb7989d4-26a9-4116-bf31-bcd0af29f431', 'a467f7a7-dd7d-48df-a0ab-049859644453', NULL, 'I''m proud of you for sharing your truth.', 'active', '2026-05-10 08:18:46.062801+00', '2026-05-10 08:18:46.062801+00'),
	('656916e0-f3f3-45f3-87c4-fed4b6eaefb0', 'bb7989d4-26a9-4116-bf31-bcd0af29f431', 'adfe3895-e3f6-4dc0-8a99-1282de8d2416', NULL, 'This perspective is really eye-opening.', 'active', '2026-05-10 08:18:46.062801+00', '2026-05-10 08:18:46.062801+00'),
	('d159d250-5e63-4755-9217-82de0cea1c12', '4ec550bc-370f-449f-bc59-f0aad06ee701', 'a467f7a7-dd7d-48df-a0ab-049859644453', NULL, 'This made me feel understood. Thank you.', 'active', '2026-05-10 08:18:46.062801+00', '2026-05-10 08:18:46.062801+00'),
	('380162ee-40b1-43f4-80e5-38d248bd2e9b', '4ec550bc-370f-449f-bc59-f0aad06ee701', 'adfe3895-e3f6-4dc0-8a99-1282de8d2416', NULL, 'This made me feel understood. Thank you.', 'active', '2026-05-10 08:18:46.062801+00', '2026-05-10 08:18:46.062801+00'),
	('8f02fd9f-8ddd-4a88-8361-3e1484e40fbe', 'd99fae3c-b3cd-417a-b351-b8141da9a94e', 'adfe3895-e3f6-4dc0-8a99-1282de8d2416', NULL, 'I''ve been through something similar and you''re not alone.', 'active', '2026-05-10 08:18:46.062801+00', '2026-05-10 08:18:46.062801+00'),
	('2e3181b7-23e1-4f47-96db-06a9ef1c0e9a', 'd99fae3c-b3cd-417a-b351-b8141da9a94e', 'a467f7a7-dd7d-48df-a0ab-049859644453', NULL, 'Your strength is inspiring. Keep going!', 'active', '2026-05-10 08:18:46.062801+00', '2026-05-10 08:18:46.062801+00'),
	('f5d28904-04f7-45fd-a4f8-7be8d9f1582a', '4e108bb4-370d-4740-a429-5448e3bc034a', 'adfe3895-e3f6-4dc0-8a99-1282de8d2416', NULL, 'This community is lucky to have your voice.', 'active', '2026-05-10 08:18:46.062801+00', '2026-05-10 08:18:46.062801+00'),
	('7b01b175-1d4b-41fb-a882-d180c90c7711', '4e108bb4-370d-4740-a429-5448e3bc034a', '9eb8b33e-758a-455d-a05f-2e1ce99e3f9a', NULL, 'This takes courage to post. I appreciate your honesty.', 'active', '2026-05-10 08:18:46.062801+00', '2026-05-10 08:18:46.062801+00'),
	('f5051882-2b51-4fda-94bb-58f92efd2426', '1f8f45ca-e243-4dc7-b8d4-23292f096f33', 'adfe3895-e3f6-4dc0-8a99-1282de8d2416', NULL, 'Your strength is inspiring. Keep going!', 'active', '2026-05-10 08:18:46.062801+00', '2026-05-10 08:18:46.062801+00'),
	('bbf33df0-1228-41d2-bd73-d88dcd5d6c56', '1f8f45ca-e243-4dc7-b8d4-23292f096f33', '9eb8b33e-758a-455d-a05f-2e1ce99e3f9a', NULL, 'This helps me feel less alone in my own struggles.', 'active', '2026-05-10 08:18:46.062801+00', '2026-05-10 08:18:46.062801+00'),
	('53b11a57-f6e7-4775-97e5-dcaab3db93b8', 'ac7d026f-44f9-4d8c-8e16-b4e6b8f79181', 'adfe3895-e3f6-4dc0-8a99-1282de8d2416', NULL, 'This community is lucky to have your voice.', 'active', '2026-05-10 08:18:46.062801+00', '2026-05-10 08:18:46.062801+00'),
	('9ce86b9d-3aea-41a2-96af-30b68dd220cc', 'ac7d026f-44f9-4d8c-8e16-b4e6b8f79181', '9eb8b33e-758a-455d-a05f-2e1ce99e3f9a', NULL, 'I relate to this on so many levels.', 'active', '2026-05-10 08:18:46.062801+00', '2026-05-10 08:18:46.062801+00'),
	('b9c18b46-ff84-4c43-bb61-e3e35c58cdc4', '70deeb4e-18f9-4b22-b073-a8be4270189e', 'adfe3895-e3f6-4dc0-8a99-1282de8d2416', NULL, 'I relate to this on so many levels.', 'active', '2026-05-10 08:18:46.062801+00', '2026-05-10 08:18:46.062801+00'),
	('1cf37824-51c9-49d5-8712-9cc6fb64f3b8', '70deeb4e-18f9-4b22-b073-a8be4270189e', '9eb8b33e-758a-455d-a05f-2e1ce99e3f9a', NULL, 'This perspective is really eye-opening.', 'active', '2026-05-10 08:18:46.062801+00', '2026-05-10 08:18:46.062801+00'),
	('54bf5cf1-027c-4676-9cf9-09b132ccb9e5', '16508a31-3ed3-4cd5-928a-10272728ddb8', 'a467f7a7-dd7d-48df-a0ab-049859644453', NULL, 'I''ve been through something similar and you''re not alone.', 'active', '2026-05-10 08:18:46.062801+00', '2026-05-10 08:18:46.062801+00'),
	('fc026aba-dceb-4594-8a92-adf098459459', '16508a31-3ed3-4cd5-928a-10272728ddb8', '9eb8b33e-758a-455d-a05f-2e1ce99e3f9a', NULL, 'You''re brave for putting this out there.', 'active', '2026-05-10 08:18:46.062801+00', '2026-05-10 08:18:46.062801+00'),
	('2b7f14e6-6730-4b76-abe7-3a30b40ee02b', 'aa617836-1b35-454e-a277-6e20f49d327e', '9eb8b33e-758a-455d-a05f-2e1ce99e3f9a', NULL, 'I relate to this on so many levels.', 'active', '2026-05-10 08:18:46.062801+00', '2026-05-10 08:18:46.062801+00'),
	('e91b035f-fbac-4fab-b097-df084b14a2ca', 'aa617836-1b35-454e-a277-6e20f49d327e', 'a467f7a7-dd7d-48df-a0ab-049859644453', NULL, 'Your words are so powerful and relatable.', 'active', '2026-05-10 08:18:46.062801+00', '2026-05-10 08:18:46.062801+00'),
	('65b82168-5902-4587-a46b-7052a25c3934', 'b90ef7b1-7c00-4ec9-9a9c-9f4734c27783', '9eb8b33e-758a-455d-a05f-2e1ce99e3f9a', NULL, 'Your strength is inspiring. Keep going!', 'active', '2026-05-10 08:18:46.062801+00', '2026-05-10 08:18:46.062801+00'),
	('39d27401-fef0-4015-b258-d302332838e9', 'b90ef7b1-7c00-4ec9-9a9c-9f4734c27783', 'a467f7a7-dd7d-48df-a0ab-049859644453', NULL, 'This helps me feel less alone in my own struggles.', 'active', '2026-05-10 08:18:46.062801+00', '2026-05-10 08:18:46.062801+00'),
	('91162952-039c-4b62-919d-fabc414c9acb', 'bada9c44-609c-4ea8-9881-30b99ada1390', '9eb8b33e-758a-455d-a05f-2e1ce99e3f9a', NULL, 'You''re brave for putting this out there.', 'active', '2026-05-10 08:18:46.062801+00', '2026-05-10 08:18:46.062801+00'),
	('3e2afcc9-e26f-40e8-aee5-d22464ec388a', 'bada9c44-609c-4ea8-9881-30b99ada1390', 'a467f7a7-dd7d-48df-a0ab-049859644453', NULL, 'Your experience matters and is valid.', 'active', '2026-05-10 08:18:46.062801+00', '2026-05-10 08:18:46.062801+00'),
	('ee9c55b9-d580-472f-9f6c-0c8cf3a1b926', 'd750c25c-186d-4c02-9cbc-c0943c638bf7', 'adfe3895-e3f6-4dc0-8a99-1282de8d2416', NULL, 'This made me feel understood. Thank you.', 'active', '2026-05-10 08:18:46.062801+00', '2026-05-10 08:18:46.062801+00'),
	('b2cf0bc9-ae7d-4da2-af7a-9129fb27f70e', 'd750c25c-186d-4c02-9cbc-c0943c638bf7', 'a467f7a7-dd7d-48df-a0ab-049859644453', NULL, 'This takes courage to post. I appreciate your honesty.', 'active', '2026-05-10 08:18:46.062801+00', '2026-05-10 08:18:46.062801+00'),
	('10320276-c988-4178-ab35-2857fb004c26', 'e9242701-2b48-414a-a424-70908b4bd952', 'a467f7a7-dd7d-48df-a0ab-049859644453', NULL, 'Your strength is inspiring. Keep going!', 'active', '2026-05-10 08:18:46.062801+00', '2026-05-10 08:18:46.062801+00'),
	('1b9db426-8c53-46a1-8623-f38c15eff769', 'e9242701-2b48-414a-a424-70908b4bd952', 'adfe3895-e3f6-4dc0-8a99-1282de8d2416', NULL, 'This community is lucky to have your voice.', 'active', '2026-05-10 08:18:46.062801+00', '2026-05-10 08:18:46.062801+00'),
	('739866f0-a7b2-46e7-a9bc-635c1f51e5d7', 'a1965eb5-4d61-4435-8481-b24862e2023a', 'adfe3895-e3f6-4dc0-8a99-1282de8d2416', NULL, 'This made me feel understood. Thank you.', 'active', '2026-05-10 08:18:46.062801+00', '2026-05-10 08:18:46.062801+00'),
	('3be6cb98-4ec3-4bd3-81ec-1fb80497a234', 'a1965eb5-4d61-4435-8481-b24862e2023a', 'a467f7a7-dd7d-48df-a0ab-049859644453', NULL, 'This is exactly what I needed to hear today.', 'active', '2026-05-10 08:18:46.062801+00', '2026-05-10 08:18:46.062801+00'),
	('888bf19a-8036-4f9d-8134-3c5e9584a17b', '09a891e5-9285-44b6-a7f4-32f8d7b0c693', 'a467f7a7-dd7d-48df-a0ab-049859644453', NULL, 'This perspective is really eye-opening.', 'active', '2026-05-10 08:18:46.062801+00', '2026-05-10 08:18:46.062801+00'),
	('3ec28b23-91e6-47a1-b28a-0e0e3d78356a', '09a891e5-9285-44b6-a7f4-32f8d7b0c693', 'adfe3895-e3f6-4dc0-8a99-1282de8d2416', NULL, 'I''m proud of you for sharing your truth.', 'active', '2026-05-10 08:18:46.062801+00', '2026-05-10 08:18:46.062801+00'),
	('fcf2f668-46e6-4eed-95bd-2a9f9a7e39ca', '06c1da3d-c01f-4bbd-bbf2-b9747cbc1523', '9eb8b33e-758a-455d-a05f-2e1ce99e3f9a', NULL, 'Your experience matters and is valid.', 'active', '2026-05-10 08:18:46.062801+00', '2026-05-10 08:18:46.062801+00'),
	('dd8b57ad-6f33-4672-95f5-e94b58591ba1', '06c1da3d-c01f-4bbd-bbf2-b9747cbc1523', 'adfe3895-e3f6-4dc0-8a99-1282de8d2416', NULL, 'This is exactly what I needed to hear today.', 'active', '2026-05-10 08:18:46.062801+00', '2026-05-10 08:18:46.062801+00'),
	('e42b7f22-3b10-452c-9fdc-6134c00d777e', '50834ae3-fbee-4a6e-8d80-5f9ab6199fce', 'adfe3895-e3f6-4dc0-8a99-1282de8d2416', NULL, 'I''m proud of you for sharing your truth.', 'active', '2026-05-10 08:18:46.062801+00', '2026-05-10 08:18:46.062801+00'),
	('6e793f68-9f9f-4ab0-b88c-7bab91fc2c66', '50834ae3-fbee-4a6e-8d80-5f9ab6199fce', '9eb8b33e-758a-455d-a05f-2e1ce99e3f9a', NULL, 'I relate to this on so many levels.', 'active', '2026-05-10 08:18:46.062801+00', '2026-05-10 08:18:46.062801+00'),
	('21aada32-1ae0-4859-878c-998147d19f24', '87996792-dbc0-4101-8411-df7afbc6e9df', 'adfe3895-e3f6-4dc0-8a99-1282de8d2416', NULL, 'Your words are so powerful and relatable.', 'active', '2026-05-10 08:18:46.062801+00', '2026-05-10 08:18:46.062801+00'),
	('fd82d81c-8b7e-426a-ba09-046e13167bc2', '87996792-dbc0-4101-8411-df7afbc6e9df', '9eb8b33e-758a-455d-a05f-2e1ce99e3f9a', NULL, 'Your experience matters and is valid.', 'active', '2026-05-10 08:18:46.062801+00', '2026-05-10 08:18:46.062801+00'),
	('63f5e9fe-6110-452e-8c30-ddf44204ba8f', '52d9e79b-6919-497a-89dc-10f203721854', '9eb8b33e-758a-455d-a05f-2e1ce99e3f9a', NULL, 'This is exactly what I needed to hear today.', 'active', '2026-05-10 08:18:46.062801+00', '2026-05-10 08:18:46.062801+00'),
	('b2e460a7-c1bf-4a79-8fb4-faf9e41d6ea5', '52d9e79b-6919-497a-89dc-10f203721854', 'adfe3895-e3f6-4dc0-8a99-1282de8d2416', NULL, 'This helps me feel less alone in my own struggles.', 'active', '2026-05-10 08:18:46.062801+00', '2026-05-10 08:18:46.062801+00'),
	('1f3b2594-95d3-43e6-aaed-149d4f2ab777', '6689f567-a1cf-467a-9467-f57d297db665', '9eb8b33e-758a-455d-a05f-2e1ce99e3f9a', NULL, 'This is exactly what I needed to hear today.', 'active', '2026-05-10 08:18:46.062801+00', '2026-05-10 08:18:46.062801+00'),
	('f35dea86-48ca-4331-b4b3-de03b1405b93', '6689f567-a1cf-467a-9467-f57d297db665', 'a467f7a7-dd7d-48df-a0ab-049859644453', NULL, 'Your strength is inspiring. Keep going!', 'active', '2026-05-10 08:18:46.062801+00', '2026-05-10 08:18:46.062801+00'),
	('800cb1b4-58d1-43b2-a4b3-b0b988824590', '20bae48b-14b9-410c-bd5d-cad33b4cfcda', 'a467f7a7-dd7d-48df-a0ab-049859644453', NULL, 'I''m here for you. You''ve got this!', 'active', '2026-05-10 08:18:46.062801+00', '2026-05-10 08:18:46.062801+00'),
	('671037e5-3914-4f82-90f7-959276daa241', '20bae48b-14b9-410c-bd5d-cad33b4cfcda', '9eb8b33e-758a-455d-a05f-2e1ce99e3f9a', NULL, 'Your strength is inspiring. Keep going!', 'active', '2026-05-10 08:18:46.062801+00', '2026-05-10 08:18:46.062801+00'),
	('93f0c8c7-59a1-4ea1-8012-af588432178d', '0990acfc-1ca4-4281-9cfe-2ba76c2e44eb', '9eb8b33e-758a-455d-a05f-2e1ce99e3f9a', NULL, 'Thank you for creating a safe space with this post.', 'active', '2026-05-10 08:18:46.062801+00', '2026-05-10 08:18:46.062801+00'),
	('4434cf8c-96a3-42a0-b6b9-dc590c27a284', '0990acfc-1ca4-4281-9cfe-2ba76c2e44eb', 'a467f7a7-dd7d-48df-a0ab-049859644453', NULL, 'This helps me feel less alone in my own struggles.', 'active', '2026-05-10 08:18:46.062801+00', '2026-05-10 08:18:46.062801+00'),
	('d19a133a-f5b9-4fc6-88e5-ad215fc5fbf3', 'e26541ac-7008-4282-9094-c6185b5cbd67', '9eb8b33e-758a-455d-a05f-2e1ce99e3f9a', NULL, 'I''m here for you. You''ve got this!', 'active', '2026-05-10 08:18:46.062801+00', '2026-05-10 08:18:46.062801+00'),
	('ffe63827-db66-4a92-946b-be1aa9b9929a', 'e26541ac-7008-4282-9094-c6185b5cbd67', 'a467f7a7-dd7d-48df-a0ab-049859644453', NULL, 'I''m proud of you for sharing your truth.', 'active', '2026-05-10 08:18:46.062801+00', '2026-05-10 08:18:46.062801+00'),
	('43a93424-1b67-45b8-aed5-c8ed3807f4ee', '4bfe0a16-04c2-4cd9-9e4c-d764a780d661', 'a467f7a7-dd7d-48df-a0ab-049859644453', '07398225-e47e-46e7-9d8c-706ac3b619ee', 'This community is amazing because of people like you.', 'active', '2026-05-10 08:18:46.062801+00', '2026-05-10 08:18:46.062801+00'),
	('86a43bb7-5f84-4c96-af95-8260ff94a277', '4bfe0a16-04c2-4cd9-9e4c-d764a780d661', '9eb8b33e-758a-455d-a05f-2e1ce99e3f9a', '07398225-e47e-46e7-9d8c-706ac3b619ee', 'I hadn''t thought of it this way before.', 'active', '2026-05-10 08:18:46.062801+00', '2026-05-10 08:18:46.062801+00'),
	('36eee246-aa70-4e83-bd07-1423fd9bc30a', '4c1c8a23-5043-43b1-801d-31e7e8cdfce0', 'a467f7a7-dd7d-48df-a0ab-049859644453', '697abdcc-15d0-4d56-8a46-450a9d9d4636', 'This community is amazing because of people like you.', 'active', '2026-05-10 08:18:46.062801+00', '2026-05-10 08:18:46.062801+00'),
	('acf0e921-fc83-46e4-ab23-79bd5594bd14', '4c1c8a23-5043-43b1-801d-31e7e8cdfce0', '9eb8b33e-758a-455d-a05f-2e1ce99e3f9a', '697abdcc-15d0-4d56-8a46-450a9d9d4636', 'This adds so much value to the conversation.', 'active', '2026-05-10 08:18:46.062801+00', '2026-05-10 08:18:46.062801+00'),
	('a185cafa-cb7e-4106-9728-f25a0dda5c88', '4bfe0a16-04c2-4cd9-9e4c-d764a780d661', 'adfe3895-e3f6-4dc0-8a99-1282de8d2416', '9a5dc26e-d7e7-407d-9c30-3bef4d510337', 'You''re absolutely right about this.', 'active', '2026-05-10 08:18:46.062801+00', '2026-05-10 08:18:46.062801+00'),
	('1b8b70a8-242b-4840-899a-802219d919a8', '4bfe0a16-04c2-4cd9-9e4c-d764a780d661', '9eb8b33e-758a-455d-a05f-2e1ce99e3f9a', '9a5dc26e-d7e7-407d-9c30-3bef4d510337', 'I hadn''t thought of it this way before.', 'active', '2026-05-10 08:18:46.062801+00', '2026-05-10 08:18:46.062801+00'),
	('0343b2c5-57d7-4296-b7af-76374d059f6c', '4bfe0a16-04c2-4cd9-9e4c-d764a780d661', '9eb8b33e-758a-455d-a05f-2e1ce99e3f9a', '9fc771d8-5165-411e-ac00-8adfff74b450', 'I feel seen and understood.', 'active', '2026-05-10 08:18:46.062801+00', '2026-05-10 08:18:46.062801+00'),
	('3584b6cc-d934-4b34-b91a-ce321453e7c3', '4bfe0a16-04c2-4cd9-9e4c-d764a780d661', 'a467f7a7-dd7d-48df-a0ab-049859644453', '9fc771d8-5165-411e-ac00-8adfff74b450', 'This is such a thoughtful response.', 'active', '2026-05-10 08:18:46.062801+00', '2026-05-10 08:18:46.062801+00'),
	('dca19fe8-6efb-4c96-b436-82b63783daf4', '4bfe0a16-04c2-4cd9-9e4c-d764a780d661', '9eb8b33e-758a-455d-a05f-2e1ce99e3f9a', '1ac10c79-0066-4f0e-8a4c-377e56892688', 'I''m grateful for this discussion.', 'active', '2026-05-10 08:18:46.062801+00', '2026-05-10 08:18:46.062801+00'),
	('7a00406c-0358-4a66-b187-eb7fd37f9844', '4bfe0a16-04c2-4cd9-9e4c-d764a780d661', 'a467f7a7-dd7d-48df-a0ab-049859644453', '1ac10c79-0066-4f0e-8a4c-377e56892688', 'I hadn''t thought of it this way before.', 'active', '2026-05-10 08:18:46.062801+00', '2026-05-10 08:18:46.062801+00'),
	('788c13d3-e1e6-4364-a345-316fba06109e', 'e07fe405-0748-45fb-9890-0a4d4e4a7bfa', '9eb8b33e-758a-455d-a05f-2e1ce99e3f9a', '77922e84-b982-4c2c-9b19-62c432a9717c', 'Thank you for your kind words.', 'active', '2026-05-10 08:18:46.062801+00', '2026-05-10 08:18:46.062801+00'),
	('a1bb01f4-8cc8-4a5c-98b1-08413663d795', 'e07fe405-0748-45fb-9890-0a4d4e4a7bfa', '9eb8b33e-758a-455d-a05f-2e1ce99e3f9a', '147fd70b-a6ae-455e-b7cd-6116b2a38128', 'This is why I love this community.', 'active', '2026-05-10 08:18:46.062801+00', '2026-05-10 08:18:46.062801+00'),
	('0f0966cf-c035-4f33-a2d6-b4f2eaaa0a23', '4bfe0a16-04c2-4cd9-9e4c-d764a780d661', 'a467f7a7-dd7d-48df-a0ab-049859644453', '52451551-d6f4-4573-932c-805def7d9e87', 'I hadn''t thought of it this way before.', 'active', '2026-05-10 08:18:46.062801+00', '2026-05-10 08:18:46.062801+00'),
	('99367d9a-ca4b-48c2-b21f-c3df9d2d315a', '4bfe0a16-04c2-4cd9-9e4c-d764a780d661', 'adfe3895-e3f6-4dc0-8a99-1282de8d2416', '52451551-d6f4-4573-932c-805def7d9e87', 'I''m grateful for this discussion.', 'active', '2026-05-10 08:18:46.062801+00', '2026-05-10 08:18:46.062801+00'),
	('760cb021-9294-477c-8be7-f3f1fa478f9e', '4bfe0a16-04c2-4cd9-9e4c-d764a780d661', 'adfe3895-e3f6-4dc0-8a99-1282de8d2416', '71be29e2-3ab8-41ba-859a-a4d2994f5b3f', 'This is such a thoughtful response.', 'active', '2026-05-10 08:18:46.062801+00', '2026-05-10 08:18:46.062801+00'),
	('e1b29bb9-7054-4c73-9743-4d1d5d879927', '4bfe0a16-04c2-4cd9-9e4c-d764a780d661', '9eb8b33e-758a-455d-a05f-2e1ce99e3f9a', '71be29e2-3ab8-41ba-859a-a4d2994f5b3f', 'I''m learning so much from these discussions.', 'active', '2026-05-10 08:18:46.062801+00', '2026-05-10 08:18:46.062801+00'),
	('3572fae3-41eb-4d29-93b7-4136840466aa', '22e55c57-d8e9-415f-ac61-222650375df1', '9eb8b33e-758a-455d-a05f-2e1ce99e3f9a', 'ba4826f4-0a40-4b1a-b9b3-a277bde3f7a9', 'This is such a thoughtful response.', 'active', '2026-05-10 08:18:46.062801+00', '2026-05-10 08:18:46.062801+00'),
	('b13aec25-61ae-4cca-9029-76c9be21cc8e', '22e55c57-d8e9-415f-ac61-222650375df1', 'a467f7a7-dd7d-48df-a0ab-049859644453', 'ba4826f4-0a40-4b1a-b9b3-a277bde3f7a9', 'You''ve given me a lot to think about.', 'active', '2026-05-10 08:18:46.062801+00', '2026-05-10 08:18:46.062801+00'),
	('38c5130a-d365-4819-9b75-79327ed4303c', '22e55c57-d8e9-415f-ac61-222650375df1', 'adfe3895-e3f6-4dc0-8a99-1282de8d2416', '524cef55-68f8-4456-99e8-a655398956ca', 'This community is amazing because of people like you.', 'active', '2026-05-10 08:18:46.062801+00', '2026-05-10 08:18:46.062801+00'),
	('77b7c986-fd9e-4b1c-9d96-b23524c0683a', '22e55c57-d8e9-415f-ac61-222650375df1', '9eb8b33e-758a-455d-a05f-2e1ce99e3f9a', '524cef55-68f8-4456-99e8-a655398956ca', 'Thank you for your kind words.', 'active', '2026-05-10 08:18:46.062801+00', '2026-05-10 08:18:46.062801+00'),
	('4178456a-e020-4ebf-90cf-9e9fbaf02b43', 'bb7989d4-26a9-4116-bf31-bcd0af29f431', '9eb8b33e-758a-455d-a05f-2e1ce99e3f9a', '121840a2-b54f-4b1a-82d4-c519554a299c', 'Your insight is really helpful.', 'active', '2026-05-10 08:18:46.062801+00', '2026-05-10 08:18:46.062801+00'),
	('7a1c6cae-980d-4cfb-95e4-b97a9aa71f05', 'bb7989d4-26a9-4116-bf31-bcd0af29f431', 'adfe3895-e3f6-4dc0-8a99-1282de8d2416', '121840a2-b54f-4b1a-82d4-c519554a299c', 'This adds so much value to the conversation.', 'active', '2026-05-10 08:18:46.062801+00', '2026-05-10 08:18:46.062801+00'),
	('f6f5b6fd-f4eb-4a1f-aa9f-297d90076223', 'bb7989d4-26a9-4116-bf31-bcd0af29f431', '9eb8b33e-758a-455d-a05f-2e1ce99e3f9a', '656916e0-f3f3-45f3-87c4-fed4b6eaefb0', 'This adds so much value to the conversation.', 'active', '2026-05-10 08:18:46.062801+00', '2026-05-10 08:18:46.062801+00'),
	('2c0abfd7-ccb9-49a9-b6a3-7d304e9d2150', 'bb7989d4-26a9-4116-bf31-bcd0af29f431', 'a467f7a7-dd7d-48df-a0ab-049859644453', '656916e0-f3f3-45f3-87c4-fed4b6eaefb0', 'Exactly! This is what I was thinking too.', 'active', '2026-05-10 08:18:46.062801+00', '2026-05-10 08:18:46.062801+00'),
	('c2cfb53d-f5af-4ecd-a067-a871ceadcc49', '4ec550bc-370f-449f-bc59-f0aad06ee701', 'adfe3895-e3f6-4dc0-8a99-1282de8d2416', 'd159d250-5e63-4755-9217-82de0cea1c12', 'Your insight is really helpful.', 'active', '2026-05-10 08:18:46.062801+00', '2026-05-10 08:18:46.062801+00'),
	('aea70efc-d727-4941-af98-300f98b6edfe', '4ec550bc-370f-449f-bc59-f0aad06ee701', '9eb8b33e-758a-455d-a05f-2e1ce99e3f9a', 'd159d250-5e63-4755-9217-82de0cea1c12', 'This community is amazing because of people like you.', 'active', '2026-05-10 08:18:46.062801+00', '2026-05-10 08:18:46.062801+00'),
	('09f0e848-f440-4a94-ab98-30e1993ea943', '4ec550bc-370f-449f-bc59-f0aad06ee701', 'a467f7a7-dd7d-48df-a0ab-049859644453', '380162ee-40b1-43f4-80e5-38d248bd2e9b', 'You''ve captured my feelings perfectly.', 'active', '2026-05-10 08:18:46.062801+00', '2026-05-10 08:18:46.062801+00'),
	('72e9b679-14f6-4619-b09f-966b3d636337', 'd99fae3c-b3cd-417a-b351-b8141da9a94e', '9eb8b33e-758a-455d-a05f-2e1ce99e3f9a', '8f02fd9f-8ddd-4a88-8361-3e1484e40fbe', 'Thank you for your kind words.', 'active', '2026-05-10 08:18:46.062801+00', '2026-05-10 08:18:46.062801+00'),
	('baf58f52-ee7b-41b5-b3f1-17503c1f66ff', 'd99fae3c-b3cd-417a-b351-b8141da9a94e', 'a467f7a7-dd7d-48df-a0ab-049859644453', '8f02fd9f-8ddd-4a88-8361-3e1484e40fbe', 'You''ve given me a lot to think about.', 'active', '2026-05-10 08:18:46.062801+00', '2026-05-10 08:18:46.062801+00'),
	('5afd8b23-b2a9-4e16-9e08-e7a54196c879', 'd99fae3c-b3cd-417a-b351-b8141da9a94e', 'adfe3895-e3f6-4dc0-8a99-1282de8d2416', '2e3181b7-23e1-4f47-96db-06a9ef1c0e9a', 'I appreciate you taking the time to reply.', 'active', '2026-05-10 08:18:46.062801+00', '2026-05-10 08:18:46.062801+00'),
	('f5a0a1dd-57d9-4002-99e0-cc65dc2b693f', '4e108bb4-370d-4740-a429-5448e3bc034a', '9eb8b33e-758a-455d-a05f-2e1ce99e3f9a', 'f5d28904-04f7-45fd-a4f8-7be8d9f1582a', 'You''re absolutely right about this.', 'active', '2026-05-10 08:18:46.062801+00', '2026-05-10 08:18:46.062801+00'),
	('16e19f56-a070-468a-9f28-307a0817eedb', '4e108bb4-370d-4740-a429-5448e3bc034a', 'adfe3895-e3f6-4dc0-8a99-1282de8d2416', '7b01b175-1d4b-41fb-a882-d180c90c7711', 'I hadn''t thought of it this way before.', 'active', '2026-05-10 08:18:46.062801+00', '2026-05-10 08:18:46.062801+00'),
	('63f12a96-1c78-4f57-98dd-e11e70d46da8', '1f8f45ca-e243-4dc7-b8d4-23292f096f33', '9eb8b33e-758a-455d-a05f-2e1ce99e3f9a', 'f5051882-2b51-4fda-94bb-58f92efd2426', 'I hadn''t thought of it this way before.', 'active', '2026-05-10 08:18:46.062801+00', '2026-05-10 08:18:46.062801+00'),
	('7522bb28-e92e-408c-98bd-4730b3bf34ee', '1f8f45ca-e243-4dc7-b8d4-23292f096f33', 'a467f7a7-dd7d-48df-a0ab-049859644453', 'f5051882-2b51-4fda-94bb-58f92efd2426', 'You''ve captured my feelings perfectly.', 'active', '2026-05-10 08:18:46.062801+00', '2026-05-10 08:18:46.062801+00'),
	('50f8abe1-ddd0-4251-927a-d918d50bce27', '1f8f45ca-e243-4dc7-b8d4-23292f096f33', 'a467f7a7-dd7d-48df-a0ab-049859644453', 'bbf33df0-1228-41d2-bd73-d88dcd5d6c56', 'This response made my day!', 'active', '2026-05-10 08:18:46.062801+00', '2026-05-10 08:18:46.062801+00'),
	('4cb79469-aa9c-4855-b6dd-478aae354167', 'ac7d026f-44f9-4d8c-8e16-b4e6b8f79181', '9eb8b33e-758a-455d-a05f-2e1ce99e3f9a', '53b11a57-f6e7-4775-97e5-dcaab3db93b8', 'You''ve captured my feelings perfectly.', 'active', '2026-05-10 08:18:46.062801+00', '2026-05-10 08:18:46.062801+00'),
	('4cbeab02-7dc3-4a19-aaa4-b9d371bac93a', 'ac7d026f-44f9-4d8c-8e16-b4e6b8f79181', 'a467f7a7-dd7d-48df-a0ab-049859644453', '9ce86b9d-3aea-41a2-96af-30b68dd220cc', 'I hadn''t thought of it this way before.', 'active', '2026-05-10 08:18:46.062801+00', '2026-05-10 08:18:46.062801+00'),
	('e84731a2-ef11-4fa5-8e75-db243271283a', 'ac7d026f-44f9-4d8c-8e16-b4e6b8f79181', 'adfe3895-e3f6-4dc0-8a99-1282de8d2416', '9ce86b9d-3aea-41a2-96af-30b68dd220cc', 'I feel seen and understood.', 'active', '2026-05-10 08:18:46.062801+00', '2026-05-10 08:18:46.062801+00'),
	('3799fdeb-5257-4a11-b91a-b9016b2426a9', '70deeb4e-18f9-4b22-b073-a8be4270189e', '9eb8b33e-758a-455d-a05f-2e1ce99e3f9a', 'b9c18b46-ff84-4c43-bb61-e3e35c58cdc4', 'This conversation is so important.', 'active', '2026-05-10 08:18:46.062801+00', '2026-05-10 08:18:46.062801+00'),
	('f1169646-de29-4b07-96c1-f0703069508c', '70deeb4e-18f9-4b22-b073-a8be4270189e', 'a467f7a7-dd7d-48df-a0ab-049859644453', 'b9c18b46-ff84-4c43-bb61-e3e35c58cdc4', 'I''m grateful for this discussion.', 'active', '2026-05-10 08:18:46.062801+00', '2026-05-10 08:18:46.062801+00'),
	('87cb4ac8-6e26-4d43-b24c-80206d4af8b5', '70deeb4e-18f9-4b22-b073-a8be4270189e', 'a467f7a7-dd7d-48df-a0ab-049859644453', '1cf37824-51c9-49d5-8712-9cc6fb64f3b8', 'I feel seen and understood.', 'active', '2026-05-10 08:18:46.062801+00', '2026-05-10 08:18:46.062801+00'),
	('e1a5aa62-8547-4970-8bf7-e59848327900', '70deeb4e-18f9-4b22-b073-a8be4270189e', 'adfe3895-e3f6-4dc0-8a99-1282de8d2416', '1cf37824-51c9-49d5-8712-9cc6fb64f3b8', 'I feel seen and understood.', 'active', '2026-05-10 08:18:46.062801+00', '2026-05-10 08:18:46.062801+00'),
	('9c9ec155-6a18-4f64-97c1-0054b546e9f0', '16508a31-3ed3-4cd5-928a-10272728ddb8', '9eb8b33e-758a-455d-a05f-2e1ce99e3f9a', '54bf5cf1-027c-4676-9cf9-09b132ccb9e5', 'This conversation is so important.', 'active', '2026-05-10 08:18:46.062801+00', '2026-05-10 08:18:46.062801+00'),
	('80019377-1ecf-4190-9fe2-ecc09513c82e', '16508a31-3ed3-4cd5-928a-10272728ddb8', 'adfe3895-e3f6-4dc0-8a99-1282de8d2416', '54bf5cf1-027c-4676-9cf9-09b132ccb9e5', 'You''re absolutely right about this.', 'active', '2026-05-10 08:18:46.062801+00', '2026-05-10 08:18:46.062801+00'),
	('82198370-cb2e-490f-ae1d-de46460e7c14', '16508a31-3ed3-4cd5-928a-10272728ddb8', 'a467f7a7-dd7d-48df-a0ab-049859644453', 'fc026aba-dceb-4594-8a92-adf098459459', 'I feel seen and understood.', 'active', '2026-05-10 08:18:46.062801+00', '2026-05-10 08:18:46.062801+00'),
	('9bdf798b-2180-435b-9090-d65b88e89546', '16508a31-3ed3-4cd5-928a-10272728ddb8', 'adfe3895-e3f6-4dc0-8a99-1282de8d2416', 'fc026aba-dceb-4594-8a92-adf098459459', 'This is why I love this community.', 'active', '2026-05-10 08:18:46.062801+00', '2026-05-10 08:18:46.062801+00'),
	('5156ea6f-e9bb-4b33-a2cb-0e9af6ee6eb8', 'aa617836-1b35-454e-a277-6e20f49d327e', 'adfe3895-e3f6-4dc0-8a99-1282de8d2416', '2b7f14e6-6730-4b76-abe7-3a30b40ee02b', 'Exactly! This is what I was thinking too.', 'active', '2026-05-10 08:18:46.062801+00', '2026-05-10 08:18:46.062801+00'),
	('ddd80b12-7d0c-4673-9da1-93d95a860627', 'aa617836-1b35-454e-a277-6e20f49d327e', 'a467f7a7-dd7d-48df-a0ab-049859644453', '2b7f14e6-6730-4b76-abe7-3a30b40ee02b', 'Thank you for your kind words.', 'active', '2026-05-10 08:18:46.062801+00', '2026-05-10 08:18:46.062801+00'),
	('b638a6e7-dbe1-4613-88c4-3a844dff5877', 'aa617836-1b35-454e-a277-6e20f49d327e', '9eb8b33e-758a-455d-a05f-2e1ce99e3f9a', 'e91b035f-fbac-4fab-b097-df084b14a2ca', 'Your insight is really helpful.', 'active', '2026-05-10 08:18:46.062801+00', '2026-05-10 08:18:46.062801+00'),
	('92765298-dc22-435a-937f-833887564447', 'b90ef7b1-7c00-4ec9-9a9c-9f4734c27783', 'adfe3895-e3f6-4dc0-8a99-1282de8d2416', '65b82168-5902-4587-a46b-7052a25c3934', 'Exactly! This is what I was thinking too.', 'active', '2026-05-10 08:18:46.062801+00', '2026-05-10 08:18:46.062801+00'),
	('eabeb59e-52ce-4700-b998-fbe53c1557c9', 'b90ef7b1-7c00-4ec9-9a9c-9f4734c27783', 'a467f7a7-dd7d-48df-a0ab-049859644453', '65b82168-5902-4587-a46b-7052a25c3934', 'This adds so much value to the conversation.', 'active', '2026-05-10 08:18:46.062801+00', '2026-05-10 08:18:46.062801+00'),
	('8885d7b8-3e6b-463a-bb70-c3a9e1e4037f', 'b90ef7b1-7c00-4ec9-9a9c-9f4734c27783', '9eb8b33e-758a-455d-a05f-2e1ce99e3f9a', '39d27401-fef0-4015-b258-d302332838e9', 'Thank you for saying this so well.', 'active', '2026-05-10 08:18:46.062801+00', '2026-05-10 08:18:46.062801+00'),
	('1576b5a5-29a6-43f8-90a7-70ad2b594b63', 'b90ef7b1-7c00-4ec9-9a9c-9f4734c27783', 'adfe3895-e3f6-4dc0-8a99-1282de8d2416', '39d27401-fef0-4015-b258-d302332838e9', 'I''m grateful for this discussion.', 'active', '2026-05-10 08:18:46.062801+00', '2026-05-10 08:18:46.062801+00'),
	('90f89add-696e-4a28-a4c9-6346d43b7d49', 'bada9c44-609c-4ea8-9881-30b99ada1390', 'a467f7a7-dd7d-48df-a0ab-049859644453', '91162952-039c-4b62-919d-fabc414c9acb', 'I appreciate you taking the time to reply.', 'active', '2026-05-10 08:18:46.062801+00', '2026-05-10 08:18:46.062801+00'),
	('9ed3a11e-4923-4ef5-9cf3-ba20e31376b4', 'bada9c44-609c-4ea8-9881-30b99ada1390', 'adfe3895-e3f6-4dc0-8a99-1282de8d2416', '91162952-039c-4b62-919d-fabc414c9acb', 'I''m grateful for this discussion.', 'active', '2026-05-10 08:18:46.062801+00', '2026-05-10 08:18:46.062801+00'),
	('cfad0563-0bc7-48cb-82cd-f69eba06ebaf', 'bada9c44-609c-4ea8-9881-30b99ada1390', 'adfe3895-e3f6-4dc0-8a99-1282de8d2416', '3e2afcc9-e26f-40e8-aee5-d22464ec388a', 'Thank you for your kind words.', 'active', '2026-05-10 08:18:46.062801+00', '2026-05-10 08:18:46.062801+00'),
	('4adc0a2d-1b05-4a7a-ba7e-428185d6160b', 'd750c25c-186d-4c02-9cbc-c0943c638bf7', 'a467f7a7-dd7d-48df-a0ab-049859644453', 'ee9c55b9-d580-472f-9f6c-0c8cf3a1b926', 'I totally agree with this perspective!', 'active', '2026-05-10 08:18:46.062801+00', '2026-05-10 08:18:46.062801+00'),
	('9634915f-bd60-46f5-a0e7-11f85d943e3f', 'd750c25c-186d-4c02-9cbc-c0943c638bf7', 'adfe3895-e3f6-4dc0-8a99-1282de8d2416', 'b2cf0bc9-ae7d-4da2-af7a-9129fb27f70e', 'I totally agree with this perspective!', 'active', '2026-05-10 08:18:46.062801+00', '2026-05-10 08:18:46.062801+00'),
	('e3856530-3136-4e04-b068-da713007118b', 'd750c25c-186d-4c02-9cbc-c0943c638bf7', '9eb8b33e-758a-455d-a05f-2e1ce99e3f9a', 'b2cf0bc9-ae7d-4da2-af7a-9129fb27f70e', 'Exactly! This is what I was thinking too.', 'active', '2026-05-10 08:18:46.062801+00', '2026-05-10 08:18:46.062801+00'),
	('1b15cfbb-3dbe-41a4-a27f-2839d2cb52e3', 'e9242701-2b48-414a-a424-70908b4bd952', '9eb8b33e-758a-455d-a05f-2e1ce99e3f9a', '10320276-c988-4178-ab35-2857fb004c26', 'This adds so much value to the conversation.', 'active', '2026-05-10 08:18:46.062801+00', '2026-05-10 08:18:46.062801+00'),
	('1aaf9972-3978-4d2f-a20b-b466e4543c63', 'e9242701-2b48-414a-a424-70908b4bd952', 'adfe3895-e3f6-4dc0-8a99-1282de8d2416', '10320276-c988-4178-ab35-2857fb004c26', 'This community is amazing because of people like you.', 'active', '2026-05-10 08:18:46.062801+00', '2026-05-10 08:18:46.062801+00'),
	('7f23c844-8ff7-4588-9a7f-8462138b3e0c', 'e9242701-2b48-414a-a424-70908b4bd952', '9eb8b33e-758a-455d-a05f-2e1ce99e3f9a', '1b9db426-8c53-46a1-8623-f38c15eff769', 'Your support means a lot to me.', 'active', '2026-05-10 08:18:46.062801+00', '2026-05-10 08:18:46.062801+00'),
	('70f6c628-1f32-4add-8b5f-64454839e87e', 'e9242701-2b48-414a-a424-70908b4bd952', 'a467f7a7-dd7d-48df-a0ab-049859644453', '1b9db426-8c53-46a1-8623-f38c15eff769', 'I''m grateful for this discussion.', 'active', '2026-05-10 08:18:46.062801+00', '2026-05-10 08:18:46.062801+00'),
	('69e2328f-1918-4d4e-bffc-48482a9a62c9', 'a1965eb5-4d61-4435-8481-b24862e2023a', '9eb8b33e-758a-455d-a05f-2e1ce99e3f9a', '739866f0-a7b2-46e7-a9bc-635c1f51e5d7', 'You''re absolutely right about this.', 'active', '2026-05-10 08:18:46.062801+00', '2026-05-10 08:18:46.062801+00'),
	('aa27e489-d38f-4597-8e3d-ea9171001018', 'a1965eb5-4d61-4435-8481-b24862e2023a', 'a467f7a7-dd7d-48df-a0ab-049859644453', '739866f0-a7b2-46e7-a9bc-635c1f51e5d7', 'I''m learning so much from these discussions.', 'active', '2026-05-10 08:18:46.062801+00', '2026-05-10 08:18:46.062801+00'),
	('f5dc6b6e-0599-457f-be94-886dcf8baeda', 'a1965eb5-4d61-4435-8481-b24862e2023a', 'adfe3895-e3f6-4dc0-8a99-1282de8d2416', '3be6cb98-4ec3-4bd3-81ec-1fb80497a234', 'I appreciate you taking the time to reply.', 'active', '2026-05-10 08:18:46.062801+00', '2026-05-10 08:18:46.062801+00'),
	('ed00a405-c1e2-42ab-b59f-42ed0f6dc486', '09a891e5-9285-44b6-a7f4-32f8d7b0c693', 'adfe3895-e3f6-4dc0-8a99-1282de8d2416', '888bf19a-8036-4f9d-8134-3c5e9584a17b', 'Exactly! This is what I was thinking too.', 'active', '2026-05-10 08:18:46.062801+00', '2026-05-10 08:18:46.062801+00'),
	('775baf9a-18df-4399-8599-8abe7154cef0', '09a891e5-9285-44b6-a7f4-32f8d7b0c693', '9eb8b33e-758a-455d-a05f-2e1ce99e3f9a', '888bf19a-8036-4f9d-8134-3c5e9584a17b', 'Exactly! This is what I was thinking too.', 'active', '2026-05-10 08:18:46.062801+00', '2026-05-10 08:18:46.062801+00'),
	('43e7fb92-ba57-458e-b509-cad14a494005', '09a891e5-9285-44b6-a7f4-32f8d7b0c693', 'a467f7a7-dd7d-48df-a0ab-049859644453', '3ec28b23-91e6-47a1-b28a-0e0e3d78356a', 'You''ve given me a lot to think about.', 'active', '2026-05-10 08:18:46.062801+00', '2026-05-10 08:18:46.062801+00'),
	('d6812ab3-d968-4c09-9dfd-fecd95030ffb', '09a891e5-9285-44b6-a7f4-32f8d7b0c693', '9eb8b33e-758a-455d-a05f-2e1ce99e3f9a', '3ec28b23-91e6-47a1-b28a-0e0e3d78356a', 'This conversation is so important.', 'active', '2026-05-10 08:18:46.062801+00', '2026-05-10 08:18:46.062801+00'),
	('94f69e5b-e76a-45c3-9319-8db215d2b908', '06c1da3d-c01f-4bbd-bbf2-b9747cbc1523', 'adfe3895-e3f6-4dc0-8a99-1282de8d2416', 'fcf2f668-46e6-4eed-95bd-2a9f9a7e39ca', 'I''m grateful for this discussion.', 'active', '2026-05-10 08:18:46.062801+00', '2026-05-10 08:18:46.062801+00'),
	('89004c99-aef7-48ab-8e36-3070b92fef90', '06c1da3d-c01f-4bbd-bbf2-b9747cbc1523', 'a467f7a7-dd7d-48df-a0ab-049859644453', 'fcf2f668-46e6-4eed-95bd-2a9f9a7e39ca', 'You''ve captured my feelings perfectly.', 'active', '2026-05-10 08:18:46.062801+00', '2026-05-10 08:18:46.062801+00'),
	('5f5cda82-d790-4711-903c-869f294587dc', '06c1da3d-c01f-4bbd-bbf2-b9747cbc1523', 'a467f7a7-dd7d-48df-a0ab-049859644453', 'dd8b57ad-6f33-4672-95f5-e94b58591ba1', 'You''re absolutely right about this.', 'active', '2026-05-10 08:18:46.062801+00', '2026-05-10 08:18:46.062801+00'),
	('e6b8bb77-473c-4883-9d9d-abdbf87ae17b', '50834ae3-fbee-4a6e-8d80-5f9ab6199fce', '9eb8b33e-758a-455d-a05f-2e1ce99e3f9a', 'e42b7f22-3b10-452c-9fdc-6134c00d777e', 'I hadn''t thought of it this way before.', 'active', '2026-05-10 08:18:46.062801+00', '2026-05-10 08:18:46.062801+00'),
	('1e067a4b-0273-440a-8f55-68c302d8e756', '50834ae3-fbee-4a6e-8d80-5f9ab6199fce', 'a467f7a7-dd7d-48df-a0ab-049859644453', 'e42b7f22-3b10-452c-9fdc-6134c00d777e', 'I''m learning so much from these discussions.', 'active', '2026-05-10 08:18:46.062801+00', '2026-05-10 08:18:46.062801+00'),
	('67af6cc9-4d24-4a2b-8ae4-bc11f3fd06c7', '50834ae3-fbee-4a6e-8d80-5f9ab6199fce', 'adfe3895-e3f6-4dc0-8a99-1282de8d2416', '6e793f68-9f9f-4ab0-b88c-7bab91fc2c66', 'This is such a thoughtful response.', 'active', '2026-05-10 08:18:46.062801+00', '2026-05-10 08:18:46.062801+00'),
	('183df87d-cad5-4468-903b-3536ddbdf687', '50834ae3-fbee-4a6e-8d80-5f9ab6199fce', 'a467f7a7-dd7d-48df-a0ab-049859644453', '6e793f68-9f9f-4ab0-b88c-7bab91fc2c66', 'I''m grateful for this discussion.', 'active', '2026-05-10 08:18:46.062801+00', '2026-05-10 08:18:46.062801+00'),
	('6dd65a0b-e8ea-457c-a83b-1cb7f78dee69', '87996792-dbc0-4101-8411-df7afbc6e9df', 'a467f7a7-dd7d-48df-a0ab-049859644453', '21aada32-1ae0-4859-878c-998147d19f24', 'This community is amazing because of people like you.', 'active', '2026-05-10 08:18:46.062801+00', '2026-05-10 08:18:46.062801+00'),
	('4a7b48a7-2f47-4ce7-baf8-30098e52c771', '87996792-dbc0-4101-8411-df7afbc6e9df', '9eb8b33e-758a-455d-a05f-2e1ce99e3f9a', '21aada32-1ae0-4859-878c-998147d19f24', 'Thank you for your kind words.', 'active', '2026-05-10 08:18:46.062801+00', '2026-05-10 08:18:46.062801+00'),
	('0d69a832-3032-4892-b207-daf58cb91d91', '87996792-dbc0-4101-8411-df7afbc6e9df', 'adfe3895-e3f6-4dc0-8a99-1282de8d2416', 'fd82d81c-8b7e-426a-ba09-046e13167bc2', 'Your insight is really helpful.', 'active', '2026-05-10 08:18:46.062801+00', '2026-05-10 08:18:46.062801+00'),
	('0b2064c0-f91d-48c3-ad43-1356709c929c', '87996792-dbc0-4101-8411-df7afbc6e9df', 'a467f7a7-dd7d-48df-a0ab-049859644453', 'fd82d81c-8b7e-426a-ba09-046e13167bc2', 'This response made my day!', 'active', '2026-05-10 08:18:46.062801+00', '2026-05-10 08:18:46.062801+00'),
	('7fc94a13-cf3a-4e5b-a9eb-a76ab8b9db27', '52d9e79b-6919-497a-89dc-10f203721854', 'a467f7a7-dd7d-48df-a0ab-049859644453', '63f5e9fe-6110-452e-8c30-ddf44204ba8f', 'You''ve captured my feelings perfectly.', 'active', '2026-05-10 08:18:46.062801+00', '2026-05-10 08:18:46.062801+00'),
	('f163779a-69cc-401b-863d-8dc98d743ad0', '52d9e79b-6919-497a-89dc-10f203721854', 'adfe3895-e3f6-4dc0-8a99-1282de8d2416', '63f5e9fe-6110-452e-8c30-ddf44204ba8f', 'This conversation is so important.', 'active', '2026-05-10 08:18:46.062801+00', '2026-05-10 08:18:46.062801+00'),
	('dc147215-2d5d-44c2-bba5-3af0f76f0920', '52d9e79b-6919-497a-89dc-10f203721854', 'a467f7a7-dd7d-48df-a0ab-049859644453', 'b2e460a7-c1bf-4a79-8fb4-faf9e41d6ea5', 'I''m grateful for this discussion.', 'active', '2026-05-10 08:18:46.062801+00', '2026-05-10 08:18:46.062801+00'),
	('7368e67b-f319-48e4-88fb-64f0514cf229', '52d9e79b-6919-497a-89dc-10f203721854', '9eb8b33e-758a-455d-a05f-2e1ce99e3f9a', 'b2e460a7-c1bf-4a79-8fb4-faf9e41d6ea5', 'I''m grateful for this discussion.', 'active', '2026-05-10 08:18:46.062801+00', '2026-05-10 08:18:46.062801+00'),
	('e8293b9e-4e41-4ae2-a792-6216cac82168', '6689f567-a1cf-467a-9467-f57d297db665', 'adfe3895-e3f6-4dc0-8a99-1282de8d2416', '1f3b2594-95d3-43e6-aaed-149d4f2ab777', 'This is such a thoughtful response.', 'active', '2026-05-10 08:18:46.062801+00', '2026-05-10 08:18:46.062801+00'),
	('c4eb5095-8184-49e4-a7b1-89124a4662e1', '6689f567-a1cf-467a-9467-f57d297db665', 'a467f7a7-dd7d-48df-a0ab-049859644453', '1f3b2594-95d3-43e6-aaed-149d4f2ab777', 'This adds so much value to the conversation.', 'active', '2026-05-10 08:18:46.062801+00', '2026-05-10 08:18:46.062801+00'),
	('1dd61d8f-5b14-4a95-9de6-eb2e172e2e0f', '6689f567-a1cf-467a-9467-f57d297db665', '9eb8b33e-758a-455d-a05f-2e1ce99e3f9a', 'f35dea86-48ca-4331-b4b3-de03b1405b93', 'I appreciate you taking the time to reply.', 'active', '2026-05-10 08:18:46.062801+00', '2026-05-10 08:18:46.062801+00'),
	('e3272111-744c-4580-affa-a1258294ba30', '6689f567-a1cf-467a-9467-f57d297db665', 'adfe3895-e3f6-4dc0-8a99-1282de8d2416', 'f35dea86-48ca-4331-b4b3-de03b1405b93', 'Thank you for your kind words.', 'active', '2026-05-10 08:18:46.062801+00', '2026-05-10 08:18:46.062801+00'),
	('f8016295-fa70-4684-af51-2f9dd120bf7b', '20bae48b-14b9-410c-bd5d-cad33b4cfcda', '9eb8b33e-758a-455d-a05f-2e1ce99e3f9a', '800cb1b4-58d1-43b2-a4b3-b0b988824590', 'This conversation is so important.', 'active', '2026-05-10 08:18:46.062801+00', '2026-05-10 08:18:46.062801+00'),
	('28ca9b20-2c34-4625-9808-1982af4d1c1a', '20bae48b-14b9-410c-bd5d-cad33b4cfcda', 'adfe3895-e3f6-4dc0-8a99-1282de8d2416', '800cb1b4-58d1-43b2-a4b3-b0b988824590', 'This conversation is so important.', 'active', '2026-05-10 08:18:46.062801+00', '2026-05-10 08:18:46.062801+00'),
	('db45156e-ad66-4225-bed5-38410bef6891', '20bae48b-14b9-410c-bd5d-cad33b4cfcda', 'a467f7a7-dd7d-48df-a0ab-049859644453', '671037e5-3914-4f82-90f7-959276daa241', 'Exactly! This is what I was thinking too.', 'active', '2026-05-10 08:18:46.062801+00', '2026-05-10 08:18:46.062801+00'),
	('37a4358e-2848-4b64-8250-426b949ee874', '0990acfc-1ca4-4281-9cfe-2ba76c2e44eb', 'a467f7a7-dd7d-48df-a0ab-049859644453', '93f0c8c7-59a1-4ea1-8012-af588432178d', 'Your insight is really helpful.', 'active', '2026-05-10 08:18:46.062801+00', '2026-05-10 08:18:46.062801+00'),
	('6046aa5b-9405-4ceb-aac3-9bf21e7ffea0', '0990acfc-1ca4-4281-9cfe-2ba76c2e44eb', 'adfe3895-e3f6-4dc0-8a99-1282de8d2416', '93f0c8c7-59a1-4ea1-8012-af588432178d', 'I''m learning so much from these discussions.', 'active', '2026-05-10 08:18:46.062801+00', '2026-05-10 08:18:46.062801+00'),
	('4ffb8fb3-c5f9-4f1b-ae65-56ce235ee78a', '0990acfc-1ca4-4281-9cfe-2ba76c2e44eb', '9eb8b33e-758a-455d-a05f-2e1ce99e3f9a', '4434cf8c-96a3-42a0-b6b9-dc590c27a284', 'You''re absolutely right about this.', 'active', '2026-05-10 08:18:46.062801+00', '2026-05-10 08:18:46.062801+00'),
	('d52654d8-bf76-47a8-b035-56e91ae211ad', '0990acfc-1ca4-4281-9cfe-2ba76c2e44eb', 'adfe3895-e3f6-4dc0-8a99-1282de8d2416', '4434cf8c-96a3-42a0-b6b9-dc590c27a284', 'You''re absolutely right about this.', 'active', '2026-05-10 08:18:46.062801+00', '2026-05-10 08:18:46.062801+00'),
	('f5a596e1-9f59-484c-afc4-7d9466909298', 'e26541ac-7008-4282-9094-c6185b5cbd67', 'a467f7a7-dd7d-48df-a0ab-049859644453', 'd19a133a-f5b9-4fc6-88e5-ad215fc5fbf3', 'I feel seen and understood.', 'active', '2026-05-10 08:18:46.062801+00', '2026-05-10 08:18:46.062801+00'),
	('55074f5d-1980-4390-b3e1-22a25019f8ab', 'e26541ac-7008-4282-9094-c6185b5cbd67', 'adfe3895-e3f6-4dc0-8a99-1282de8d2416', 'd19a133a-f5b9-4fc6-88e5-ad215fc5fbf3', 'This community is amazing because of people like you.', 'active', '2026-05-10 08:18:46.062801+00', '2026-05-10 08:18:46.062801+00'),
	('83939273-aba2-47ee-b9a8-4d8722849567', 'e26541ac-7008-4282-9094-c6185b5cbd67', 'adfe3895-e3f6-4dc0-8a99-1282de8d2416', 'ffe63827-db66-4a92-946b-be1aa9b9929a', 'I''m learning so much from these discussions.', 'active', '2026-05-10 08:18:46.062801+00', '2026-05-10 08:18:46.062801+00'),
	('76c05ef8-4be5-4ad3-b7de-e188efbac29c', 'e26541ac-7008-4282-9094-c6185b5cbd67', '9eb8b33e-758a-455d-a05f-2e1ce99e3f9a', 'ffe63827-db66-4a92-946b-be1aa9b9929a', 'I''m grateful for this discussion.', 'active', '2026-05-10 08:18:46.062801+00', '2026-05-10 08:18:46.062801+00'),
	('4030e3e7-ab58-4113-9685-2620aadbe65a', '4bfe0a16-04c2-4cd9-9e4c-d764a780d661', '9eb8b33e-758a-455d-a05f-2e1ce99e3f9a', NULL, 'Wow, I thought I was the only one who felt this way.', 'active', '2026-05-10 08:21:45.889488+00', '2026-05-10 08:21:45.889488+00'),
	('53c1a9bc-d506-41f6-996b-178455684329', '4bfe0a16-04c2-4cd9-9e4c-d764a780d661', 'a467f7a7-dd7d-48df-a0ab-049859644453', NULL, 'This is exactly what I needed to hear today.', 'active', '2026-05-10 08:21:45.889488+00', '2026-05-10 08:21:45.889488+00'),
	('d5aa3b4b-4fe7-44cf-af2f-49c63b7338cd', '22e55c57-d8e9-415f-ac61-222650375df1', 'a467f7a7-dd7d-48df-a0ab-049859644453', NULL, 'Thank you for being vulnerable enough to share this.', 'active', '2026-05-10 08:21:45.889488+00', '2026-05-10 08:21:45.889488+00'),
	('80340395-1ad7-4b92-ae7c-9c508e5dfad6', '22e55c57-d8e9-415f-ac61-222650375df1', 'adfe3895-e3f6-4dc0-8a99-1282de8d2416', NULL, 'I''m here for you. You''ve got this!', 'active', '2026-05-10 08:21:45.889488+00', '2026-05-10 08:21:45.889488+00'),
	('5997ef35-cd2e-4c43-9ab0-8133e2f8e7e3', 'bb7989d4-26a9-4116-bf31-bcd0af29f431', 'adfe3895-e3f6-4dc0-8a99-1282de8d2416', NULL, 'I''m sending you so much love and support.', 'active', '2026-05-10 08:21:45.889488+00', '2026-05-10 08:21:45.889488+00'),
	('0a451075-5351-421c-a19e-d1dbbd320259', 'bb7989d4-26a9-4116-bf31-bcd0af29f431', 'a467f7a7-dd7d-48df-a0ab-049859644453', NULL, 'I relate to this on so many levels.', 'active', '2026-05-10 08:21:45.889488+00', '2026-05-10 08:21:45.889488+00'),
	('8cbbcaf6-25b3-4938-954b-02130cd43f3a', '4ec550bc-370f-449f-bc59-f0aad06ee701', 'a467f7a7-dd7d-48df-a0ab-049859644453', NULL, 'Thank you for creating a safe space with this post.', 'active', '2026-05-10 08:21:45.889488+00', '2026-05-10 08:21:45.889488+00'),
	('0ef9e380-5887-4a78-8221-36772da32be1', '4ec550bc-370f-449f-bc59-f0aad06ee701', 'adfe3895-e3f6-4dc0-8a99-1282de8d2416', NULL, 'This community is lucky to have your voice.', 'active', '2026-05-10 08:21:45.889488+00', '2026-05-10 08:21:45.889488+00'),
	('5737deae-b1d2-423c-8d0b-bb2e77953254', 'd99fae3c-b3cd-417a-b351-b8141da9a94e', 'adfe3895-e3f6-4dc0-8a99-1282de8d2416', NULL, 'I''m sending you so much love and support.', 'active', '2026-05-10 08:21:45.889488+00', '2026-05-10 08:21:45.889488+00'),
	('9a30c9ee-256d-4189-8f07-de3a113a7916', 'd99fae3c-b3cd-417a-b351-b8141da9a94e', 'a467f7a7-dd7d-48df-a0ab-049859644453', NULL, 'This is such an important conversation to have.', 'active', '2026-05-10 08:21:45.889488+00', '2026-05-10 08:21:45.889488+00'),
	('e015249d-d48e-48d4-8127-80744a51d360', '4e108bb4-370d-4740-a429-5448e3bc034a', '9eb8b33e-758a-455d-a05f-2e1ce99e3f9a', NULL, 'Your words are so powerful and relatable.', 'active', '2026-05-10 08:21:45.889488+00', '2026-05-10 08:21:45.889488+00'),
	('cb0656f3-929f-4438-adae-79bcf45da68c', '4e108bb4-370d-4740-a429-5448e3bc034a', 'adfe3895-e3f6-4dc0-8a99-1282de8d2416', NULL, 'Your strength is inspiring. Keep going!', 'active', '2026-05-10 08:21:45.889488+00', '2026-05-10 08:21:45.889488+00'),
	('a93f24ea-0fd9-490a-a2dd-4cf398416347', '1f8f45ca-e243-4dc7-b8d4-23292f096f33', 'adfe3895-e3f6-4dc0-8a99-1282de8d2416', NULL, 'I relate to this on so many levels.', 'active', '2026-05-10 08:21:45.889488+00', '2026-05-10 08:21:45.889488+00'),
	('57226fd4-f565-4b13-904b-0df0e4294db5', '1f8f45ca-e243-4dc7-b8d4-23292f096f33', '9eb8b33e-758a-455d-a05f-2e1ce99e3f9a', NULL, 'This takes courage to post. I appreciate your honesty.', 'active', '2026-05-10 08:21:45.889488+00', '2026-05-10 08:21:45.889488+00'),
	('fc3b0169-406a-4a45-8931-91806357a963', 'ac7d026f-44f9-4d8c-8e16-b4e6b8f79181', 'adfe3895-e3f6-4dc0-8a99-1282de8d2416', NULL, 'This is exactly what I needed to hear today.', 'active', '2026-05-10 08:21:45.889488+00', '2026-05-10 08:21:45.889488+00'),
	('d970ed2e-1d71-4837-8b29-e5f773292cfd', 'ac7d026f-44f9-4d8c-8e16-b4e6b8f79181', '9eb8b33e-758a-455d-a05f-2e1ce99e3f9a', NULL, 'This is exactly what I needed to hear today.', 'active', '2026-05-10 08:21:45.889488+00', '2026-05-10 08:21:45.889488+00'),
	('243cc315-4fc4-4e22-b873-2f6c6dc3d426', '70deeb4e-18f9-4b22-b073-a8be4270189e', 'adfe3895-e3f6-4dc0-8a99-1282de8d2416', NULL, 'Your strength is inspiring. Keep going!', 'active', '2026-05-10 08:21:45.889488+00', '2026-05-10 08:21:45.889488+00'),
	('7d88559c-d642-419a-89ca-9e9ba81c552d', '70deeb4e-18f9-4b22-b073-a8be4270189e', '9eb8b33e-758a-455d-a05f-2e1ce99e3f9a', NULL, 'I''ve been through something similar and you''re not alone.', 'active', '2026-05-10 08:21:45.889488+00', '2026-05-10 08:21:45.889488+00'),
	('68100af4-81dd-4de6-8cbc-a0d71d73fff4', '16508a31-3ed3-4cd5-928a-10272728ddb8', 'a467f7a7-dd7d-48df-a0ab-049859644453', NULL, 'This perspective is really eye-opening.', 'active', '2026-05-10 08:21:45.889488+00', '2026-05-10 08:21:45.889488+00'),
	('78a02842-8d3d-4396-bb1c-b084c78e926b', '16508a31-3ed3-4cd5-928a-10272728ddb8', '9eb8b33e-758a-455d-a05f-2e1ce99e3f9a', NULL, 'I''m here for you. You''ve got this!', 'active', '2026-05-10 08:21:45.889488+00', '2026-05-10 08:21:45.889488+00'),
	('858375d3-a963-415a-a2cc-94bd0efacc37', 'aa617836-1b35-454e-a277-6e20f49d327e', '9eb8b33e-758a-455d-a05f-2e1ce99e3f9a', NULL, 'This perspective is really eye-opening.', 'active', '2026-05-10 08:21:45.889488+00', '2026-05-10 08:21:45.889488+00'),
	('f3ec8732-21c1-46c8-a624-fc2ee78d33a8', 'aa617836-1b35-454e-a277-6e20f49d327e', 'a467f7a7-dd7d-48df-a0ab-049859644453', NULL, 'This takes courage to post. I appreciate your honesty.', 'active', '2026-05-10 08:21:45.889488+00', '2026-05-10 08:21:45.889488+00'),
	('c4801320-b3ad-4741-827c-ed291261c168', 'b90ef7b1-7c00-4ec9-9a9c-9f4734c27783', 'a467f7a7-dd7d-48df-a0ab-049859644453', NULL, 'Wow, I thought I was the only one who felt this way.', 'active', '2026-05-10 08:21:45.889488+00', '2026-05-10 08:21:45.889488+00'),
	('a69083c9-0e1e-4318-b805-d831d5077d45', 'b90ef7b1-7c00-4ec9-9a9c-9f4734c27783', '9eb8b33e-758a-455d-a05f-2e1ce99e3f9a', NULL, 'I''m sending you so much love and support.', 'active', '2026-05-10 08:21:45.889488+00', '2026-05-10 08:21:45.889488+00'),
	('c741b0f6-bb5e-41cb-8139-031eaf6eddff', 'bada9c44-609c-4ea8-9881-30b99ada1390', 'a467f7a7-dd7d-48df-a0ab-049859644453', NULL, 'This community is lucky to have your voice.', 'active', '2026-05-10 08:21:45.889488+00', '2026-05-10 08:21:45.889488+00'),
	('721acad1-f99e-4ab6-a300-23604d7823f9', 'bada9c44-609c-4ea8-9881-30b99ada1390', '9eb8b33e-758a-455d-a05f-2e1ce99e3f9a', NULL, 'I relate to this on so many levels.', 'active', '2026-05-10 08:21:45.889488+00', '2026-05-10 08:21:45.889488+00'),
	('9f0c0da3-05d9-4552-909b-4aac0a5013ce', 'd750c25c-186d-4c02-9cbc-c0943c638bf7', 'a467f7a7-dd7d-48df-a0ab-049859644453', NULL, 'I''m sending you so much love and support.', 'active', '2026-05-10 08:21:45.889488+00', '2026-05-10 08:21:45.889488+00'),
	('60449e3d-3f1d-4935-8865-a5b98822588e', 'd750c25c-186d-4c02-9cbc-c0943c638bf7', 'adfe3895-e3f6-4dc0-8a99-1282de8d2416', NULL, 'This made me feel understood. Thank you.', 'active', '2026-05-10 08:21:45.889488+00', '2026-05-10 08:21:45.889488+00'),
	('7a8db17c-946f-4f3a-bc88-cfb6ca968d59', 'e9242701-2b48-414a-a424-70908b4bd952', 'adfe3895-e3f6-4dc0-8a99-1282de8d2416', NULL, 'I''m here for you. You''ve got this!', 'active', '2026-05-10 08:21:45.889488+00', '2026-05-10 08:21:45.889488+00'),
	('1edbba67-beac-439f-9c3f-8bac2518ef6a', 'e9242701-2b48-414a-a424-70908b4bd952', 'a467f7a7-dd7d-48df-a0ab-049859644453', NULL, 'I relate to this on so many levels.', 'active', '2026-05-10 08:21:45.889488+00', '2026-05-10 08:21:45.889488+00'),
	('df04ba3a-ff64-47b3-a386-ffb81e38a195', 'a1965eb5-4d61-4435-8481-b24862e2023a', 'a467f7a7-dd7d-48df-a0ab-049859644453', NULL, 'I''m proud of you for sharing your truth.', 'active', '2026-05-10 08:21:45.889488+00', '2026-05-10 08:21:45.889488+00'),
	('290397ff-941e-46eb-94b9-907c88f3a3e9', 'a1965eb5-4d61-4435-8481-b24862e2023a', 'adfe3895-e3f6-4dc0-8a99-1282de8d2416', NULL, 'Thank you for creating a safe space with this post.', 'active', '2026-05-10 08:21:45.889488+00', '2026-05-10 08:21:45.889488+00'),
	('6b0ba759-2db4-4dfe-baa5-213937a11c24', '09a891e5-9285-44b6-a7f4-32f8d7b0c693', 'adfe3895-e3f6-4dc0-8a99-1282de8d2416', NULL, 'Your words are so powerful and relatable.', 'active', '2026-05-10 08:21:45.889488+00', '2026-05-10 08:21:45.889488+00'),
	('b91c327c-9b56-457a-9dd4-15aa3121ac0f', '09a891e5-9285-44b6-a7f4-32f8d7b0c693', 'a467f7a7-dd7d-48df-a0ab-049859644453', NULL, 'This takes courage to post. I appreciate your honesty.', 'active', '2026-05-10 08:21:45.889488+00', '2026-05-10 08:21:45.889488+00'),
	('cc200851-7c63-40e0-bc0f-5bfe1d70d957', '06c1da3d-c01f-4bbd-bbf2-b9747cbc1523', '9eb8b33e-758a-455d-a05f-2e1ce99e3f9a', NULL, 'Wow, I thought I was the only one who felt this way.', 'active', '2026-05-10 08:21:45.889488+00', '2026-05-10 08:21:45.889488+00'),
	('0ea42675-b2c4-42c3-a7be-12d76c71efef', '06c1da3d-c01f-4bbd-bbf2-b9747cbc1523', 'adfe3895-e3f6-4dc0-8a99-1282de8d2416', NULL, 'This takes courage to post. I appreciate your honesty.', 'active', '2026-05-10 08:21:45.889488+00', '2026-05-10 08:21:45.889488+00'),
	('b127e2b6-6905-401e-939f-581b07586d7f', '50834ae3-fbee-4a6e-8d80-5f9ab6199fce', 'adfe3895-e3f6-4dc0-8a99-1282de8d2416', NULL, 'I''m sending you so much love and support.', 'active', '2026-05-10 08:21:45.889488+00', '2026-05-10 08:21:45.889488+00'),
	('09cac672-e7ba-467a-b3ae-29c2f6bf583e', '50834ae3-fbee-4a6e-8d80-5f9ab6199fce', '9eb8b33e-758a-455d-a05f-2e1ce99e3f9a', NULL, 'This perspective is really eye-opening.', 'active', '2026-05-10 08:21:45.889488+00', '2026-05-10 08:21:45.889488+00'),
	('938a05ab-32c2-46bf-ad3e-9ddcddf35850', '87996792-dbc0-4101-8411-df7afbc6e9df', '9eb8b33e-758a-455d-a05f-2e1ce99e3f9a', NULL, 'I''m here for you. You''ve got this!', 'active', '2026-05-10 08:21:45.889488+00', '2026-05-10 08:21:45.889488+00'),
	('ad3ad05d-89e8-45b2-9c28-a41d59becb1b', '87996792-dbc0-4101-8411-df7afbc6e9df', 'adfe3895-e3f6-4dc0-8a99-1282de8d2416', NULL, 'This takes courage to post. I appreciate your honesty.', 'active', '2026-05-10 08:21:45.889488+00', '2026-05-10 08:21:45.889488+00'),
	('a045b6c3-125a-4ab9-a3d7-8bf114575759', '52d9e79b-6919-497a-89dc-10f203721854', 'adfe3895-e3f6-4dc0-8a99-1282de8d2416', NULL, 'This is such an important conversation to have.', 'active', '2026-05-10 08:21:45.889488+00', '2026-05-10 08:21:45.889488+00'),
	('dde005f3-e219-4c96-bcb5-d774b25587da', '52d9e79b-6919-497a-89dc-10f203721854', '9eb8b33e-758a-455d-a05f-2e1ce99e3f9a', NULL, 'You''re brave for putting this out there.', 'active', '2026-05-10 08:21:45.889488+00', '2026-05-10 08:21:45.889488+00'),
	('1773fb8f-81f5-4fca-a701-b37180892ab6', '6689f567-a1cf-467a-9467-f57d297db665', '9eb8b33e-758a-455d-a05f-2e1ce99e3f9a', NULL, 'Thank you for creating a safe space with this post.', 'active', '2026-05-10 08:21:45.889488+00', '2026-05-10 08:21:45.889488+00'),
	('0658132e-ef96-411f-9bb6-b46a0f66c233', '6689f567-a1cf-467a-9467-f57d297db665', 'a467f7a7-dd7d-48df-a0ab-049859644453', NULL, 'This community is lucky to have your voice.', 'active', '2026-05-10 08:21:45.889488+00', '2026-05-10 08:21:45.889488+00'),
	('e38f08db-52ce-4f49-bf03-d533a4ca95e2', '20bae48b-14b9-410c-bd5d-cad33b4cfcda', 'a467f7a7-dd7d-48df-a0ab-049859644453', NULL, 'I''m proud of you for sharing your truth.', 'active', '2026-05-10 08:21:45.889488+00', '2026-05-10 08:21:45.889488+00'),
	('627884a6-8a36-4a25-8dd3-39f8c0e16af4', '20bae48b-14b9-410c-bd5d-cad33b4cfcda', '9eb8b33e-758a-455d-a05f-2e1ce99e3f9a', NULL, 'Your experience matters and is valid.', 'active', '2026-05-10 08:21:45.889488+00', '2026-05-10 08:21:45.889488+00'),
	('eab988b2-a60c-4dc1-bbff-a3f88941e172', '0990acfc-1ca4-4281-9cfe-2ba76c2e44eb', '9eb8b33e-758a-455d-a05f-2e1ce99e3f9a', NULL, 'Your words are so powerful and relatable.', 'active', '2026-05-10 08:21:45.889488+00', '2026-05-10 08:21:45.889488+00'),
	('eb1f9686-6dda-43d2-a7c6-b9f1cc064d6d', '0990acfc-1ca4-4281-9cfe-2ba76c2e44eb', 'a467f7a7-dd7d-48df-a0ab-049859644453', NULL, 'I''m here for you. You''ve got this!', 'active', '2026-05-10 08:21:45.889488+00', '2026-05-10 08:21:45.889488+00'),
	('595ee6f3-4400-4503-a2e0-fb6457a06b89', 'e26541ac-7008-4282-9094-c6185b5cbd67', '9eb8b33e-758a-455d-a05f-2e1ce99e3f9a', NULL, 'You''re brave for putting this out there.', 'active', '2026-05-10 08:21:45.889488+00', '2026-05-10 08:21:45.889488+00'),
	('c90c73ad-9841-42f7-b5b4-33d2b281a049', 'e26541ac-7008-4282-9094-c6185b5cbd67', 'a467f7a7-dd7d-48df-a0ab-049859644453', NULL, 'Thank you for creating a safe space with this post.', 'active', '2026-05-10 08:21:45.889488+00', '2026-05-10 08:21:45.889488+00'),
	('f9c58f54-ad27-4d73-920f-eea61283cf0a', '4bfe0a16-04c2-4cd9-9e4c-d764a780d661', 'a467f7a7-dd7d-48df-a0ab-049859644453', '07398225-e47e-46e7-9d8c-706ac3b619ee', 'You''ve given me a lot to think about.', 'active', '2026-05-10 08:21:45.889488+00', '2026-05-10 08:21:45.889488+00'),
	('99022874-70cc-45f5-962b-43923b63bbfc', '4bfe0a16-04c2-4cd9-9e4c-d764a780d661', '9eb8b33e-758a-455d-a05f-2e1ce99e3f9a', '07398225-e47e-46e7-9d8c-706ac3b619ee', 'This response made my day!', 'active', '2026-05-10 08:21:45.889488+00', '2026-05-10 08:21:45.889488+00'),
	('2e8663a6-8ea6-4404-826e-36273b941ca0', '4c1c8a23-5043-43b1-801d-31e7e8cdfce0', 'a467f7a7-dd7d-48df-a0ab-049859644453', '697abdcc-15d0-4d56-8a46-450a9d9d4636', 'Exactly! This is what I was thinking too.', 'active', '2026-05-10 08:21:45.889488+00', '2026-05-10 08:21:45.889488+00'),
	('f530172a-ee27-4488-9eab-20dcc1398391', '4c1c8a23-5043-43b1-801d-31e7e8cdfce0', '9eb8b33e-758a-455d-a05f-2e1ce99e3f9a', '697abdcc-15d0-4d56-8a46-450a9d9d4636', 'This response made my day!', 'active', '2026-05-10 08:21:45.889488+00', '2026-05-10 08:21:45.889488+00'),
	('9fa5ac11-5948-46db-a15c-2ab81c3f0a4e', '4bfe0a16-04c2-4cd9-9e4c-d764a780d661', 'adfe3895-e3f6-4dc0-8a99-1282de8d2416', '9a5dc26e-d7e7-407d-9c30-3bef4d510337', 'This adds so much value to the conversation.', 'active', '2026-05-10 08:21:45.889488+00', '2026-05-10 08:21:45.889488+00'),
	('f1054c42-1f6e-49c1-9882-4d6b45953a85', '4bfe0a16-04c2-4cd9-9e4c-d764a780d661', '9eb8b33e-758a-455d-a05f-2e1ce99e3f9a', '9a5dc26e-d7e7-407d-9c30-3bef4d510337', 'I hadn''t thought of it this way before.', 'active', '2026-05-10 08:21:45.889488+00', '2026-05-10 08:21:45.889488+00'),
	('00fb0bcc-48b3-4270-9b65-020ed8fa1dc9', '4bfe0a16-04c2-4cd9-9e4c-d764a780d661', 'a467f7a7-dd7d-48df-a0ab-049859644453', '9fc771d8-5165-411e-ac00-8adfff74b450', 'This is why I love this community.', 'active', '2026-05-10 08:21:45.889488+00', '2026-05-10 08:21:45.889488+00'),
	('7d051251-4536-4550-981a-b9d52aa0d9a4', '4bfe0a16-04c2-4cd9-9e4c-d764a780d661', '9eb8b33e-758a-455d-a05f-2e1ce99e3f9a', '9fc771d8-5165-411e-ac00-8adfff74b450', 'I appreciate you taking the time to reply.', 'active', '2026-05-10 08:21:45.889488+00', '2026-05-10 08:21:45.889488+00'),
	('e0f23fde-678d-445b-a207-0cda62c0d323', '4bfe0a16-04c2-4cd9-9e4c-d764a780d661', 'a467f7a7-dd7d-48df-a0ab-049859644453', '1ac10c79-0066-4f0e-8a4c-377e56892688', 'I feel seen and understood.', 'active', '2026-05-10 08:21:45.889488+00', '2026-05-10 08:21:45.889488+00'),
	('6f343657-6d54-4f1f-a9ae-b9b1780f0493', '4bfe0a16-04c2-4cd9-9e4c-d764a780d661', '9eb8b33e-758a-455d-a05f-2e1ce99e3f9a', '1ac10c79-0066-4f0e-8a4c-377e56892688', 'You''ve given me a lot to think about.', 'active', '2026-05-10 08:21:45.889488+00', '2026-05-10 08:21:45.889488+00'),
	('f9aeaedf-2565-4213-a963-dfe9c13ceefe', 'e07fe405-0748-45fb-9890-0a4d4e4a7bfa', '9eb8b33e-758a-455d-a05f-2e1ce99e3f9a', '77922e84-b982-4c2c-9b19-62c432a9717c', 'This conversation is so important.', 'active', '2026-05-10 08:21:45.889488+00', '2026-05-10 08:21:45.889488+00'),
	('8350dfb6-f0b2-4aee-b401-9e4ecc4a7341', 'e07fe405-0748-45fb-9890-0a4d4e4a7bfa', 'a467f7a7-dd7d-48df-a0ab-049859644453', '147fd70b-a6ae-455e-b7cd-6116b2a38128', 'I''m learning so much from these discussions.', 'active', '2026-05-10 08:21:45.889488+00', '2026-05-10 08:21:45.889488+00'),
	('a00663f9-6e63-4c11-afb3-347f76c443b1', 'e07fe405-0748-45fb-9890-0a4d4e4a7bfa', '9eb8b33e-758a-455d-a05f-2e1ce99e3f9a', '147fd70b-a6ae-455e-b7cd-6116b2a38128', 'You''re absolutely right about this.', 'active', '2026-05-10 08:21:45.889488+00', '2026-05-10 08:21:45.889488+00'),
	('0d1ff05f-616e-49ed-8728-d170c61a4e0b', '4bfe0a16-04c2-4cd9-9e4c-d764a780d661', 'a467f7a7-dd7d-48df-a0ab-049859644453', '52451551-d6f4-4573-932c-805def7d9e87', 'Thank you for saying this so well.', 'active', '2026-05-10 08:21:45.889488+00', '2026-05-10 08:21:45.889488+00'),
	('19b32d70-36d1-4ef9-978b-41c381420c70', '4bfe0a16-04c2-4cd9-9e4c-d764a780d661', 'adfe3895-e3f6-4dc0-8a99-1282de8d2416', '52451551-d6f4-4573-932c-805def7d9e87', 'Your insight is really helpful.', 'active', '2026-05-10 08:21:45.889488+00', '2026-05-10 08:21:45.889488+00'),
	('b42d6ee7-9632-4c7e-a1ec-e0e717af6f9d', '4bfe0a16-04c2-4cd9-9e4c-d764a780d661', '9eb8b33e-758a-455d-a05f-2e1ce99e3f9a', '71be29e2-3ab8-41ba-859a-a4d2994f5b3f', 'I feel seen and understood.', 'active', '2026-05-10 08:21:45.889488+00', '2026-05-10 08:21:45.889488+00'),
	('52aa8155-3a34-4f81-b4cd-58d000f6b5d4', '4bfe0a16-04c2-4cd9-9e4c-d764a780d661', 'adfe3895-e3f6-4dc0-8a99-1282de8d2416', '71be29e2-3ab8-41ba-859a-a4d2994f5b3f', 'This adds so much value to the conversation.', 'active', '2026-05-10 08:21:45.889488+00', '2026-05-10 08:21:45.889488+00'),
	('80ae3f14-b862-4a48-8f26-fc77aa63f465', '22e55c57-d8e9-415f-ac61-222650375df1', '9eb8b33e-758a-455d-a05f-2e1ce99e3f9a', 'ba4826f4-0a40-4b1a-b9b3-a277bde3f7a9', 'I''m learning so much from these discussions.', 'active', '2026-05-10 08:21:45.889488+00', '2026-05-10 08:21:45.889488+00'),
	('125840ce-79d1-471e-a9e4-99ec532fd054', '22e55c57-d8e9-415f-ac61-222650375df1', '9eb8b33e-758a-455d-a05f-2e1ce99e3f9a', '524cef55-68f8-4456-99e8-a655398956ca', 'Thank you for your kind words.', 'active', '2026-05-10 08:21:45.889488+00', '2026-05-10 08:21:45.889488+00'),
	('8ccce240-57dc-4e21-9ea1-af28d08fc402', '22e55c57-d8e9-415f-ac61-222650375df1', 'adfe3895-e3f6-4dc0-8a99-1282de8d2416', '524cef55-68f8-4456-99e8-a655398956ca', 'I appreciate you taking the time to reply.', 'active', '2026-05-10 08:21:45.889488+00', '2026-05-10 08:21:45.889488+00'),
	('52eb42e7-bcd6-4e1d-8dac-87e2c073c534', 'bb7989d4-26a9-4116-bf31-bcd0af29f431', '9eb8b33e-758a-455d-a05f-2e1ce99e3f9a', '121840a2-b54f-4b1a-82d4-c519554a299c', 'You''ve given me a lot to think about.', 'active', '2026-05-10 08:21:45.889488+00', '2026-05-10 08:21:45.889488+00'),
	('c7f5e279-23a9-4cdc-bcf7-7c2b9f4a6078', 'bb7989d4-26a9-4116-bf31-bcd0af29f431', 'a467f7a7-dd7d-48df-a0ab-049859644453', '656916e0-f3f3-45f3-87c4-fed4b6eaefb0', 'You''ve captured my feelings perfectly.', 'active', '2026-05-10 08:21:45.889488+00', '2026-05-10 08:21:45.889488+00'),
	('1a5f291d-38a1-4a78-85f3-4bf0d747c3d2', 'bb7989d4-26a9-4116-bf31-bcd0af29f431', '9eb8b33e-758a-455d-a05f-2e1ce99e3f9a', '656916e0-f3f3-45f3-87c4-fed4b6eaefb0', 'Your insight is really helpful.', 'active', '2026-05-10 08:21:45.889488+00', '2026-05-10 08:21:45.889488+00'),
	('10cb9194-88bd-43d3-9e12-532be9ed9a54', '4ec550bc-370f-449f-bc59-f0aad06ee701', '9eb8b33e-758a-455d-a05f-2e1ce99e3f9a', 'd159d250-5e63-4755-9217-82de0cea1c12', 'I feel seen and understood.', 'active', '2026-05-10 08:21:45.889488+00', '2026-05-10 08:21:45.889488+00'),
	('fdcb769d-50bf-4bd2-b15c-dfd62fa35ada', '4ec550bc-370f-449f-bc59-f0aad06ee701', '9eb8b33e-758a-455d-a05f-2e1ce99e3f9a', '380162ee-40b1-43f4-80e5-38d248bd2e9b', 'This response made my day!', 'active', '2026-05-10 08:21:45.889488+00', '2026-05-10 08:21:45.889488+00'),
	('d6326f83-4b90-4307-91e3-0e2d142eeac8', 'd99fae3c-b3cd-417a-b351-b8141da9a94e', 'a467f7a7-dd7d-48df-a0ab-049859644453', '8f02fd9f-8ddd-4a88-8361-3e1484e40fbe', 'Your insight is really helpful.', 'active', '2026-05-10 08:21:45.889488+00', '2026-05-10 08:21:45.889488+00'),
	('3b1727a4-357c-457c-b486-da3f6031953d', 'd99fae3c-b3cd-417a-b351-b8141da9a94e', '9eb8b33e-758a-455d-a05f-2e1ce99e3f9a', '8f02fd9f-8ddd-4a88-8361-3e1484e40fbe', 'I''m learning so much from these discussions.', 'active', '2026-05-10 08:21:45.889488+00', '2026-05-10 08:21:45.889488+00'),
	('fadd7e50-77eb-4bcb-a56f-b532039a5786', 'd99fae3c-b3cd-417a-b351-b8141da9a94e', '9eb8b33e-758a-455d-a05f-2e1ce99e3f9a', '2e3181b7-23e1-4f47-96db-06a9ef1c0e9a', 'This community is amazing because of people like you.', 'active', '2026-05-10 08:21:45.889488+00', '2026-05-10 08:21:45.889488+00'),
	('1812a2d7-6ba1-4fd1-b53b-f71ff2f5cf48', 'd99fae3c-b3cd-417a-b351-b8141da9a94e', 'adfe3895-e3f6-4dc0-8a99-1282de8d2416', '2e3181b7-23e1-4f47-96db-06a9ef1c0e9a', 'I feel seen and understood.', 'active', '2026-05-10 08:21:45.889488+00', '2026-05-10 08:21:45.889488+00'),
	('12074a9c-7107-474c-b494-3b02e28c6c72', '4e108bb4-370d-4740-a429-5448e3bc034a', '9eb8b33e-758a-455d-a05f-2e1ce99e3f9a', 'f5d28904-04f7-45fd-a4f8-7be8d9f1582a', 'You''ve captured my feelings perfectly.', 'active', '2026-05-10 08:21:45.889488+00', '2026-05-10 08:21:45.889488+00'),
	('84722ef6-2d6d-43a5-8f73-d9bdd82e3e9d', '4e108bb4-370d-4740-a429-5448e3bc034a', 'a467f7a7-dd7d-48df-a0ab-049859644453', 'f5d28904-04f7-45fd-a4f8-7be8d9f1582a', 'This response made my day!', 'active', '2026-05-10 08:21:45.889488+00', '2026-05-10 08:21:45.889488+00'),
	('da61f079-8323-4781-a682-d5b0bfdf32b8', '4e108bb4-370d-4740-a429-5448e3bc034a', 'adfe3895-e3f6-4dc0-8a99-1282de8d2416', '7b01b175-1d4b-41fb-a882-d180c90c7711', 'This is such a thoughtful response.', 'active', '2026-05-10 08:21:45.889488+00', '2026-05-10 08:21:45.889488+00'),
	('837ee869-89f1-4467-bf1e-a29738dd699f', '4e108bb4-370d-4740-a429-5448e3bc034a', 'a467f7a7-dd7d-48df-a0ab-049859644453', '7b01b175-1d4b-41fb-a882-d180c90c7711', 'Your insight is really helpful.', 'active', '2026-05-10 08:21:45.889488+00', '2026-05-10 08:21:45.889488+00'),
	('1abcedbc-5b14-49a7-92ec-1c8bacfac25a', '1f8f45ca-e243-4dc7-b8d4-23292f096f33', '9eb8b33e-758a-455d-a05f-2e1ce99e3f9a', 'f5051882-2b51-4fda-94bb-58f92efd2426', 'You''ve given me a lot to think about.', 'active', '2026-05-10 08:21:45.889488+00', '2026-05-10 08:21:45.889488+00'),
	('e813e83a-b5f2-4571-87c3-47ff1e3e2679', '1f8f45ca-e243-4dc7-b8d4-23292f096f33', 'adfe3895-e3f6-4dc0-8a99-1282de8d2416', 'bbf33df0-1228-41d2-bd73-d88dcd5d6c56', 'This adds so much value to the conversation.', 'active', '2026-05-10 08:21:45.889488+00', '2026-05-10 08:21:45.889488+00'),
	('091cba42-525e-4849-b1fb-de44e6afe22a', 'ac7d026f-44f9-4d8c-8e16-b4e6b8f79181', 'a467f7a7-dd7d-48df-a0ab-049859644453', '53b11a57-f6e7-4775-97e5-dcaab3db93b8', 'Your insight is really helpful.', 'active', '2026-05-10 08:21:45.889488+00', '2026-05-10 08:21:45.889488+00'),
	('c86bf6bf-b85d-4d28-97f4-bf4cdac6e4e8', 'ac7d026f-44f9-4d8c-8e16-b4e6b8f79181', 'a467f7a7-dd7d-48df-a0ab-049859644453', '9ce86b9d-3aea-41a2-96af-30b68dd220cc', 'Thank you for saying this so well.', 'active', '2026-05-10 08:21:45.889488+00', '2026-05-10 08:21:45.889488+00'),
	('8221cded-c4b2-4b03-ab51-b108dc1930be', 'ac7d026f-44f9-4d8c-8e16-b4e6b8f79181', 'adfe3895-e3f6-4dc0-8a99-1282de8d2416', '9ce86b9d-3aea-41a2-96af-30b68dd220cc', 'This adds so much value to the conversation.', 'active', '2026-05-10 08:21:45.889488+00', '2026-05-10 08:21:45.889488+00'),
	('4ea0a452-8ed7-4745-9be5-38583523c610', '70deeb4e-18f9-4b22-b073-a8be4270189e', 'a467f7a7-dd7d-48df-a0ab-049859644453', 'b9c18b46-ff84-4c43-bb61-e3e35c58cdc4', 'Exactly! This is what I was thinking too.', 'active', '2026-05-10 08:21:45.889488+00', '2026-05-10 08:21:45.889488+00'),
	('831a9900-2a88-4378-8434-be499b32b990', '70deeb4e-18f9-4b22-b073-a8be4270189e', '9eb8b33e-758a-455d-a05f-2e1ce99e3f9a', 'b9c18b46-ff84-4c43-bb61-e3e35c58cdc4', 'This is such a thoughtful response.', 'active', '2026-05-10 08:21:45.889488+00', '2026-05-10 08:21:45.889488+00'),
	('206f326c-18ad-4bbc-af4a-fab8affde866', '70deeb4e-18f9-4b22-b073-a8be4270189e', 'adfe3895-e3f6-4dc0-8a99-1282de8d2416', '1cf37824-51c9-49d5-8712-9cc6fb64f3b8', 'This conversation is so important.', 'active', '2026-05-10 08:21:45.889488+00', '2026-05-10 08:21:45.889488+00'),
	('887ffebd-6d04-493c-9b94-fcc58a26b056', '70deeb4e-18f9-4b22-b073-a8be4270189e', 'a467f7a7-dd7d-48df-a0ab-049859644453', '1cf37824-51c9-49d5-8712-9cc6fb64f3b8', 'This community is amazing because of people like you.', 'active', '2026-05-10 08:21:45.889488+00', '2026-05-10 08:21:45.889488+00'),
	('3cd405da-41c0-4572-83bb-e69ec16e3208', '16508a31-3ed3-4cd5-928a-10272728ddb8', '9eb8b33e-758a-455d-a05f-2e1ce99e3f9a', '54bf5cf1-027c-4676-9cf9-09b132ccb9e5', 'I''m learning so much from these discussions.', 'active', '2026-05-10 08:21:45.889488+00', '2026-05-10 08:21:45.889488+00'),
	('90f11036-72ac-44ee-ad0c-c5f6a71af8e0', '16508a31-3ed3-4cd5-928a-10272728ddb8', 'a467f7a7-dd7d-48df-a0ab-049859644453', 'fc026aba-dceb-4594-8a92-adf098459459', 'Your support means a lot to me.', 'active', '2026-05-10 08:21:45.889488+00', '2026-05-10 08:21:45.889488+00'),
	('f6b81f97-f671-4950-a357-ac753dfbff3b', 'aa617836-1b35-454e-a277-6e20f49d327e', 'adfe3895-e3f6-4dc0-8a99-1282de8d2416', '2b7f14e6-6730-4b76-abe7-3a30b40ee02b', 'I hadn''t thought of it this way before.', 'active', '2026-05-10 08:21:45.889488+00', '2026-05-10 08:21:45.889488+00'),
	('16b5c9b9-2d63-4a19-ba0d-291e7088203b', 'aa617836-1b35-454e-a277-6e20f49d327e', 'a467f7a7-dd7d-48df-a0ab-049859644453', '2b7f14e6-6730-4b76-abe7-3a30b40ee02b', 'This response made my day!', 'active', '2026-05-10 08:21:45.889488+00', '2026-05-10 08:21:45.889488+00'),
	('040b5c66-d805-4053-8103-8eea0e495cd7', 'aa617836-1b35-454e-a277-6e20f49d327e', '9eb8b33e-758a-455d-a05f-2e1ce99e3f9a', 'e91b035f-fbac-4fab-b097-df084b14a2ca', 'I''m grateful for this discussion.', 'active', '2026-05-10 08:21:45.889488+00', '2026-05-10 08:21:45.889488+00'),
	('e8da823b-a305-4352-8f33-b24742b0ac59', 'aa617836-1b35-454e-a277-6e20f49d327e', 'adfe3895-e3f6-4dc0-8a99-1282de8d2416', 'e91b035f-fbac-4fab-b097-df084b14a2ca', 'I feel seen and understood.', 'active', '2026-05-10 08:21:45.889488+00', '2026-05-10 08:21:45.889488+00'),
	('dd9e1bcf-643e-4527-943d-f020941a1027', 'b90ef7b1-7c00-4ec9-9a9c-9f4734c27783', 'a467f7a7-dd7d-48df-a0ab-049859644453', '65b82168-5902-4587-a46b-7052a25c3934', 'This is why I love this community.', 'active', '2026-05-10 08:21:45.889488+00', '2026-05-10 08:21:45.889488+00'),
	('9f4fac47-1a4b-40b0-bbba-bfb62c969c60', 'b90ef7b1-7c00-4ec9-9a9c-9f4734c27783', 'adfe3895-e3f6-4dc0-8a99-1282de8d2416', '65b82168-5902-4587-a46b-7052a25c3934', 'Exactly! This is what I was thinking too.', 'active', '2026-05-10 08:21:45.889488+00', '2026-05-10 08:21:45.889488+00'),
	('0229bcd9-893f-4e8b-8da6-947bce22695c', 'b90ef7b1-7c00-4ec9-9a9c-9f4734c27783', '9eb8b33e-758a-455d-a05f-2e1ce99e3f9a', '39d27401-fef0-4015-b258-d302332838e9', 'This response made my day!', 'active', '2026-05-10 08:21:45.889488+00', '2026-05-10 08:21:45.889488+00'),
	('56e6e198-bbe7-4b89-a097-99d44960618f', 'bada9c44-609c-4ea8-9881-30b99ada1390', 'a467f7a7-dd7d-48df-a0ab-049859644453', '91162952-039c-4b62-919d-fabc414c9acb', 'You''re absolutely right about this.', 'active', '2026-05-10 08:21:45.889488+00', '2026-05-10 08:21:45.889488+00'),
	('a834070f-acf5-4c35-860e-23bd8dd2d30b', 'bada9c44-609c-4ea8-9881-30b99ada1390', 'adfe3895-e3f6-4dc0-8a99-1282de8d2416', '91162952-039c-4b62-919d-fabc414c9acb', 'This response made my day!', 'active', '2026-05-10 08:21:45.889488+00', '2026-05-10 08:21:45.889488+00'),
	('108eb3f7-0ebe-4ee0-8f87-027dc378cc24', 'bada9c44-609c-4ea8-9881-30b99ada1390', '9eb8b33e-758a-455d-a05f-2e1ce99e3f9a', '3e2afcc9-e26f-40e8-aee5-d22464ec388a', 'I appreciate you taking the time to reply.', 'active', '2026-05-10 08:21:45.889488+00', '2026-05-10 08:21:45.889488+00'),
	('1430abb1-735c-4a40-b6fc-befe512f42c3', 'bada9c44-609c-4ea8-9881-30b99ada1390', 'adfe3895-e3f6-4dc0-8a99-1282de8d2416', '3e2afcc9-e26f-40e8-aee5-d22464ec388a', 'Thank you for saying this so well.', 'active', '2026-05-10 08:21:45.889488+00', '2026-05-10 08:21:45.889488+00'),
	('a2208da8-020f-4f10-8933-08c98cf5ec76', 'd750c25c-186d-4c02-9cbc-c0943c638bf7', 'a467f7a7-dd7d-48df-a0ab-049859644453', 'ee9c55b9-d580-472f-9f6c-0c8cf3a1b926', 'I''m grateful for this discussion.', 'active', '2026-05-10 08:21:45.889488+00', '2026-05-10 08:21:45.889488+00'),
	('9252ac57-fdcc-427d-82f5-c086522ac436', 'd750c25c-186d-4c02-9cbc-c0943c638bf7', '9eb8b33e-758a-455d-a05f-2e1ce99e3f9a', 'ee9c55b9-d580-472f-9f6c-0c8cf3a1b926', 'Exactly! This is what I was thinking too.', 'active', '2026-05-10 08:21:45.889488+00', '2026-05-10 08:21:45.889488+00'),
	('b43602e7-73c9-446d-be7b-719930218f28', 'd750c25c-186d-4c02-9cbc-c0943c638bf7', '9eb8b33e-758a-455d-a05f-2e1ce99e3f9a', 'b2cf0bc9-ae7d-4da2-af7a-9129fb27f70e', 'I feel seen and understood.', 'active', '2026-05-10 08:21:45.889488+00', '2026-05-10 08:21:45.889488+00'),
	('464cf78c-c62b-4edd-bcf2-18a32d0783df', 'd750c25c-186d-4c02-9cbc-c0943c638bf7', 'adfe3895-e3f6-4dc0-8a99-1282de8d2416', 'b2cf0bc9-ae7d-4da2-af7a-9129fb27f70e', 'I totally agree with this perspective!', 'active', '2026-05-10 08:21:45.889488+00', '2026-05-10 08:21:45.889488+00'),
	('96afdf20-d51a-4519-aa44-16d1ad484f58', 'e9242701-2b48-414a-a424-70908b4bd952', 'adfe3895-e3f6-4dc0-8a99-1282de8d2416', '10320276-c988-4178-ab35-2857fb004c26', 'I hadn''t thought of it this way before.', 'active', '2026-05-10 08:21:45.889488+00', '2026-05-10 08:21:45.889488+00'),
	('d1186c06-b3a3-4eec-829b-e6a0fbf8ed66', 'e9242701-2b48-414a-a424-70908b4bd952', '9eb8b33e-758a-455d-a05f-2e1ce99e3f9a', '10320276-c988-4178-ab35-2857fb004c26', 'This is such a thoughtful response.', 'active', '2026-05-10 08:21:45.889488+00', '2026-05-10 08:21:45.889488+00'),
	('75f347ee-a0a1-4925-84f9-5dd4f13b5636', 'e9242701-2b48-414a-a424-70908b4bd952', 'a467f7a7-dd7d-48df-a0ab-049859644453', '1b9db426-8c53-46a1-8623-f38c15eff769', 'This response made my day!', 'active', '2026-05-10 08:21:45.889488+00', '2026-05-10 08:21:45.889488+00'),
	('08cea977-7c44-4690-87ce-46a0f2fedcc7', 'a1965eb5-4d61-4435-8481-b24862e2023a', '9eb8b33e-758a-455d-a05f-2e1ce99e3f9a', '739866f0-a7b2-46e7-a9bc-635c1f51e5d7', 'I''m learning so much from these discussions.', 'active', '2026-05-10 08:21:45.889488+00', '2026-05-10 08:21:45.889488+00'),
	('1c1efcb9-907f-4c3b-97d9-8eb2c587009c', 'a1965eb5-4d61-4435-8481-b24862e2023a', 'a467f7a7-dd7d-48df-a0ab-049859644453', '739866f0-a7b2-46e7-a9bc-635c1f51e5d7', 'This adds so much value to the conversation.', 'active', '2026-05-10 08:21:45.889488+00', '2026-05-10 08:21:45.889488+00'),
	('9de6b2c4-2844-432a-829a-32b7918bc982', 'a1965eb5-4d61-4435-8481-b24862e2023a', '9eb8b33e-758a-455d-a05f-2e1ce99e3f9a', '3be6cb98-4ec3-4bd3-81ec-1fb80497a234', 'I feel seen and understood.', 'active', '2026-05-10 08:21:45.889488+00', '2026-05-10 08:21:45.889488+00'),
	('8ee19982-56b7-45ec-b3a3-1751c300918c', 'a1965eb5-4d61-4435-8481-b24862e2023a', 'adfe3895-e3f6-4dc0-8a99-1282de8d2416', '3be6cb98-4ec3-4bd3-81ec-1fb80497a234', 'You''ve given me a lot to think about.', 'active', '2026-05-10 08:21:45.889488+00', '2026-05-10 08:21:45.889488+00'),
	('f23e1bd1-4c4a-4c20-bb59-8079b8fa54ee', '09a891e5-9285-44b6-a7f4-32f8d7b0c693', '9eb8b33e-758a-455d-a05f-2e1ce99e3f9a', '888bf19a-8036-4f9d-8134-3c5e9584a17b', 'I hadn''t thought of it this way before.', 'active', '2026-05-10 08:21:45.889488+00', '2026-05-10 08:21:45.889488+00'),
	('72b1dd1e-e730-4b31-98ae-d8cf128feced', '09a891e5-9285-44b6-a7f4-32f8d7b0c693', 'adfe3895-e3f6-4dc0-8a99-1282de8d2416', '888bf19a-8036-4f9d-8134-3c5e9584a17b', 'I''m learning so much from these discussions.', 'active', '2026-05-10 08:21:45.889488+00', '2026-05-10 08:21:45.889488+00'),
	('906e6355-e56c-4858-9458-98cd780fdf8d', '09a891e5-9285-44b6-a7f4-32f8d7b0c693', '9eb8b33e-758a-455d-a05f-2e1ce99e3f9a', '3ec28b23-91e6-47a1-b28a-0e0e3d78356a', 'Exactly! This is what I was thinking too.', 'active', '2026-05-10 08:21:45.889488+00', '2026-05-10 08:21:45.889488+00'),
	('631b4455-f3cd-4c7c-82fc-5ff00a9bf912', '06c1da3d-c01f-4bbd-bbf2-b9747cbc1523', 'a467f7a7-dd7d-48df-a0ab-049859644453', 'fcf2f668-46e6-4eed-95bd-2a9f9a7e39ca', 'Your support means a lot to me.', 'active', '2026-05-10 08:21:45.889488+00', '2026-05-10 08:21:45.889488+00'),
	('16187c4f-5b33-4a5f-a603-8ea6e90b38d8', '06c1da3d-c01f-4bbd-bbf2-b9747cbc1523', 'adfe3895-e3f6-4dc0-8a99-1282de8d2416', 'fcf2f668-46e6-4eed-95bd-2a9f9a7e39ca', 'Your insight is really helpful.', 'active', '2026-05-10 08:21:45.889488+00', '2026-05-10 08:21:45.889488+00'),
	('03f6f639-f914-4d5c-bc21-ef669cb9f7d0', '06c1da3d-c01f-4bbd-bbf2-b9747cbc1523', 'a467f7a7-dd7d-48df-a0ab-049859644453', 'dd8b57ad-6f33-4672-95f5-e94b58591ba1', 'Thank you for your kind words.', 'active', '2026-05-10 08:21:45.889488+00', '2026-05-10 08:21:45.889488+00'),
	('9e80ab2b-3ea0-4572-8b4c-8797d69b4416', '06c1da3d-c01f-4bbd-bbf2-b9747cbc1523', '9eb8b33e-758a-455d-a05f-2e1ce99e3f9a', 'dd8b57ad-6f33-4672-95f5-e94b58591ba1', 'This adds so much value to the conversation.', 'active', '2026-05-10 08:21:45.889488+00', '2026-05-10 08:21:45.889488+00'),
	('155708a1-e51d-4e1a-b134-b3a3e54442e7', '50834ae3-fbee-4a6e-8d80-5f9ab6199fce', 'a467f7a7-dd7d-48df-a0ab-049859644453', 'e42b7f22-3b10-452c-9fdc-6134c00d777e', 'You''ve captured my feelings perfectly.', 'active', '2026-05-10 08:21:45.889488+00', '2026-05-10 08:21:45.889488+00'),
	('0458c5dd-463b-4840-86e0-70c62ac16384', '50834ae3-fbee-4a6e-8d80-5f9ab6199fce', '9eb8b33e-758a-455d-a05f-2e1ce99e3f9a', 'e42b7f22-3b10-452c-9fdc-6134c00d777e', 'Your support means a lot to me.', 'active', '2026-05-10 08:21:45.889488+00', '2026-05-10 08:21:45.889488+00'),
	('4c8347c7-38f3-4e8a-b0e2-e9e98674da43', '50834ae3-fbee-4a6e-8d80-5f9ab6199fce', 'a467f7a7-dd7d-48df-a0ab-049859644453', '6e793f68-9f9f-4ab0-b88c-7bab91fc2c66', 'You''re absolutely right about this.', 'active', '2026-05-10 08:21:45.889488+00', '2026-05-10 08:21:45.889488+00'),
	('22e7a9e2-a4a5-431f-ad95-b8063e0df71f', '50834ae3-fbee-4a6e-8d80-5f9ab6199fce', 'adfe3895-e3f6-4dc0-8a99-1282de8d2416', '6e793f68-9f9f-4ab0-b88c-7bab91fc2c66', 'I totally agree with this perspective!', 'active', '2026-05-10 08:21:45.889488+00', '2026-05-10 08:21:45.889488+00'),
	('5ea7eecf-0710-416d-b076-0135d284ef59', '87996792-dbc0-4101-8411-df7afbc6e9df', '9eb8b33e-758a-455d-a05f-2e1ce99e3f9a', '21aada32-1ae0-4859-878c-998147d19f24', 'I feel seen and understood.', 'active', '2026-05-10 08:21:45.889488+00', '2026-05-10 08:21:45.889488+00'),
	('31d58e70-4acb-48e0-8e9b-374053a14770', '87996792-dbc0-4101-8411-df7afbc6e9df', 'a467f7a7-dd7d-48df-a0ab-049859644453', '21aada32-1ae0-4859-878c-998147d19f24', 'This adds so much value to the conversation.', 'active', '2026-05-10 08:21:45.889488+00', '2026-05-10 08:21:45.889488+00'),
	('c1506412-def2-4053-9132-fea7f861adf8', '87996792-dbc0-4101-8411-df7afbc6e9df', 'a467f7a7-dd7d-48df-a0ab-049859644453', 'fd82d81c-8b7e-426a-ba09-046e13167bc2', 'I''m grateful for this discussion.', 'active', '2026-05-10 08:21:45.889488+00', '2026-05-10 08:21:45.889488+00'),
	('b281ad76-82e0-4683-802b-8c12b0172ea8', '87996792-dbc0-4101-8411-df7afbc6e9df', 'adfe3895-e3f6-4dc0-8a99-1282de8d2416', 'fd82d81c-8b7e-426a-ba09-046e13167bc2', 'This conversation is so important.', 'active', '2026-05-10 08:21:45.889488+00', '2026-05-10 08:21:45.889488+00'),
	('adeee9ed-6bca-44df-a391-0ed3c6b59395', '52d9e79b-6919-497a-89dc-10f203721854', 'a467f7a7-dd7d-48df-a0ab-049859644453', '63f5e9fe-6110-452e-8c30-ddf44204ba8f', 'I''m learning so much from these discussions.', 'active', '2026-05-10 08:21:45.889488+00', '2026-05-10 08:21:45.889488+00'),
	('cc7d72d9-2a8d-42d5-a02e-0b16a1f71c4e', '52d9e79b-6919-497a-89dc-10f203721854', 'a467f7a7-dd7d-48df-a0ab-049859644453', 'b2e460a7-c1bf-4a79-8fb4-faf9e41d6ea5', 'I''m learning so much from these discussions.', 'active', '2026-05-10 08:21:45.889488+00', '2026-05-10 08:21:45.889488+00'),
	('c101952d-8b04-40de-b345-270cf31402a4', '52d9e79b-6919-497a-89dc-10f203721854', '9eb8b33e-758a-455d-a05f-2e1ce99e3f9a', 'b2e460a7-c1bf-4a79-8fb4-faf9e41d6ea5', 'I''m learning so much from these discussions.', 'active', '2026-05-10 08:21:45.889488+00', '2026-05-10 08:21:45.889488+00'),
	('602a9a78-b3f8-432f-822f-0dd7b3ce4761', '6689f567-a1cf-467a-9467-f57d297db665', 'a467f7a7-dd7d-48df-a0ab-049859644453', '1f3b2594-95d3-43e6-aaed-149d4f2ab777', 'You''re absolutely right about this.', 'active', '2026-05-10 08:21:45.889488+00', '2026-05-10 08:21:45.889488+00'),
	('dc7e216d-f281-4bb2-a19a-7550145629e7', '6689f567-a1cf-467a-9467-f57d297db665', 'adfe3895-e3f6-4dc0-8a99-1282de8d2416', '1f3b2594-95d3-43e6-aaed-149d4f2ab777', 'This community is amazing because of people like you.', 'active', '2026-05-10 08:21:45.889488+00', '2026-05-10 08:21:45.889488+00'),
	('710f6a10-3ab8-4d41-8ca1-48edca9d6f80', '6689f567-a1cf-467a-9467-f57d297db665', '9eb8b33e-758a-455d-a05f-2e1ce99e3f9a', 'f35dea86-48ca-4331-b4b3-de03b1405b93', 'I''m grateful for this discussion.', 'active', '2026-05-10 08:21:45.889488+00', '2026-05-10 08:21:45.889488+00'),
	('53f16e73-4644-4a2a-a800-8e6882d30ca3', '6689f567-a1cf-467a-9467-f57d297db665', 'adfe3895-e3f6-4dc0-8a99-1282de8d2416', 'f35dea86-48ca-4331-b4b3-de03b1405b93', 'Your support means a lot to me.', 'active', '2026-05-10 08:21:45.889488+00', '2026-05-10 08:21:45.889488+00'),
	('d22f1a72-c09d-44f0-98d4-551b1f03738f', '20bae48b-14b9-410c-bd5d-cad33b4cfcda', '9eb8b33e-758a-455d-a05f-2e1ce99e3f9a', '800cb1b4-58d1-43b2-a4b3-b0b988824590', 'You''ve given me a lot to think about.', 'active', '2026-05-10 08:21:45.889488+00', '2026-05-10 08:21:45.889488+00'),
	('d77754fe-1cc9-44e6-a187-2b552926517e', '20bae48b-14b9-410c-bd5d-cad33b4cfcda', 'adfe3895-e3f6-4dc0-8a99-1282de8d2416', '671037e5-3914-4f82-90f7-959276daa241', 'This is such a thoughtful response.', 'active', '2026-05-10 08:21:45.889488+00', '2026-05-10 08:21:45.889488+00'),
	('55bb7363-c337-4666-9979-f6644b8f7b9f', '20bae48b-14b9-410c-bd5d-cad33b4cfcda', 'a467f7a7-dd7d-48df-a0ab-049859644453', '671037e5-3914-4f82-90f7-959276daa241', 'I feel seen and understood.', 'active', '2026-05-10 08:21:45.889488+00', '2026-05-10 08:21:45.889488+00'),
	('956e72c8-7bca-4e84-9fb3-16e5d7ae9f08', '0990acfc-1ca4-4281-9cfe-2ba76c2e44eb', 'adfe3895-e3f6-4dc0-8a99-1282de8d2416', '93f0c8c7-59a1-4ea1-8012-af588432178d', 'This is why I love this community.', 'active', '2026-05-10 08:21:45.889488+00', '2026-05-10 08:21:45.889488+00'),
	('751781dd-8856-4b14-a0a9-a4d85d544098', '0990acfc-1ca4-4281-9cfe-2ba76c2e44eb', 'a467f7a7-dd7d-48df-a0ab-049859644453', '93f0c8c7-59a1-4ea1-8012-af588432178d', 'This is such a thoughtful response.', 'active', '2026-05-10 08:21:45.889488+00', '2026-05-10 08:21:45.889488+00'),
	('d54808b0-f123-435e-a26b-ec57339fc944', '0990acfc-1ca4-4281-9cfe-2ba76c2e44eb', 'adfe3895-e3f6-4dc0-8a99-1282de8d2416', '4434cf8c-96a3-42a0-b6b9-dc590c27a284', 'This conversation is so important.', 'active', '2026-05-10 08:21:45.889488+00', '2026-05-10 08:21:45.889488+00'),
	('16ca3d62-def2-43f6-9436-1bdc63e41d0c', 'e26541ac-7008-4282-9094-c6185b5cbd67', 'a467f7a7-dd7d-48df-a0ab-049859644453', 'd19a133a-f5b9-4fc6-88e5-ad215fc5fbf3', 'I feel seen and understood.', 'active', '2026-05-10 08:21:45.889488+00', '2026-05-10 08:21:45.889488+00'),
	('f5aaa324-43ad-4323-bf3f-eb2bd50ee1c1', 'e26541ac-7008-4282-9094-c6185b5cbd67', '9eb8b33e-758a-455d-a05f-2e1ce99e3f9a', 'ffe63827-db66-4a92-946b-be1aa9b9929a', 'I feel seen and understood.', 'active', '2026-05-10 08:21:45.889488+00', '2026-05-10 08:21:45.889488+00'),
	('ed21a884-b0b6-4d19-90d0-a16540be4246', '4bfe0a16-04c2-4cd9-9e4c-d764a780d661', 'adfe3895-e3f6-4dc0-8a99-1282de8d2416', '43a93424-1b67-45b8-aed5-c8ed3807f4ee', 'I feel seen and understood.', 'active', '2026-05-10 08:21:45.889488+00', '2026-05-10 08:21:45.889488+00'),
	('04733bb8-9017-45f0-988b-1f9f0923e50b', '4bfe0a16-04c2-4cd9-9e4c-d764a780d661', '9eb8b33e-758a-455d-a05f-2e1ce99e3f9a', '43a93424-1b67-45b8-aed5-c8ed3807f4ee', 'Thank you for saying this so well.', 'active', '2026-05-10 08:21:45.889488+00', '2026-05-10 08:21:45.889488+00'),
	('1a9aed7b-5361-41b4-bd0e-eb02d44c99fc', '4bfe0a16-04c2-4cd9-9e4c-d764a780d661', 'a467f7a7-dd7d-48df-a0ab-049859644453', '86a43bb7-5f84-4c96-af95-8260ff94a277', 'This adds so much value to the conversation.', 'active', '2026-05-10 08:21:45.889488+00', '2026-05-10 08:21:45.889488+00'),
	('acdbb1c0-0bfb-47dc-b736-34da756df3e7', '4bfe0a16-04c2-4cd9-9e4c-d764a780d661', 'adfe3895-e3f6-4dc0-8a99-1282de8d2416', '86a43bb7-5f84-4c96-af95-8260ff94a277', 'You''re absolutely right about this.', 'active', '2026-05-10 08:21:45.889488+00', '2026-05-10 08:21:45.889488+00'),
	('b00c0372-30a1-40a0-b16a-07bf596f9165', '4c1c8a23-5043-43b1-801d-31e7e8cdfce0', 'adfe3895-e3f6-4dc0-8a99-1282de8d2416', '36eee246-aa70-4e83-bd07-1423fd9bc30a', 'This conversation is so important.', 'active', '2026-05-10 08:21:45.889488+00', '2026-05-10 08:21:45.889488+00'),
	('165ce6f7-0b21-45d3-b400-00d73931dca9', '4c1c8a23-5043-43b1-801d-31e7e8cdfce0', 'a467f7a7-dd7d-48df-a0ab-049859644453', 'acf0e921-fc83-46e4-ab23-79bd5594bd14', 'I''m grateful for this discussion.', 'active', '2026-05-10 08:21:45.889488+00', '2026-05-10 08:21:45.889488+00'),
	('976b5767-5558-48cd-b2fb-1b4dd4ef0b4a', '4bfe0a16-04c2-4cd9-9e4c-d764a780d661', 'a467f7a7-dd7d-48df-a0ab-049859644453', 'a185cafa-cb7e-4106-9728-f25a0dda5c88', 'I feel seen and understood.', 'active', '2026-05-10 08:21:45.889488+00', '2026-05-10 08:21:45.889488+00'),
	('293491a3-1a43-4022-aef9-46385ad40125', '4bfe0a16-04c2-4cd9-9e4c-d764a780d661', '9eb8b33e-758a-455d-a05f-2e1ce99e3f9a', 'a185cafa-cb7e-4106-9728-f25a0dda5c88', 'Your insight is really helpful.', 'active', '2026-05-10 08:21:45.889488+00', '2026-05-10 08:21:45.889488+00'),
	('31aa5492-f363-45f9-8c5f-b5676163b484', '4bfe0a16-04c2-4cd9-9e4c-d764a780d661', 'adfe3895-e3f6-4dc0-8a99-1282de8d2416', '1b8b70a8-242b-4840-899a-802219d919a8', 'You''ve given me a lot to think about.', 'active', '2026-05-10 08:21:45.889488+00', '2026-05-10 08:21:45.889488+00'),
	('afd0e6a0-44d8-4fa1-8d30-f37bd46dac97', '4bfe0a16-04c2-4cd9-9e4c-d764a780d661', 'a467f7a7-dd7d-48df-a0ab-049859644453', '1b8b70a8-242b-4840-899a-802219d919a8', 'This response made my day!', 'active', '2026-05-10 08:21:45.889488+00', '2026-05-10 08:21:45.889488+00'),
	('9da2e669-f271-454e-9baf-bb7986cccc57', '4bfe0a16-04c2-4cd9-9e4c-d764a780d661', 'adfe3895-e3f6-4dc0-8a99-1282de8d2416', '0343b2c5-57d7-4296-b7af-76374d059f6c', 'This response made my day!', 'active', '2026-05-10 08:21:45.889488+00', '2026-05-10 08:21:45.889488+00'),
	('9b6be5b4-8fba-4b5d-a6eb-71c5cfe91064', '4bfe0a16-04c2-4cd9-9e4c-d764a780d661', 'a467f7a7-dd7d-48df-a0ab-049859644453', '0343b2c5-57d7-4296-b7af-76374d059f6c', 'This is why I love this community.', 'active', '2026-05-10 08:21:45.889488+00', '2026-05-10 08:21:45.889488+00'),
	('afd4631e-7174-4c48-9a33-2579c7a6c987', '4bfe0a16-04c2-4cd9-9e4c-d764a780d661', 'adfe3895-e3f6-4dc0-8a99-1282de8d2416', '3584b6cc-d934-4b34-b91a-ce321453e7c3', 'Your insight is really helpful.', 'active', '2026-05-10 08:21:45.889488+00', '2026-05-10 08:21:45.889488+00'),
	('2f53e925-8276-4a8f-8fe3-c96d0d51f4f0', '4bfe0a16-04c2-4cd9-9e4c-d764a780d661', '9eb8b33e-758a-455d-a05f-2e1ce99e3f9a', '3584b6cc-d934-4b34-b91a-ce321453e7c3', 'This is such a thoughtful response.', 'active', '2026-05-10 08:21:45.889488+00', '2026-05-10 08:21:45.889488+00'),
	('2afcd41c-9417-416e-b443-ac0bcf26695e', '4bfe0a16-04c2-4cd9-9e4c-d764a780d661', 'adfe3895-e3f6-4dc0-8a99-1282de8d2416', 'dca19fe8-6efb-4c96-b436-82b63783daf4', 'Your support means a lot to me.', 'active', '2026-05-10 08:21:45.889488+00', '2026-05-10 08:21:45.889488+00'),
	('755d2b18-6e48-48d8-9488-ff174dc14e19', '4bfe0a16-04c2-4cd9-9e4c-d764a780d661', 'a467f7a7-dd7d-48df-a0ab-049859644453', 'dca19fe8-6efb-4c96-b436-82b63783daf4', 'I''m learning so much from these discussions.', 'active', '2026-05-10 08:21:45.889488+00', '2026-05-10 08:21:45.889488+00'),
	('70432614-0ee3-4cfe-9934-1387948372eb', '4bfe0a16-04c2-4cd9-9e4c-d764a780d661', '9eb8b33e-758a-455d-a05f-2e1ce99e3f9a', '7a00406c-0358-4a66-b187-eb7fd37f9844', 'You''ve captured my feelings perfectly.', 'active', '2026-05-10 08:21:45.889488+00', '2026-05-10 08:21:45.889488+00'),
	('56b4aa07-5cf0-436e-8008-aa4eb5fea3bd', 'e07fe405-0748-45fb-9890-0a4d4e4a7bfa', 'adfe3895-e3f6-4dc0-8a99-1282de8d2416', '788c13d3-e1e6-4364-a345-316fba06109e', 'I''m learning so much from these discussions.', 'active', '2026-05-10 08:21:45.889488+00', '2026-05-10 08:21:45.889488+00'),
	('a7ae4393-ce8a-472e-b377-2c2ae01d6da3', 'e07fe405-0748-45fb-9890-0a4d4e4a7bfa', 'a467f7a7-dd7d-48df-a0ab-049859644453', '788c13d3-e1e6-4364-a345-316fba06109e', 'Thank you for saying this so well.', 'active', '2026-05-10 08:21:45.889488+00', '2026-05-10 08:21:45.889488+00'),
	('08d56cf4-7945-4d8d-ab15-1942d7faefae', 'e07fe405-0748-45fb-9890-0a4d4e4a7bfa', 'a467f7a7-dd7d-48df-a0ab-049859644453', 'a1bb01f4-8cc8-4a5c-98b1-08413663d795', 'I''m learning so much from these discussions.', 'active', '2026-05-10 08:21:45.889488+00', '2026-05-10 08:21:45.889488+00'),
	('418497bd-eef4-45d4-b9be-c198880f2e48', 'e07fe405-0748-45fb-9890-0a4d4e4a7bfa', 'adfe3895-e3f6-4dc0-8a99-1282de8d2416', 'a1bb01f4-8cc8-4a5c-98b1-08413663d795', 'I feel seen and understood.', 'active', '2026-05-10 08:21:45.889488+00', '2026-05-10 08:21:45.889488+00'),
	('9772019e-b102-466d-b1da-5f0e3a56fd45', '4bfe0a16-04c2-4cd9-9e4c-d764a780d661', 'adfe3895-e3f6-4dc0-8a99-1282de8d2416', '0f0966cf-c035-4f33-a2d6-b4f2eaaa0a23', 'This is such a thoughtful response.', 'active', '2026-05-10 08:21:45.889488+00', '2026-05-10 08:21:45.889488+00'),
	('e21eeaff-3031-42c7-b476-c2b49c7d3053', '4bfe0a16-04c2-4cd9-9e4c-d764a780d661', '9eb8b33e-758a-455d-a05f-2e1ce99e3f9a', '0f0966cf-c035-4f33-a2d6-b4f2eaaa0a23', 'This is why I love this community.', 'active', '2026-05-10 08:21:45.889488+00', '2026-05-10 08:21:45.889488+00'),
	('09850d67-22dc-45d6-af4e-6ad28a3fa32c', '4bfe0a16-04c2-4cd9-9e4c-d764a780d661', 'a467f7a7-dd7d-48df-a0ab-049859644453', '99367d9a-ca4b-48c2-b21f-c3df9d2d315a', 'You''ve captured my feelings perfectly.', 'active', '2026-05-10 08:21:45.889488+00', '2026-05-10 08:21:45.889488+00'),
	('a15e5de3-1589-4fe7-a3dd-ad8bfeee836c', '4bfe0a16-04c2-4cd9-9e4c-d764a780d661', '9eb8b33e-758a-455d-a05f-2e1ce99e3f9a', '760cb021-9294-477c-8be7-f3f1fa478f9e', 'Thank you for saying this so well.', 'active', '2026-05-10 08:21:45.889488+00', '2026-05-10 08:21:45.889488+00'),
	('ffd4adb3-2359-4078-931d-e68a64150177', '4bfe0a16-04c2-4cd9-9e4c-d764a780d661', 'a467f7a7-dd7d-48df-a0ab-049859644453', '760cb021-9294-477c-8be7-f3f1fa478f9e', 'You''ve captured my feelings perfectly.', 'active', '2026-05-10 08:21:45.889488+00', '2026-05-10 08:21:45.889488+00'),
	('1dc45067-b411-4336-b843-42114945e581', '4bfe0a16-04c2-4cd9-9e4c-d764a780d661', 'a467f7a7-dd7d-48df-a0ab-049859644453', 'e1b29bb9-7054-4c73-9743-4d1d5d879927', 'Your insight is really helpful.', 'active', '2026-05-10 08:21:45.889488+00', '2026-05-10 08:21:45.889488+00'),
	('28f70393-1b09-4b7e-be05-af6ae19cca23', '4bfe0a16-04c2-4cd9-9e4c-d764a780d661', 'adfe3895-e3f6-4dc0-8a99-1282de8d2416', 'e1b29bb9-7054-4c73-9743-4d1d5d879927', 'I hadn''t thought of it this way before.', 'active', '2026-05-10 08:21:45.889488+00', '2026-05-10 08:21:45.889488+00'),
	('359ec530-d87a-4d27-9d1a-76f9e219aadb', '22e55c57-d8e9-415f-ac61-222650375df1', 'adfe3895-e3f6-4dc0-8a99-1282de8d2416', '3572fae3-41eb-4d29-93b7-4136840466aa', 'This is such a thoughtful response.', 'active', '2026-05-10 08:21:45.889488+00', '2026-05-10 08:21:45.889488+00'),
	('918eebd7-d09a-40cc-a8f4-5baabe1cda43', '22e55c57-d8e9-415f-ac61-222650375df1', 'a467f7a7-dd7d-48df-a0ab-049859644453', '3572fae3-41eb-4d29-93b7-4136840466aa', 'I feel seen and understood.', 'active', '2026-05-10 08:21:45.889488+00', '2026-05-10 08:21:45.889488+00'),
	('004afe85-3a2c-4175-9771-1723d39f8919', '22e55c57-d8e9-415f-ac61-222650375df1', 'adfe3895-e3f6-4dc0-8a99-1282de8d2416', 'b13aec25-61ae-4cca-9029-76c9be21cc8e', 'This community is amazing because of people like you.', 'active', '2026-05-10 08:21:45.889488+00', '2026-05-10 08:21:45.889488+00'),
	('9148f288-3c00-43bf-96b6-7ea79bbc39b4', '22e55c57-d8e9-415f-ac61-222650375df1', '9eb8b33e-758a-455d-a05f-2e1ce99e3f9a', 'b13aec25-61ae-4cca-9029-76c9be21cc8e', 'I feel seen and understood.', 'active', '2026-05-10 08:21:45.889488+00', '2026-05-10 08:21:45.889488+00'),
	('ccd94026-a7b3-4f3d-a738-cb1cfe0e0a5f', '22e55c57-d8e9-415f-ac61-222650375df1', 'a467f7a7-dd7d-48df-a0ab-049859644453', '38c5130a-d365-4819-9b75-79327ed4303c', 'You''re absolutely right about this.', 'active', '2026-05-10 08:21:45.889488+00', '2026-05-10 08:21:45.889488+00'),
	('06c40a9e-60c3-429e-897e-f8df99e0ab51', '22e55c57-d8e9-415f-ac61-222650375df1', '9eb8b33e-758a-455d-a05f-2e1ce99e3f9a', '38c5130a-d365-4819-9b75-79327ed4303c', 'This is why I love this community.', 'active', '2026-05-10 08:21:45.889488+00', '2026-05-10 08:21:45.889488+00'),
	('d8461dd5-253a-4588-a908-ced94529432f', '22e55c57-d8e9-415f-ac61-222650375df1', 'adfe3895-e3f6-4dc0-8a99-1282de8d2416', '77b7c986-fd9e-4b1c-9d96-b23524c0683a', 'This community is amazing because of people like you.', 'active', '2026-05-10 08:21:45.889488+00', '2026-05-10 08:21:45.889488+00'),
	('b9f32cdb-e204-42fe-a033-6fd03697cb2b', 'bb7989d4-26a9-4116-bf31-bcd0af29f431', 'a467f7a7-dd7d-48df-a0ab-049859644453', '4178456a-e020-4ebf-90cf-9e9fbaf02b43', 'You''ve given me a lot to think about.', 'active', '2026-05-10 08:21:45.889488+00', '2026-05-10 08:21:45.889488+00'),
	('169b1b06-75b2-4d68-92cd-4f3677a92934', 'bb7989d4-26a9-4116-bf31-bcd0af29f431', 'adfe3895-e3f6-4dc0-8a99-1282de8d2416', '4178456a-e020-4ebf-90cf-9e9fbaf02b43', 'I totally agree with this perspective!', 'active', '2026-05-10 08:21:45.889488+00', '2026-05-10 08:21:45.889488+00'),
	('c3fb2516-b8be-4d69-9dc6-4e3e7c4f652f', 'bb7989d4-26a9-4116-bf31-bcd0af29f431', '9eb8b33e-758a-455d-a05f-2e1ce99e3f9a', '7a1c6cae-980d-4cfb-95e4-b97a9aa71f05', 'I totally agree with this perspective!', 'active', '2026-05-10 08:21:45.889488+00', '2026-05-10 08:21:45.889488+00'),
	('1eb3e4b9-13ad-4dce-a7bd-8b8d7e6be8a7', 'bb7989d4-26a9-4116-bf31-bcd0af29f431', 'a467f7a7-dd7d-48df-a0ab-049859644453', '7a1c6cae-980d-4cfb-95e4-b97a9aa71f05', 'I hadn''t thought of it this way before.', 'active', '2026-05-10 08:21:45.889488+00', '2026-05-10 08:21:45.889488+00'),
	('4a7ae789-7a16-4a72-9d09-73c957582192', 'bb7989d4-26a9-4116-bf31-bcd0af29f431', 'adfe3895-e3f6-4dc0-8a99-1282de8d2416', 'f6f5b6fd-f4eb-4a1f-aa9f-297d90076223', 'I feel seen and understood.', 'active', '2026-05-10 08:21:45.889488+00', '2026-05-10 08:21:45.889488+00'),
	('e92ac60a-cac6-41cb-bb62-2d0fa4f6c9f8', 'bb7989d4-26a9-4116-bf31-bcd0af29f431', 'a467f7a7-dd7d-48df-a0ab-049859644453', 'f6f5b6fd-f4eb-4a1f-aa9f-297d90076223', 'I hadn''t thought of it this way before.', 'active', '2026-05-10 08:21:45.889488+00', '2026-05-10 08:21:45.889488+00'),
	('c5fbe06f-9799-45ae-89ba-be498ea2bc52', 'bb7989d4-26a9-4116-bf31-bcd0af29f431', '9eb8b33e-758a-455d-a05f-2e1ce99e3f9a', '2c0abfd7-ccb9-49a9-b6a3-7d304e9d2150', 'This adds so much value to the conversation.', 'active', '2026-05-10 08:21:45.889488+00', '2026-05-10 08:21:45.889488+00'),
	('fa6f5189-2413-42b9-9199-c04685e51b62', '4ec550bc-370f-449f-bc59-f0aad06ee701', '9eb8b33e-758a-455d-a05f-2e1ce99e3f9a', 'c2cfb53d-f5af-4ecd-a067-a871ceadcc49', 'I appreciate you taking the time to reply.', 'active', '2026-05-10 08:21:45.889488+00', '2026-05-10 08:21:45.889488+00'),
	('b68186b7-3c46-4d13-90c2-530f5d98d639', '4ec550bc-370f-449f-bc59-f0aad06ee701', 'a467f7a7-dd7d-48df-a0ab-049859644453', 'c2cfb53d-f5af-4ecd-a067-a871ceadcc49', 'I feel seen and understood.', 'active', '2026-05-10 08:21:45.889488+00', '2026-05-10 08:21:45.889488+00'),
	('675009d8-d4e4-410f-b60b-0b3e4ee6ac16', '4ec550bc-370f-449f-bc59-f0aad06ee701', 'a467f7a7-dd7d-48df-a0ab-049859644453', 'aea70efc-d727-4941-af98-300f98b6edfe', 'This is why I love this community.', 'active', '2026-05-10 08:21:45.889488+00', '2026-05-10 08:21:45.889488+00'),
	('507e6ef7-4fe5-4239-93d9-868a70dfda69', '4ec550bc-370f-449f-bc59-f0aad06ee701', 'adfe3895-e3f6-4dc0-8a99-1282de8d2416', 'aea70efc-d727-4941-af98-300f98b6edfe', 'This is such a thoughtful response.', 'active', '2026-05-10 08:21:45.889488+00', '2026-05-10 08:21:45.889488+00'),
	('627374d9-d730-4358-9e9f-8fa3328a9bef', '4ec550bc-370f-449f-bc59-f0aad06ee701', '9eb8b33e-758a-455d-a05f-2e1ce99e3f9a', '09f0e848-f440-4a94-ab98-30e1993ea943', 'Your support means a lot to me.', 'active', '2026-05-10 08:21:45.889488+00', '2026-05-10 08:21:45.889488+00'),
	('a0cece88-0419-48a2-91ba-e98cab4a7e62', 'd99fae3c-b3cd-417a-b351-b8141da9a94e', 'a467f7a7-dd7d-48df-a0ab-049859644453', '72e9b679-14f6-4619-b09f-966b3d636337', 'This response made my day!', 'active', '2026-05-10 08:21:45.889488+00', '2026-05-10 08:21:45.889488+00'),
	('2e494085-ebeb-4ea6-b598-c00e929f281e', 'd99fae3c-b3cd-417a-b351-b8141da9a94e', '9eb8b33e-758a-455d-a05f-2e1ce99e3f9a', 'baf58f52-ee7b-41b5-b3f1-17503c1f66ff', 'This is such a thoughtful response.', 'active', '2026-05-10 08:21:45.889488+00', '2026-05-10 08:21:45.889488+00'),
	('86023e20-3844-4976-80b4-64c8ac4e2317', 'd99fae3c-b3cd-417a-b351-b8141da9a94e', 'adfe3895-e3f6-4dc0-8a99-1282de8d2416', 'baf58f52-ee7b-41b5-b3f1-17503c1f66ff', 'I totally agree with this perspective!', 'active', '2026-05-10 08:21:45.889488+00', '2026-05-10 08:21:45.889488+00'),
	('3b2586b2-ce57-41e0-aa01-89b16cf6d80f', 'd99fae3c-b3cd-417a-b351-b8141da9a94e', '9eb8b33e-758a-455d-a05f-2e1ce99e3f9a', '5afd8b23-b2a9-4e16-9e08-e7a54196c879', 'I hadn''t thought of it this way before.', 'active', '2026-05-10 08:21:45.889488+00', '2026-05-10 08:21:45.889488+00'),
	('1b3e6c65-05aa-4a41-b6d4-3fb0e3bf6eda', 'd99fae3c-b3cd-417a-b351-b8141da9a94e', 'a467f7a7-dd7d-48df-a0ab-049859644453', '5afd8b23-b2a9-4e16-9e08-e7a54196c879', 'Thank you for saying this so well.', 'active', '2026-05-10 08:21:45.889488+00', '2026-05-10 08:21:45.889488+00'),
	('9d52a8f3-9b38-4fe4-a4bc-6af3f2e0c8e5', '4e108bb4-370d-4740-a429-5448e3bc034a', 'adfe3895-e3f6-4dc0-8a99-1282de8d2416', 'f5a0a1dd-57d9-4002-99e0-cc65dc2b693f', 'Your insight is really helpful.', 'active', '2026-05-10 08:21:45.889488+00', '2026-05-10 08:21:45.889488+00'),
	('313db23c-90f5-4986-9d7f-33ed87216857', '4e108bb4-370d-4740-a429-5448e3bc034a', 'a467f7a7-dd7d-48df-a0ab-049859644453', 'f5a0a1dd-57d9-4002-99e0-cc65dc2b693f', 'You''re absolutely right about this.', 'active', '2026-05-10 08:21:45.889488+00', '2026-05-10 08:21:45.889488+00'),
	('1c22ae66-9883-4ac6-9fd9-c0b05f90afca', '4e108bb4-370d-4740-a429-5448e3bc034a', '9eb8b33e-758a-455d-a05f-2e1ce99e3f9a', '16e19f56-a070-468a-9f28-307a0817eedb', 'I feel seen and understood.', 'active', '2026-05-10 08:21:45.889488+00', '2026-05-10 08:21:45.889488+00'),
	('255d9633-92d2-4a54-a91f-a9afc6d91dec', '1f8f45ca-e243-4dc7-b8d4-23292f096f33', 'a467f7a7-dd7d-48df-a0ab-049859644453', '63f12a96-1c78-4f57-98dd-e11e70d46da8', 'This community is amazing because of people like you.', 'active', '2026-05-10 08:21:45.889488+00', '2026-05-10 08:21:45.889488+00'),
	('5eae5318-1d31-4997-8332-7ce663ca7a8f', '1f8f45ca-e243-4dc7-b8d4-23292f096f33', 'adfe3895-e3f6-4dc0-8a99-1282de8d2416', '63f12a96-1c78-4f57-98dd-e11e70d46da8', 'I feel seen and understood.', 'active', '2026-05-10 08:21:45.889488+00', '2026-05-10 08:21:45.889488+00'),
	('c387fa51-ab92-419c-a815-5a20ce6d5aeb', '1f8f45ca-e243-4dc7-b8d4-23292f096f33', '9eb8b33e-758a-455d-a05f-2e1ce99e3f9a', '7522bb28-e92e-408c-98bd-4730b3bf34ee', 'This conversation is so important.', 'active', '2026-05-10 08:21:45.889488+00', '2026-05-10 08:21:45.889488+00'),
	('093569f3-7ee7-47df-b71c-31b1c2191a3b', '1f8f45ca-e243-4dc7-b8d4-23292f096f33', 'adfe3895-e3f6-4dc0-8a99-1282de8d2416', '7522bb28-e92e-408c-98bd-4730b3bf34ee', 'Your support means a lot to me.', 'active', '2026-05-10 08:21:45.889488+00', '2026-05-10 08:21:45.889488+00'),
	('6672533e-9665-4143-944c-f52df9bc831c', '1f8f45ca-e243-4dc7-b8d4-23292f096f33', 'adfe3895-e3f6-4dc0-8a99-1282de8d2416', '50f8abe1-ddd0-4251-927a-d918d50bce27', 'I feel seen and understood.', 'active', '2026-05-10 08:21:45.889488+00', '2026-05-10 08:21:45.889488+00'),
	('3c89b1ca-652b-4b4e-a2ce-40b16ae928a3', '1f8f45ca-e243-4dc7-b8d4-23292f096f33', '9eb8b33e-758a-455d-a05f-2e1ce99e3f9a', '50f8abe1-ddd0-4251-927a-d918d50bce27', 'I''m grateful for this discussion.', 'active', '2026-05-10 08:21:45.889488+00', '2026-05-10 08:21:45.889488+00'),
	('de66f1ba-6852-4741-9c81-bffbeb278d60', 'ac7d026f-44f9-4d8c-8e16-b4e6b8f79181', 'adfe3895-e3f6-4dc0-8a99-1282de8d2416', '4cb79469-aa9c-4855-b6dd-478aae354167', 'This is such a thoughtful response.', 'active', '2026-05-10 08:21:45.889488+00', '2026-05-10 08:21:45.889488+00'),
	('a7cfcf0f-aa05-4aa7-acd9-98b9d7c5bc8b', 'ac7d026f-44f9-4d8c-8e16-b4e6b8f79181', 'a467f7a7-dd7d-48df-a0ab-049859644453', '4cb79469-aa9c-4855-b6dd-478aae354167', 'This is such a thoughtful response.', 'active', '2026-05-10 08:21:45.889488+00', '2026-05-10 08:21:45.889488+00'),
	('14af2e45-69e5-4095-80b4-7878b5baa0f9', 'ac7d026f-44f9-4d8c-8e16-b4e6b8f79181', '9eb8b33e-758a-455d-a05f-2e1ce99e3f9a', '4cbeab02-7dc3-4a19-aaa4-b9d371bac93a', 'I feel seen and understood.', 'active', '2026-05-10 08:21:45.889488+00', '2026-05-10 08:21:45.889488+00'),
	('0eff2220-4090-45bb-b95a-99d33f08b2d4', 'ac7d026f-44f9-4d8c-8e16-b4e6b8f79181', 'adfe3895-e3f6-4dc0-8a99-1282de8d2416', '4cbeab02-7dc3-4a19-aaa4-b9d371bac93a', 'Your support means a lot to me.', 'active', '2026-05-10 08:21:45.889488+00', '2026-05-10 08:21:45.889488+00'),
	('1da860af-5975-4955-94b0-eca1c21babbd', 'ac7d026f-44f9-4d8c-8e16-b4e6b8f79181', 'a467f7a7-dd7d-48df-a0ab-049859644453', 'e84731a2-ef11-4fa5-8e75-db243271283a', 'You''ve captured my feelings perfectly.', 'active', '2026-05-10 08:21:45.889488+00', '2026-05-10 08:21:45.889488+00'),
	('20795e6e-d650-46d3-99b5-43782fc4b5c0', 'ac7d026f-44f9-4d8c-8e16-b4e6b8f79181', '9eb8b33e-758a-455d-a05f-2e1ce99e3f9a', 'e84731a2-ef11-4fa5-8e75-db243271283a', 'You''re absolutely right about this.', 'active', '2026-05-10 08:21:45.889488+00', '2026-05-10 08:21:45.889488+00'),
	('afade954-6b43-43e4-ad6e-917a9721864f', '70deeb4e-18f9-4b22-b073-a8be4270189e', 'adfe3895-e3f6-4dc0-8a99-1282de8d2416', '3799fdeb-5257-4a11-b91a-b9016b2426a9', 'I totally agree with this perspective!', 'active', '2026-05-10 08:21:45.889488+00', '2026-05-10 08:21:45.889488+00'),
	('133d076a-8e0c-4a38-87b4-c97f0731781b', '70deeb4e-18f9-4b22-b073-a8be4270189e', 'a467f7a7-dd7d-48df-a0ab-049859644453', '3799fdeb-5257-4a11-b91a-b9016b2426a9', 'Your insight is really helpful.', 'active', '2026-05-10 08:21:45.889488+00', '2026-05-10 08:21:45.889488+00'),
	('4ab6c962-dee7-40c7-a4a1-7ab51f523781', '70deeb4e-18f9-4b22-b073-a8be4270189e', 'adfe3895-e3f6-4dc0-8a99-1282de8d2416', 'f1169646-de29-4b07-96c1-f0703069508c', 'Thank you for saying this so well.', 'active', '2026-05-10 08:21:45.889488+00', '2026-05-10 08:21:45.889488+00'),
	('0d41896a-dd41-4cc2-ad36-847e1f406623', '70deeb4e-18f9-4b22-b073-a8be4270189e', '9eb8b33e-758a-455d-a05f-2e1ce99e3f9a', 'f1169646-de29-4b07-96c1-f0703069508c', 'You''ve given me a lot to think about.', 'active', '2026-05-10 08:21:45.889488+00', '2026-05-10 08:21:45.889488+00'),
	('1522640a-abf6-4c2d-b677-1ef4a325b829', '70deeb4e-18f9-4b22-b073-a8be4270189e', 'adfe3895-e3f6-4dc0-8a99-1282de8d2416', '87cb4ac8-6e26-4d43-b24c-80206d4af8b5', 'Thank you for saying this so well.', 'active', '2026-05-10 08:21:45.889488+00', '2026-05-10 08:21:45.889488+00'),
	('7c2ebf3f-acce-4073-9cdb-71093c21416c', '70deeb4e-18f9-4b22-b073-a8be4270189e', '9eb8b33e-758a-455d-a05f-2e1ce99e3f9a', '87cb4ac8-6e26-4d43-b24c-80206d4af8b5', 'I''m learning so much from these discussions.', 'active', '2026-05-10 08:21:45.889488+00', '2026-05-10 08:21:45.889488+00'),
	('b58468b5-4e2a-453a-9842-2d57a93887d5', '70deeb4e-18f9-4b22-b073-a8be4270189e', 'a467f7a7-dd7d-48df-a0ab-049859644453', 'e1a5aa62-8547-4970-8bf7-e59848327900', 'You''ve given me a lot to think about.', 'active', '2026-05-10 08:21:45.889488+00', '2026-05-10 08:21:45.889488+00'),
	('0b194204-bcdc-4618-aab1-aba3c0aa7504', '70deeb4e-18f9-4b22-b073-a8be4270189e', '9eb8b33e-758a-455d-a05f-2e1ce99e3f9a', 'e1a5aa62-8547-4970-8bf7-e59848327900', 'Exactly! This is what I was thinking too.', 'active', '2026-05-10 08:21:45.889488+00', '2026-05-10 08:21:45.889488+00'),
	('e1cfe455-5bec-4db9-ad73-2800f6368b91', '16508a31-3ed3-4cd5-928a-10272728ddb8', 'adfe3895-e3f6-4dc0-8a99-1282de8d2416', '9c9ec155-6a18-4f64-97c1-0054b546e9f0', 'Thank you for your kind words.', 'active', '2026-05-10 08:21:45.889488+00', '2026-05-10 08:21:45.889488+00'),
	('5bb2238f-b32e-4eed-9e66-e51f3ddd18b8', '16508a31-3ed3-4cd5-928a-10272728ddb8', 'a467f7a7-dd7d-48df-a0ab-049859644453', '9c9ec155-6a18-4f64-97c1-0054b546e9f0', 'This response made my day!', 'active', '2026-05-10 08:21:45.889488+00', '2026-05-10 08:21:45.889488+00'),
	('d5b2a929-6323-461c-b5de-8bf3d1cb0287', '16508a31-3ed3-4cd5-928a-10272728ddb8', '9eb8b33e-758a-455d-a05f-2e1ce99e3f9a', '80019377-1ecf-4190-9fe2-ecc09513c82e', 'This response made my day!', 'active', '2026-05-10 08:21:45.889488+00', '2026-05-10 08:21:45.889488+00'),
	('e078465e-1d47-4edf-a951-970511f333b5', '16508a31-3ed3-4cd5-928a-10272728ddb8', '9eb8b33e-758a-455d-a05f-2e1ce99e3f9a', '82198370-cb2e-490f-ae1d-de46460e7c14', 'I totally agree with this perspective!', 'active', '2026-05-10 08:21:45.889488+00', '2026-05-10 08:21:45.889488+00'),
	('8c1e44e8-5b52-4084-8e95-6cf980511bf1', '16508a31-3ed3-4cd5-928a-10272728ddb8', 'adfe3895-e3f6-4dc0-8a99-1282de8d2416', '82198370-cb2e-490f-ae1d-de46460e7c14', 'This conversation is so important.', 'active', '2026-05-10 08:21:45.889488+00', '2026-05-10 08:21:45.889488+00'),
	('929332ef-1a61-455d-be62-ddd78179af96', '16508a31-3ed3-4cd5-928a-10272728ddb8', '9eb8b33e-758a-455d-a05f-2e1ce99e3f9a', '9bdf798b-2180-435b-9090-d65b88e89546', 'Thank you for saying this so well.', 'active', '2026-05-10 08:21:45.889488+00', '2026-05-10 08:21:45.889488+00'),
	('96f3e3d2-a741-4503-9ce0-ee6487311ae2', '16508a31-3ed3-4cd5-928a-10272728ddb8', 'a467f7a7-dd7d-48df-a0ab-049859644453', '9bdf798b-2180-435b-9090-d65b88e89546', 'You''ve given me a lot to think about.', 'active', '2026-05-10 08:21:45.889488+00', '2026-05-10 08:21:45.889488+00'),
	('b4618b96-8da5-4684-9ae3-95abaa810322', 'aa617836-1b35-454e-a277-6e20f49d327e', '9eb8b33e-758a-455d-a05f-2e1ce99e3f9a', '5156ea6f-e9bb-4b33-a2cb-0e9af6ee6eb8', 'You''ve captured my feelings perfectly.', 'active', '2026-05-10 08:21:45.889488+00', '2026-05-10 08:21:45.889488+00'),
	('d8e4422b-85a9-4133-8fb0-9ad5abb68324', 'aa617836-1b35-454e-a277-6e20f49d327e', 'a467f7a7-dd7d-48df-a0ab-049859644453', '5156ea6f-e9bb-4b33-a2cb-0e9af6ee6eb8', 'This is why I love this community.', 'active', '2026-05-10 08:21:45.889488+00', '2026-05-10 08:21:45.889488+00'),
	('1009267e-114b-435e-8428-8f63366c0b55', 'aa617836-1b35-454e-a277-6e20f49d327e', 'adfe3895-e3f6-4dc0-8a99-1282de8d2416', 'ddd80b12-7d0c-4673-9da1-93d95a860627', 'This is why I love this community.', 'active', '2026-05-10 08:21:45.889488+00', '2026-05-10 08:21:45.889488+00'),
	('7329b7a7-0d71-4294-a056-35efbf6af858', 'aa617836-1b35-454e-a277-6e20f49d327e', '9eb8b33e-758a-455d-a05f-2e1ce99e3f9a', 'ddd80b12-7d0c-4673-9da1-93d95a860627', 'I feel seen and understood.', 'active', '2026-05-10 08:21:45.889488+00', '2026-05-10 08:21:45.889488+00'),
	('4f068591-6dfa-449a-857c-325df8778797', 'aa617836-1b35-454e-a277-6e20f49d327e', 'adfe3895-e3f6-4dc0-8a99-1282de8d2416', 'b638a6e7-dbe1-4613-88c4-3a844dff5877', 'Your insight is really helpful.', 'active', '2026-05-10 08:21:45.889488+00', '2026-05-10 08:21:45.889488+00'),
	('38f4d5d4-8a79-4152-95a5-37f8c360ff4c', 'aa617836-1b35-454e-a277-6e20f49d327e', 'a467f7a7-dd7d-48df-a0ab-049859644453', 'b638a6e7-dbe1-4613-88c4-3a844dff5877', 'This community is amazing because of people like you.', 'active', '2026-05-10 08:21:45.889488+00', '2026-05-10 08:21:45.889488+00'),
	('04e7ebb6-2df0-4f4d-8868-b91a15c6733a', 'b90ef7b1-7c00-4ec9-9a9c-9f4734c27783', '9eb8b33e-758a-455d-a05f-2e1ce99e3f9a', '92765298-dc22-435a-937f-833887564447', 'Your support means a lot to me.', 'active', '2026-05-10 08:21:45.889488+00', '2026-05-10 08:21:45.889488+00'),
	('c5460e9b-2ad1-413e-a7ad-ab8e3fa7ddb6', 'b90ef7b1-7c00-4ec9-9a9c-9f4734c27783', 'a467f7a7-dd7d-48df-a0ab-049859644453', '92765298-dc22-435a-937f-833887564447', 'You''ve captured my feelings perfectly.', 'active', '2026-05-10 08:21:45.889488+00', '2026-05-10 08:21:45.889488+00'),
	('c24af683-6733-4714-889a-998d03f54b7b', 'b90ef7b1-7c00-4ec9-9a9c-9f4734c27783', '9eb8b33e-758a-455d-a05f-2e1ce99e3f9a', 'eabeb59e-52ce-4700-b998-fbe53c1557c9', 'This conversation is so important.', 'active', '2026-05-10 08:21:45.889488+00', '2026-05-10 08:21:45.889488+00'),
	('f9a36d8f-8c85-473d-8b1e-89a255335845', 'b90ef7b1-7c00-4ec9-9a9c-9f4734c27783', 'adfe3895-e3f6-4dc0-8a99-1282de8d2416', 'eabeb59e-52ce-4700-b998-fbe53c1557c9', 'This conversation is so important.', 'active', '2026-05-10 08:21:45.889488+00', '2026-05-10 08:21:45.889488+00'),
	('2ff488a7-a5e7-4ef2-87b9-bb075f685a20', 'b90ef7b1-7c00-4ec9-9a9c-9f4734c27783', 'a467f7a7-dd7d-48df-a0ab-049859644453', '8885d7b8-3e6b-463a-bb70-c3a9e1e4037f', 'This adds so much value to the conversation.', 'active', '2026-05-10 08:21:45.889488+00', '2026-05-10 08:21:45.889488+00'),
	('e50beb65-9b4d-44fc-844f-90827fc11815', 'b90ef7b1-7c00-4ec9-9a9c-9f4734c27783', 'a467f7a7-dd7d-48df-a0ab-049859644453', '1576b5a5-29a6-43f8-90a7-70ad2b594b63', 'Exactly! This is what I was thinking too.', 'active', '2026-05-10 08:21:45.889488+00', '2026-05-10 08:21:45.889488+00'),
	('ce7b819c-504e-4500-934d-13f437c14a0c', 'b90ef7b1-7c00-4ec9-9a9c-9f4734c27783', '9eb8b33e-758a-455d-a05f-2e1ce99e3f9a', '1576b5a5-29a6-43f8-90a7-70ad2b594b63', 'Your insight is really helpful.', 'active', '2026-05-10 08:21:45.889488+00', '2026-05-10 08:21:45.889488+00'),
	('08720bb9-ee43-4e6f-9d49-28635044ca01', 'bada9c44-609c-4ea8-9881-30b99ada1390', 'adfe3895-e3f6-4dc0-8a99-1282de8d2416', '90f89add-696e-4a28-a4c9-6346d43b7d49', 'This is why I love this community.', 'active', '2026-05-10 08:21:45.889488+00', '2026-05-10 08:21:45.889488+00'),
	('aed7638c-c137-45ab-bb16-43d77d2230a1', 'bada9c44-609c-4ea8-9881-30b99ada1390', '9eb8b33e-758a-455d-a05f-2e1ce99e3f9a', '90f89add-696e-4a28-a4c9-6346d43b7d49', 'This adds so much value to the conversation.', 'active', '2026-05-10 08:21:45.889488+00', '2026-05-10 08:21:45.889488+00'),
	('f397a476-29a6-40bb-a3b9-411e53e2994c', 'bada9c44-609c-4ea8-9881-30b99ada1390', 'a467f7a7-dd7d-48df-a0ab-049859644453', '9ed3a11e-4923-4ef5-9cf3-ba20e31376b4', 'Your support means a lot to me.', 'active', '2026-05-10 08:21:45.889488+00', '2026-05-10 08:21:45.889488+00'),
	('b69d56bf-75d3-4311-b8e2-de1e0b0b9df8', 'bada9c44-609c-4ea8-9881-30b99ada1390', '9eb8b33e-758a-455d-a05f-2e1ce99e3f9a', '9ed3a11e-4923-4ef5-9cf3-ba20e31376b4', 'Thank you for your kind words.', 'active', '2026-05-10 08:21:45.889488+00', '2026-05-10 08:21:45.889488+00'),
	('e84a2371-688a-4c66-ad5b-91894346b3c9', 'bada9c44-609c-4ea8-9881-30b99ada1390', 'a467f7a7-dd7d-48df-a0ab-049859644453', 'cfad0563-0bc7-48cb-82cd-f69eba06ebaf', 'Your support means a lot to me.', 'active', '2026-05-10 08:21:45.889488+00', '2026-05-10 08:21:45.889488+00'),
	('0a62d4d6-47e8-4418-9420-c4c973bd905e', 'bada9c44-609c-4ea8-9881-30b99ada1390', '9eb8b33e-758a-455d-a05f-2e1ce99e3f9a', 'cfad0563-0bc7-48cb-82cd-f69eba06ebaf', 'I feel seen and understood.', 'active', '2026-05-10 08:21:45.889488+00', '2026-05-10 08:21:45.889488+00'),
	('b7ecc2f9-1d27-4061-83ca-ae15453fa1a4', 'd750c25c-186d-4c02-9cbc-c0943c638bf7', 'adfe3895-e3f6-4dc0-8a99-1282de8d2416', '4adc0a2d-1b05-4a7a-ba7e-428185d6160b', 'Exactly! This is what I was thinking too.', 'active', '2026-05-10 08:21:45.889488+00', '2026-05-10 08:21:45.889488+00'),
	('25b8eb1b-af98-425c-b4ca-24754512a77d', 'd750c25c-186d-4c02-9cbc-c0943c638bf7', '9eb8b33e-758a-455d-a05f-2e1ce99e3f9a', '9634915f-bd60-46f5-a0e7-11f85d943e3f', 'I''m grateful for this discussion.', 'active', '2026-05-10 08:21:45.889488+00', '2026-05-10 08:21:45.889488+00'),
	('3f93fc80-fb0d-4b09-9385-821f7c91f74e', 'd750c25c-186d-4c02-9cbc-c0943c638bf7', 'a467f7a7-dd7d-48df-a0ab-049859644453', '9634915f-bd60-46f5-a0e7-11f85d943e3f', 'Thank you for saying this so well.', 'active', '2026-05-10 08:21:45.889488+00', '2026-05-10 08:21:45.889488+00'),
	('7c11c06c-e845-4b2f-bea4-02b0115f5eac', 'd750c25c-186d-4c02-9cbc-c0943c638bf7', 'a467f7a7-dd7d-48df-a0ab-049859644453', 'e3856530-3136-4e04-b068-da713007118b', 'I hadn''t thought of it this way before.', 'active', '2026-05-10 08:21:45.889488+00', '2026-05-10 08:21:45.889488+00'),
	('ac432e81-d8dd-4aac-8f46-7dd471073b6d', 'd750c25c-186d-4c02-9cbc-c0943c638bf7', 'adfe3895-e3f6-4dc0-8a99-1282de8d2416', 'e3856530-3136-4e04-b068-da713007118b', 'You''ve given me a lot to think about.', 'active', '2026-05-10 08:21:45.889488+00', '2026-05-10 08:21:45.889488+00'),
	('b78b0193-8527-43e1-b71c-ccec311321e9', 'e9242701-2b48-414a-a424-70908b4bd952', 'a467f7a7-dd7d-48df-a0ab-049859644453', '1b15cfbb-3dbe-41a4-a27f-2839d2cb52e3', 'This is such a thoughtful response.', 'active', '2026-05-10 08:21:45.889488+00', '2026-05-10 08:21:45.889488+00'),
	('5eb5fa84-0c05-42de-ae2b-68e886c1855d', 'e9242701-2b48-414a-a424-70908b4bd952', 'adfe3895-e3f6-4dc0-8a99-1282de8d2416', '1b15cfbb-3dbe-41a4-a27f-2839d2cb52e3', 'Thank you for your kind words.', 'active', '2026-05-10 08:21:45.889488+00', '2026-05-10 08:21:45.889488+00'),
	('d885665f-e554-47f1-87ee-d58c1bc2063f', 'e9242701-2b48-414a-a424-70908b4bd952', 'a467f7a7-dd7d-48df-a0ab-049859644453', '1aaf9972-3978-4d2f-a20b-b466e4543c63', 'Thank you for saying this so well.', 'active', '2026-05-10 08:21:45.889488+00', '2026-05-10 08:21:45.889488+00'),
	('8ae347ef-2a56-4fa6-aaeb-40c3697126ca', 'e9242701-2b48-414a-a424-70908b4bd952', '9eb8b33e-758a-455d-a05f-2e1ce99e3f9a', '1aaf9972-3978-4d2f-a20b-b466e4543c63', 'I hadn''t thought of it this way before.', 'active', '2026-05-10 08:21:45.889488+00', '2026-05-10 08:21:45.889488+00'),
	('a6d97af6-bda0-49a0-89e6-ce8f15e7a1ee', 'e9242701-2b48-414a-a424-70908b4bd952', 'adfe3895-e3f6-4dc0-8a99-1282de8d2416', '7f23c844-8ff7-4588-9a7f-8462138b3e0c', 'This adds so much value to the conversation.', 'active', '2026-05-10 08:21:45.889488+00', '2026-05-10 08:21:45.889488+00'),
	('b0609b4e-c8d7-437a-9dd7-ea6bf01c7078', 'e9242701-2b48-414a-a424-70908b4bd952', 'a467f7a7-dd7d-48df-a0ab-049859644453', '7f23c844-8ff7-4588-9a7f-8462138b3e0c', 'Your support means a lot to me.', 'active', '2026-05-10 08:21:45.889488+00', '2026-05-10 08:21:45.889488+00'),
	('21e4ff0d-c9aa-4804-8674-82e8c0b0c11f', 'e9242701-2b48-414a-a424-70908b4bd952', '9eb8b33e-758a-455d-a05f-2e1ce99e3f9a', '70f6c628-1f32-4add-8b5f-64454839e87e', 'This community is amazing because of people like you.', 'active', '2026-05-10 08:21:45.889488+00', '2026-05-10 08:21:45.889488+00'),
	('d0bd1923-93e5-4cba-bcb0-c70d38f65d8c', 'e9242701-2b48-414a-a424-70908b4bd952', 'adfe3895-e3f6-4dc0-8a99-1282de8d2416', '70f6c628-1f32-4add-8b5f-64454839e87e', 'This is why I love this community.', 'active', '2026-05-10 08:21:45.889488+00', '2026-05-10 08:21:45.889488+00'),
	('495fb325-5ff5-457a-9584-6b3743af6400', 'a1965eb5-4d61-4435-8481-b24862e2023a', 'adfe3895-e3f6-4dc0-8a99-1282de8d2416', '69e2328f-1918-4d4e-bffc-48482a9a62c9', 'Exactly! This is what I was thinking too.', 'active', '2026-05-10 08:21:45.889488+00', '2026-05-10 08:21:45.889488+00'),
	('8655463a-fc72-4753-8737-77df376c6559', 'a1965eb5-4d61-4435-8481-b24862e2023a', 'a467f7a7-dd7d-48df-a0ab-049859644453', '69e2328f-1918-4d4e-bffc-48482a9a62c9', 'Exactly! This is what I was thinking too.', 'active', '2026-05-10 08:21:45.889488+00', '2026-05-10 08:21:45.889488+00'),
	('7dcab8b1-1606-46cd-aeba-035d53be5f7c', 'a1965eb5-4d61-4435-8481-b24862e2023a', '9eb8b33e-758a-455d-a05f-2e1ce99e3f9a', 'aa27e489-d38f-4597-8e3d-ea9171001018', 'I''m learning so much from these discussions.', 'active', '2026-05-10 08:21:45.889488+00', '2026-05-10 08:21:45.889488+00'),
	('d703eea5-b823-4c6e-a364-1f910b576a85', 'a1965eb5-4d61-4435-8481-b24862e2023a', '9eb8b33e-758a-455d-a05f-2e1ce99e3f9a', 'f5dc6b6e-0599-457f-be94-886dcf8baeda', 'Your insight is really helpful.', 'active', '2026-05-10 08:21:45.889488+00', '2026-05-10 08:21:45.889488+00'),
	('d5c9eee3-54d7-4e71-8049-edd280db806d', 'a1965eb5-4d61-4435-8481-b24862e2023a', 'a467f7a7-dd7d-48df-a0ab-049859644453', 'f5dc6b6e-0599-457f-be94-886dcf8baeda', 'This conversation is so important.', 'active', '2026-05-10 08:21:45.889488+00', '2026-05-10 08:21:45.889488+00'),
	('50e6452f-754f-4692-a061-6a5a09b1bed9', '09a891e5-9285-44b6-a7f4-32f8d7b0c693', 'a467f7a7-dd7d-48df-a0ab-049859644453', 'ed00a405-c1e2-42ab-b59f-42ed0f6dc486', 'I''m learning so much from these discussions.', 'active', '2026-05-10 08:21:45.889488+00', '2026-05-10 08:21:45.889488+00'),
	('04c52cf8-cd94-4860-a1b1-1485d9fab71a', '09a891e5-9285-44b6-a7f4-32f8d7b0c693', '9eb8b33e-758a-455d-a05f-2e1ce99e3f9a', 'ed00a405-c1e2-42ab-b59f-42ed0f6dc486', 'I appreciate you taking the time to reply.', 'active', '2026-05-10 08:21:45.889488+00', '2026-05-10 08:21:45.889488+00'),
	('5f6411b6-75d4-4ce7-9202-713c4908ac66', '09a891e5-9285-44b6-a7f4-32f8d7b0c693', 'a467f7a7-dd7d-48df-a0ab-049859644453', '775baf9a-18df-4399-8599-8abe7154cef0', 'This community is amazing because of people like you.', 'active', '2026-05-10 08:21:45.889488+00', '2026-05-10 08:21:45.889488+00'),
	('c5c511c9-2aa2-45b3-8482-517aa4387686', '09a891e5-9285-44b6-a7f4-32f8d7b0c693', '9eb8b33e-758a-455d-a05f-2e1ce99e3f9a', '43e7fb92-ba57-458e-b509-cad14a494005', 'I feel seen and understood.', 'active', '2026-05-10 08:21:45.889488+00', '2026-05-10 08:21:45.889488+00'),
	('337a10a5-69bb-459d-ae54-c737dcae1645', '09a891e5-9285-44b6-a7f4-32f8d7b0c693', 'adfe3895-e3f6-4dc0-8a99-1282de8d2416', 'd6812ab3-d968-4c09-9dfd-fecd95030ffb', 'This community is amazing because of people like you.', 'active', '2026-05-10 08:21:45.889488+00', '2026-05-10 08:21:45.889488+00'),
	('8c4952ba-d3f8-4010-a390-fb036a22b5e2', '09a891e5-9285-44b6-a7f4-32f8d7b0c693', 'a467f7a7-dd7d-48df-a0ab-049859644453', 'd6812ab3-d968-4c09-9dfd-fecd95030ffb', 'This conversation is so important.', 'active', '2026-05-10 08:21:45.889488+00', '2026-05-10 08:21:45.889488+00'),
	('bb5dd776-1829-4e22-b5ce-dc72d86757ed', '06c1da3d-c01f-4bbd-bbf2-b9747cbc1523', '9eb8b33e-758a-455d-a05f-2e1ce99e3f9a', '94f69e5b-e76a-45c3-9319-8db215d2b908', 'I''m grateful for this discussion.', 'active', '2026-05-10 08:21:45.889488+00', '2026-05-10 08:21:45.889488+00'),
	('c30a3810-e1c0-4a03-b379-b44ec2ab5fa3', '06c1da3d-c01f-4bbd-bbf2-b9747cbc1523', 'a467f7a7-dd7d-48df-a0ab-049859644453', '94f69e5b-e76a-45c3-9319-8db215d2b908', 'I''m learning so much from these discussions.', 'active', '2026-05-10 08:21:45.889488+00', '2026-05-10 08:21:45.889488+00'),
	('9060fb78-63d7-4b57-9ee1-e11c02996c26', '06c1da3d-c01f-4bbd-bbf2-b9747cbc1523', '9eb8b33e-758a-455d-a05f-2e1ce99e3f9a', '89004c99-aef7-48ab-8e36-3070b92fef90', 'I''m grateful for this discussion.', 'active', '2026-05-10 08:21:45.889488+00', '2026-05-10 08:21:45.889488+00'),
	('6e87682e-cfc1-48c4-8772-1d59b59ed418', '06c1da3d-c01f-4bbd-bbf2-b9747cbc1523', 'adfe3895-e3f6-4dc0-8a99-1282de8d2416', '89004c99-aef7-48ab-8e36-3070b92fef90', 'This is such a thoughtful response.', 'active', '2026-05-10 08:21:45.889488+00', '2026-05-10 08:21:45.889488+00'),
	('59834301-9afb-4e4a-8fee-23f7df3d3f7f', '06c1da3d-c01f-4bbd-bbf2-b9747cbc1523', '9eb8b33e-758a-455d-a05f-2e1ce99e3f9a', '5f5cda82-d790-4711-903c-869f294587dc', 'This response made my day!', 'active', '2026-05-10 08:21:45.889488+00', '2026-05-10 08:21:45.889488+00'),
	('9c1bab0e-4dc9-4e0a-9dd1-053e4c393b7d', '06c1da3d-c01f-4bbd-bbf2-b9747cbc1523', 'adfe3895-e3f6-4dc0-8a99-1282de8d2416', '5f5cda82-d790-4711-903c-869f294587dc', 'Thank you for your kind words.', 'active', '2026-05-10 08:21:45.889488+00', '2026-05-10 08:21:45.889488+00'),
	('1a1e9a4b-2922-44f6-b8a3-54093b2dd6d3', '50834ae3-fbee-4a6e-8d80-5f9ab6199fce', 'adfe3895-e3f6-4dc0-8a99-1282de8d2416', 'e6b8bb77-473c-4883-9d9d-abdbf87ae17b', 'This is such a thoughtful response.', 'active', '2026-05-10 08:21:45.889488+00', '2026-05-10 08:21:45.889488+00'),
	('0bb1cef5-48aa-400d-ad56-5b9691aff8fd', '50834ae3-fbee-4a6e-8d80-5f9ab6199fce', 'a467f7a7-dd7d-48df-a0ab-049859644453', 'e6b8bb77-473c-4883-9d9d-abdbf87ae17b', 'I feel seen and understood.', 'active', '2026-05-10 08:21:45.889488+00', '2026-05-10 08:21:45.889488+00'),
	('eb262fe8-696b-4120-af1d-8892f023c04e', '50834ae3-fbee-4a6e-8d80-5f9ab6199fce', '9eb8b33e-758a-455d-a05f-2e1ce99e3f9a', '1e067a4b-0273-440a-8f55-68c302d8e756', 'This conversation is so important.', 'active', '2026-05-10 08:21:45.889488+00', '2026-05-10 08:21:45.889488+00'),
	('cae54b3e-9934-4f19-b15a-7bc28d77cc68', '50834ae3-fbee-4a6e-8d80-5f9ab6199fce', 'adfe3895-e3f6-4dc0-8a99-1282de8d2416', '1e067a4b-0273-440a-8f55-68c302d8e756', 'This response made my day!', 'active', '2026-05-10 08:21:45.889488+00', '2026-05-10 08:21:45.889488+00'),
	('5f7e60e6-813c-474b-85b0-d8f26b07eba8', '50834ae3-fbee-4a6e-8d80-5f9ab6199fce', 'a467f7a7-dd7d-48df-a0ab-049859644453', '67af6cc9-4d24-4a2b-8ae4-bc11f3fd06c7', 'Exactly! This is what I was thinking too.', 'active', '2026-05-10 08:21:45.889488+00', '2026-05-10 08:21:45.889488+00'),
	('769df72b-4610-452e-be97-0696a8833eda', '50834ae3-fbee-4a6e-8d80-5f9ab6199fce', '9eb8b33e-758a-455d-a05f-2e1ce99e3f9a', '67af6cc9-4d24-4a2b-8ae4-bc11f3fd06c7', 'Thank you for your kind words.', 'active', '2026-05-10 08:21:45.889488+00', '2026-05-10 08:21:45.889488+00'),
	('1188afb8-373c-40c3-831d-658b49bc9365', '50834ae3-fbee-4a6e-8d80-5f9ab6199fce', 'adfe3895-e3f6-4dc0-8a99-1282de8d2416', '183df87d-cad5-4468-903b-3536ddbdf687', 'I''m learning so much from these discussions.', 'active', '2026-05-10 08:21:45.889488+00', '2026-05-10 08:21:45.889488+00'),
	('c30d4be6-d58e-4a9e-909b-c2abdb33db55', '87996792-dbc0-4101-8411-df7afbc6e9df', '9eb8b33e-758a-455d-a05f-2e1ce99e3f9a', '6dd65a0b-e8ea-457c-a83b-1cb7f78dee69', 'You''ve given me a lot to think about.', 'active', '2026-05-10 08:21:45.889488+00', '2026-05-10 08:21:45.889488+00'),
	('77fb0c3e-b590-4e84-a2f4-4bc4f526a5e9', '87996792-dbc0-4101-8411-df7afbc6e9df', 'a467f7a7-dd7d-48df-a0ab-049859644453', '4a7b48a7-2f47-4ce7-baf8-30098e52c771', 'I''m grateful for this discussion.', 'active', '2026-05-10 08:21:45.889488+00', '2026-05-10 08:21:45.889488+00'),
	('bb11bfd9-e401-429e-bd8e-e1a10e1be4b5', '87996792-dbc0-4101-8411-df7afbc6e9df', 'adfe3895-e3f6-4dc0-8a99-1282de8d2416', '4a7b48a7-2f47-4ce7-baf8-30098e52c771', 'Your insight is really helpful.', 'active', '2026-05-10 08:21:45.889488+00', '2026-05-10 08:21:45.889488+00'),
	('e250dec3-03ca-4ba6-99cc-d446028c0eec', '87996792-dbc0-4101-8411-df7afbc6e9df', '9eb8b33e-758a-455d-a05f-2e1ce99e3f9a', '0d69a832-3032-4892-b207-daf58cb91d91', 'Your insight is really helpful.', 'active', '2026-05-10 08:21:45.889488+00', '2026-05-10 08:21:45.889488+00'),
	('359ffc98-f26b-4547-b10c-49b72b2f8edb', '87996792-dbc0-4101-8411-df7afbc6e9df', 'a467f7a7-dd7d-48df-a0ab-049859644453', '0d69a832-3032-4892-b207-daf58cb91d91', 'I''m grateful for this discussion.', 'active', '2026-05-10 08:21:45.889488+00', '2026-05-10 08:21:45.889488+00'),
	('705ccb44-27b4-4e30-97eb-a5fee5a99234', '87996792-dbc0-4101-8411-df7afbc6e9df', 'adfe3895-e3f6-4dc0-8a99-1282de8d2416', '0b2064c0-f91d-48c3-ad43-1356709c929c', 'Your insight is really helpful.', 'active', '2026-05-10 08:21:45.889488+00', '2026-05-10 08:21:45.889488+00'),
	('a82ab915-c1ae-4579-ac40-744696f28c83', '87996792-dbc0-4101-8411-df7afbc6e9df', '9eb8b33e-758a-455d-a05f-2e1ce99e3f9a', '0b2064c0-f91d-48c3-ad43-1356709c929c', 'You''ve captured my feelings perfectly.', 'active', '2026-05-10 08:21:45.889488+00', '2026-05-10 08:21:45.889488+00'),
	('9b67bb6a-0a04-4695-a148-7534a4f391f0', '52d9e79b-6919-497a-89dc-10f203721854', 'adfe3895-e3f6-4dc0-8a99-1282de8d2416', '7fc94a13-cf3a-4e5b-a9eb-a76ab8b9db27', 'This conversation is so important.', 'active', '2026-05-10 08:21:45.889488+00', '2026-05-10 08:21:45.889488+00'),
	('92c68955-557c-4fca-89b2-63c0998bebfd', '52d9e79b-6919-497a-89dc-10f203721854', '9eb8b33e-758a-455d-a05f-2e1ce99e3f9a', '7fc94a13-cf3a-4e5b-a9eb-a76ab8b9db27', 'Exactly! This is what I was thinking too.', 'active', '2026-05-10 08:21:45.889488+00', '2026-05-10 08:21:45.889488+00'),
	('86f1a031-4a40-4d61-bc62-83e127e548b4', '52d9e79b-6919-497a-89dc-10f203721854', 'a467f7a7-dd7d-48df-a0ab-049859644453', 'f163779a-69cc-401b-863d-8dc98d743ad0', 'I totally agree with this perspective!', 'active', '2026-05-10 08:21:45.889488+00', '2026-05-10 08:21:45.889488+00'),
	('49eb00c4-8126-4d6b-8460-6b3a80e0eab0', '52d9e79b-6919-497a-89dc-10f203721854', '9eb8b33e-758a-455d-a05f-2e1ce99e3f9a', 'f163779a-69cc-401b-863d-8dc98d743ad0', 'This community is amazing because of people like you.', 'active', '2026-05-10 08:21:45.889488+00', '2026-05-10 08:21:45.889488+00'),
	('f0d74b46-5d71-4440-9a03-11ab5fbf6ed6', '52d9e79b-6919-497a-89dc-10f203721854', 'adfe3895-e3f6-4dc0-8a99-1282de8d2416', 'dc147215-2d5d-44c2-bba5-3af0f76f0920', 'I appreciate you taking the time to reply.', 'active', '2026-05-10 08:21:45.889488+00', '2026-05-10 08:21:45.889488+00'),
	('2b6c1207-f7a9-40cb-82e6-652c86d21ee0', '52d9e79b-6919-497a-89dc-10f203721854', 'a467f7a7-dd7d-48df-a0ab-049859644453', '7368e67b-f319-48e4-88fb-64f0514cf229', 'You''re absolutely right about this.', 'active', '2026-05-10 08:21:45.889488+00', '2026-05-10 08:21:45.889488+00'),
	('d4b8772b-d8db-48c8-95df-70246a9ec035', '52d9e79b-6919-497a-89dc-10f203721854', 'adfe3895-e3f6-4dc0-8a99-1282de8d2416', '7368e67b-f319-48e4-88fb-64f0514cf229', 'I appreciate you taking the time to reply.', 'active', '2026-05-10 08:21:45.889488+00', '2026-05-10 08:21:45.889488+00'),
	('4ee69db8-3f1a-41ec-8d54-c1e3c48029dc', '6689f567-a1cf-467a-9467-f57d297db665', '9eb8b33e-758a-455d-a05f-2e1ce99e3f9a', 'e8293b9e-4e41-4ae2-a792-6216cac82168', 'Thank you for saying this so well.', 'active', '2026-05-10 08:21:45.889488+00', '2026-05-10 08:21:45.889488+00'),
	('acb1c641-86cd-4b18-b7d4-c43a216f2508', '6689f567-a1cf-467a-9467-f57d297db665', 'a467f7a7-dd7d-48df-a0ab-049859644453', 'e8293b9e-4e41-4ae2-a792-6216cac82168', 'You''ve given me a lot to think about.', 'active', '2026-05-10 08:21:45.889488+00', '2026-05-10 08:21:45.889488+00'),
	('55439848-9a9b-4f90-863e-66a6d751fdd8', '6689f567-a1cf-467a-9467-f57d297db665', 'adfe3895-e3f6-4dc0-8a99-1282de8d2416', 'c4eb5095-8184-49e4-a7b1-89124a4662e1', 'Exactly! This is what I was thinking too.', 'active', '2026-05-10 08:21:45.889488+00', '2026-05-10 08:21:45.889488+00'),
	('400856b2-1767-4d38-9151-f3c6d04ce359', '6689f567-a1cf-467a-9467-f57d297db665', 'adfe3895-e3f6-4dc0-8a99-1282de8d2416', '1dd61d8f-5b14-4a95-9de6-eb2e172e2e0f', 'You''ve captured my feelings perfectly.', 'active', '2026-05-10 08:21:45.889488+00', '2026-05-10 08:21:45.889488+00'),
	('295aad15-12d7-42a1-a5a0-2ad9602049d4', '6689f567-a1cf-467a-9467-f57d297db665', 'a467f7a7-dd7d-48df-a0ab-049859644453', '1dd61d8f-5b14-4a95-9de6-eb2e172e2e0f', 'I totally agree with this perspective!', 'active', '2026-05-10 08:21:45.889488+00', '2026-05-10 08:21:45.889488+00'),
	('28ec0cc5-b280-4477-8321-c3d753af669a', '6689f567-a1cf-467a-9467-f57d297db665', '9eb8b33e-758a-455d-a05f-2e1ce99e3f9a', 'e3272111-744c-4580-affa-a1258294ba30', 'This is why I love this community.', 'active', '2026-05-10 08:21:45.889488+00', '2026-05-10 08:21:45.889488+00'),
	('2cd564fb-86e7-46af-900e-f4db5fbdcb74', '6689f567-a1cf-467a-9467-f57d297db665', 'a467f7a7-dd7d-48df-a0ab-049859644453', 'e3272111-744c-4580-affa-a1258294ba30', 'You''re absolutely right about this.', 'active', '2026-05-10 08:21:45.889488+00', '2026-05-10 08:21:45.889488+00'),
	('0130c448-e664-4a41-a376-b96d6d6b6c2e', '20bae48b-14b9-410c-bd5d-cad33b4cfcda', 'adfe3895-e3f6-4dc0-8a99-1282de8d2416', 'f8016295-fa70-4684-af51-2f9dd120bf7b', 'I hadn''t thought of it this way before.', 'active', '2026-05-10 08:21:45.889488+00', '2026-05-10 08:21:45.889488+00'),
	('2d40f826-49bd-469c-a3c5-117f8860acfb', '20bae48b-14b9-410c-bd5d-cad33b4cfcda', 'a467f7a7-dd7d-48df-a0ab-049859644453', 'f8016295-fa70-4684-af51-2f9dd120bf7b', 'You''ve captured my feelings perfectly.', 'active', '2026-05-10 08:21:45.889488+00', '2026-05-10 08:21:45.889488+00'),
	('38186b02-69d5-468d-9e44-b621b92e6394', '20bae48b-14b9-410c-bd5d-cad33b4cfcda', 'a467f7a7-dd7d-48df-a0ab-049859644453', '28ca9b20-2c34-4625-9808-1982af4d1c1a', 'I totally agree with this perspective!', 'active', '2026-05-10 08:21:45.889488+00', '2026-05-10 08:21:45.889488+00'),
	('eb888b87-4182-4452-9be0-203f1da2a8b2', '20bae48b-14b9-410c-bd5d-cad33b4cfcda', '9eb8b33e-758a-455d-a05f-2e1ce99e3f9a', '28ca9b20-2c34-4625-9808-1982af4d1c1a', 'This is such a thoughtful response.', 'active', '2026-05-10 08:21:45.889488+00', '2026-05-10 08:21:45.889488+00'),
	('aedeab48-519f-421a-891e-041983160266', '20bae48b-14b9-410c-bd5d-cad33b4cfcda', 'adfe3895-e3f6-4dc0-8a99-1282de8d2416', 'db45156e-ad66-4225-bed5-38410bef6891', 'You''ve captured my feelings perfectly.', 'active', '2026-05-10 08:21:45.889488+00', '2026-05-10 08:21:45.889488+00'),
	('a14fe151-0a74-4e6b-8c84-8a9d5e3d3752', '20bae48b-14b9-410c-bd5d-cad33b4cfcda', '9eb8b33e-758a-455d-a05f-2e1ce99e3f9a', 'db45156e-ad66-4225-bed5-38410bef6891', 'This conversation is so important.', 'active', '2026-05-10 08:21:45.889488+00', '2026-05-10 08:21:45.889488+00'),
	('311d60b0-faee-4b66-bec3-91d35246c579', '0990acfc-1ca4-4281-9cfe-2ba76c2e44eb', '9eb8b33e-758a-455d-a05f-2e1ce99e3f9a', '37a4358e-2848-4b64-8250-426b949ee874', 'This community is amazing because of people like you.', 'active', '2026-05-10 08:21:45.889488+00', '2026-05-10 08:21:45.889488+00'),
	('48eb096f-2b15-40f5-9fda-93d8cb42af82', '0990acfc-1ca4-4281-9cfe-2ba76c2e44eb', 'adfe3895-e3f6-4dc0-8a99-1282de8d2416', '37a4358e-2848-4b64-8250-426b949ee874', 'Thank you for saying this so well.', 'active', '2026-05-10 08:21:45.889488+00', '2026-05-10 08:21:45.889488+00'),
	('9d05ad65-549e-4247-9324-c14a78644f91', '0990acfc-1ca4-4281-9cfe-2ba76c2e44eb', '9eb8b33e-758a-455d-a05f-2e1ce99e3f9a', '6046aa5b-9405-4ceb-aac3-9bf21e7ffea0', 'You''ve captured my feelings perfectly.', 'active', '2026-05-10 08:21:45.889488+00', '2026-05-10 08:21:45.889488+00'),
	('29057409-32ca-45f2-b638-11174335c57a', '0990acfc-1ca4-4281-9cfe-2ba76c2e44eb', 'a467f7a7-dd7d-48df-a0ab-049859644453', '6046aa5b-9405-4ceb-aac3-9bf21e7ffea0', 'You''ve given me a lot to think about.', 'active', '2026-05-10 08:21:45.889488+00', '2026-05-10 08:21:45.889488+00'),
	('45bf4975-8423-4157-9e6d-c05197f6dd6f', '0990acfc-1ca4-4281-9cfe-2ba76c2e44eb', 'adfe3895-e3f6-4dc0-8a99-1282de8d2416', '4ffb8fb3-c5f9-4f1b-ae65-56ce235ee78a', 'I hadn''t thought of it this way before.', 'active', '2026-05-10 08:21:45.889488+00', '2026-05-10 08:21:45.889488+00'),
	('29ce5462-2c42-4cf7-bf30-cbc117a9738e', '0990acfc-1ca4-4281-9cfe-2ba76c2e44eb', 'a467f7a7-dd7d-48df-a0ab-049859644453', '4ffb8fb3-c5f9-4f1b-ae65-56ce235ee78a', 'This community is amazing because of people like you.', 'active', '2026-05-10 08:21:45.889488+00', '2026-05-10 08:21:45.889488+00'),
	('0c662d94-852b-45ca-a36d-f3671d5f6e5e', '0990acfc-1ca4-4281-9cfe-2ba76c2e44eb', '9eb8b33e-758a-455d-a05f-2e1ce99e3f9a', 'd52654d8-bf76-47a8-b035-56e91ae211ad', 'Thank you for saying this so well.', 'active', '2026-05-10 08:21:45.889488+00', '2026-05-10 08:21:45.889488+00'),
	('f114c858-89e0-4c28-8728-b7315f772530', 'e26541ac-7008-4282-9094-c6185b5cbd67', 'adfe3895-e3f6-4dc0-8a99-1282de8d2416', 'f5a596e1-9f59-484c-afc4-7d9466909298', 'This is such a thoughtful response.', 'active', '2026-05-10 08:21:45.889488+00', '2026-05-10 08:21:45.889488+00'),
	('e7dfc0d6-a7f2-4687-8d75-fc71ba9a13d5', 'e26541ac-7008-4282-9094-c6185b5cbd67', '9eb8b33e-758a-455d-a05f-2e1ce99e3f9a', 'f5a596e1-9f59-484c-afc4-7d9466909298', 'You''re absolutely right about this.', 'active', '2026-05-10 08:21:45.889488+00', '2026-05-10 08:21:45.889488+00'),
	('d52050c1-3a68-47f2-a7e0-9b09ef7d787d', 'e26541ac-7008-4282-9094-c6185b5cbd67', 'a467f7a7-dd7d-48df-a0ab-049859644453', '55074f5d-1980-4390-b3e1-22a25019f8ab', 'This is why I love this community.', 'active', '2026-05-10 08:21:45.889488+00', '2026-05-10 08:21:45.889488+00'),
	('caa6b7ab-a62c-411f-aeb9-e6ef984e1056', 'e26541ac-7008-4282-9094-c6185b5cbd67', 'a467f7a7-dd7d-48df-a0ab-049859644453', '83939273-aba2-47ee-b9a8-4d8722849567', 'This conversation is so important.', 'active', '2026-05-10 08:21:45.889488+00', '2026-05-10 08:21:45.889488+00'),
	('cfe6af8d-9922-4035-a3f7-4f26d0b9de4b', 'e26541ac-7008-4282-9094-c6185b5cbd67', 'a467f7a7-dd7d-48df-a0ab-049859644453', '76c05ef8-4be5-4ad3-b7de-e188efbac29c', 'You''re absolutely right about this.', 'active', '2026-05-10 08:21:45.889488+00', '2026-05-10 08:21:45.889488+00'),
	('6603f04b-2f64-46b2-8480-3d118e05b56d', '4bfe0a16-04c2-4cd9-9e4c-d764a780d661', 'a467f7a7-dd7d-48df-a0ab-049859644453', '4030e3e7-ab58-4113-9685-2620aadbe65a', 'This community is amazing because of people like you.', 'active', '2026-05-10 08:21:45.889488+00', '2026-05-10 08:21:45.889488+00'),
	('87ec50e8-7f6a-4244-a57d-b96c062a8d55', '4bfe0a16-04c2-4cd9-9e4c-d764a780d661', 'adfe3895-e3f6-4dc0-8a99-1282de8d2416', '4030e3e7-ab58-4113-9685-2620aadbe65a', 'I totally agree with this perspective!', 'active', '2026-05-10 08:21:45.889488+00', '2026-05-10 08:21:45.889488+00'),
	('a109c5c3-4c83-4cee-8c2c-667beeea8518', '4bfe0a16-04c2-4cd9-9e4c-d764a780d661', '9eb8b33e-758a-455d-a05f-2e1ce99e3f9a', '53c1a9bc-d506-41f6-996b-178455684329', 'You''ve given me a lot to think about.', 'active', '2026-05-10 08:21:45.889488+00', '2026-05-10 08:21:45.889488+00'),
	('13c4efe0-f1fe-42ca-be49-da14ca1c673f', '22e55c57-d8e9-415f-ac61-222650375df1', 'adfe3895-e3f6-4dc0-8a99-1282de8d2416', 'd5aa3b4b-4fe7-44cf-af2f-49c63b7338cd', 'Your support means a lot to me.', 'active', '2026-05-10 08:21:45.889488+00', '2026-05-10 08:21:45.889488+00'),
	('56a49538-7f4e-45bc-9c6a-acc3c45fb446', '22e55c57-d8e9-415f-ac61-222650375df1', '9eb8b33e-758a-455d-a05f-2e1ce99e3f9a', 'd5aa3b4b-4fe7-44cf-af2f-49c63b7338cd', 'This response made my day!', 'active', '2026-05-10 08:21:45.889488+00', '2026-05-10 08:21:45.889488+00'),
	('b3a89dcb-8cd2-42b9-bc6a-c0f391318af6', '22e55c57-d8e9-415f-ac61-222650375df1', 'a467f7a7-dd7d-48df-a0ab-049859644453', '80340395-1ad7-4b92-ae7c-9c508e5dfad6', 'I totally agree with this perspective!', 'active', '2026-05-10 08:21:45.889488+00', '2026-05-10 08:21:45.889488+00'),
	('92e90dfb-ed85-4f80-a13e-30a8b92397f4', '22e55c57-d8e9-415f-ac61-222650375df1', '9eb8b33e-758a-455d-a05f-2e1ce99e3f9a', '80340395-1ad7-4b92-ae7c-9c508e5dfad6', 'Your insight is really helpful.', 'active', '2026-05-10 08:21:45.889488+00', '2026-05-10 08:21:45.889488+00'),
	('685bbb84-b279-4507-b63d-1d9976a248e8', 'bb7989d4-26a9-4116-bf31-bcd0af29f431', '9eb8b33e-758a-455d-a05f-2e1ce99e3f9a', '5997ef35-cd2e-4c43-9ab0-8133e2f8e7e3', 'I feel seen and understood.', 'active', '2026-05-10 08:21:45.889488+00', '2026-05-10 08:21:45.889488+00'),
	('5d978981-e5e7-4149-bdc4-f966198e5200', 'bb7989d4-26a9-4116-bf31-bcd0af29f431', 'adfe3895-e3f6-4dc0-8a99-1282de8d2416', '0a451075-5351-421c-a19e-d1dbbd320259', 'This community is amazing because of people like you.', 'active', '2026-05-10 08:21:45.889488+00', '2026-05-10 08:21:45.889488+00'),
	('f08c09c3-e749-4259-adc3-31c818b6bc52', 'bb7989d4-26a9-4116-bf31-bcd0af29f431', '9eb8b33e-758a-455d-a05f-2e1ce99e3f9a', '0a451075-5351-421c-a19e-d1dbbd320259', 'This adds so much value to the conversation.', 'active', '2026-05-10 08:21:45.889488+00', '2026-05-10 08:21:45.889488+00'),
	('10c09668-a98a-4592-86f8-840ed55bf522', '4ec550bc-370f-449f-bc59-f0aad06ee701', 'adfe3895-e3f6-4dc0-8a99-1282de8d2416', '8cbbcaf6-25b3-4938-954b-02130cd43f3a', 'Exactly! This is what I was thinking too.', 'active', '2026-05-10 08:21:45.889488+00', '2026-05-10 08:21:45.889488+00'),
	('e05506de-f777-4218-8506-42817e67c256', '4ec550bc-370f-449f-bc59-f0aad06ee701', '9eb8b33e-758a-455d-a05f-2e1ce99e3f9a', '8cbbcaf6-25b3-4938-954b-02130cd43f3a', 'I appreciate you taking the time to reply.', 'active', '2026-05-10 08:21:45.889488+00', '2026-05-10 08:21:45.889488+00'),
	('f623f1c9-5824-478a-8682-a85672e32b9e', '4ec550bc-370f-449f-bc59-f0aad06ee701', 'a467f7a7-dd7d-48df-a0ab-049859644453', '0ef9e380-5887-4a78-8221-36772da32be1', 'I''m learning so much from these discussions.', 'active', '2026-05-10 08:21:45.889488+00', '2026-05-10 08:21:45.889488+00'),
	('acc0e72e-2039-4938-8f2d-a6d14d3d006b', '4ec550bc-370f-449f-bc59-f0aad06ee701', '9eb8b33e-758a-455d-a05f-2e1ce99e3f9a', '0ef9e380-5887-4a78-8221-36772da32be1', 'You''ve captured my feelings perfectly.', 'active', '2026-05-10 08:21:45.889488+00', '2026-05-10 08:21:45.889488+00'),
	('e67fffdd-93ca-4724-9df5-6ef735b9dad6', 'd99fae3c-b3cd-417a-b351-b8141da9a94e', 'a467f7a7-dd7d-48df-a0ab-049859644453', '5737deae-b1d2-423c-8d0b-bb2e77953254', 'I''m grateful for this discussion.', 'active', '2026-05-10 08:21:45.889488+00', '2026-05-10 08:21:45.889488+00'),
	('af1c92fd-290c-41f6-93f6-3481d811718c', 'd99fae3c-b3cd-417a-b351-b8141da9a94e', '9eb8b33e-758a-455d-a05f-2e1ce99e3f9a', '5737deae-b1d2-423c-8d0b-bb2e77953254', 'You''ve captured my feelings perfectly.', 'active', '2026-05-10 08:21:45.889488+00', '2026-05-10 08:21:45.889488+00'),
	('76fbb88c-7e61-4296-8282-4bc3cfefaac7', 'd99fae3c-b3cd-417a-b351-b8141da9a94e', 'adfe3895-e3f6-4dc0-8a99-1282de8d2416', '9a30c9ee-256d-4189-8f07-de3a113a7916', 'I totally agree with this perspective!', 'active', '2026-05-10 08:21:45.889488+00', '2026-05-10 08:21:45.889488+00'),
	('b3313fa1-3d03-41bc-8c41-96920406fdd5', 'd99fae3c-b3cd-417a-b351-b8141da9a94e', '9eb8b33e-758a-455d-a05f-2e1ce99e3f9a', '9a30c9ee-256d-4189-8f07-de3a113a7916', 'Your insight is really helpful.', 'active', '2026-05-10 08:21:45.889488+00', '2026-05-10 08:21:45.889488+00'),
	('f618c124-74cb-4cff-b117-65db0a2ab10e', '4e108bb4-370d-4740-a429-5448e3bc034a', 'a467f7a7-dd7d-48df-a0ab-049859644453', 'e015249d-d48e-48d4-8127-80744a51d360', 'This community is amazing because of people like you.', 'active', '2026-05-10 08:21:45.889488+00', '2026-05-10 08:21:45.889488+00'),
	('1c7ce069-4f10-42fb-bcc7-2510c8f47769', '4e108bb4-370d-4740-a429-5448e3bc034a', 'adfe3895-e3f6-4dc0-8a99-1282de8d2416', 'e015249d-d48e-48d4-8127-80744a51d360', 'I appreciate you taking the time to reply.', 'active', '2026-05-10 08:21:45.889488+00', '2026-05-10 08:21:45.889488+00'),
	('7e83a9d6-d2ac-433e-9bd2-b52d10852f31', '4e108bb4-370d-4740-a429-5448e3bc034a', 'a467f7a7-dd7d-48df-a0ab-049859644453', 'cb0656f3-929f-4438-adae-79bcf45da68c', 'This conversation is so important.', 'active', '2026-05-10 08:21:45.889488+00', '2026-05-10 08:21:45.889488+00'),
	('aff33ed4-a7ac-4acf-a707-2b50ab1df787', '4e108bb4-370d-4740-a429-5448e3bc034a', '9eb8b33e-758a-455d-a05f-2e1ce99e3f9a', 'cb0656f3-929f-4438-adae-79bcf45da68c', 'This community is amazing because of people like you.', 'active', '2026-05-10 08:21:45.889488+00', '2026-05-10 08:21:45.889488+00'),
	('3bf0d045-bc03-44bc-b235-07e39805ad09', '1f8f45ca-e243-4dc7-b8d4-23292f096f33', 'a467f7a7-dd7d-48df-a0ab-049859644453', 'a93f24ea-0fd9-490a-a2dd-4cf398416347', 'Thank you for your kind words.', 'active', '2026-05-10 08:21:45.889488+00', '2026-05-10 08:21:45.889488+00'),
	('879d496a-7bbf-448a-9b87-1e40567a8c51', '1f8f45ca-e243-4dc7-b8d4-23292f096f33', 'adfe3895-e3f6-4dc0-8a99-1282de8d2416', '57226fd4-f565-4b13-904b-0df0e4294db5', 'I appreciate you taking the time to reply.', 'active', '2026-05-10 08:21:45.889488+00', '2026-05-10 08:21:45.889488+00'),
	('fb86dc44-2cc4-4c5c-8335-3529e19f6631', '1f8f45ca-e243-4dc7-b8d4-23292f096f33', 'a467f7a7-dd7d-48df-a0ab-049859644453', '57226fd4-f565-4b13-904b-0df0e4294db5', 'You''ve captured my feelings perfectly.', 'active', '2026-05-10 08:21:45.889488+00', '2026-05-10 08:21:45.889488+00'),
	('9139c031-aea3-40e0-9531-4eb69632c690', 'ac7d026f-44f9-4d8c-8e16-b4e6b8f79181', 'a467f7a7-dd7d-48df-a0ab-049859644453', 'fc3b0169-406a-4a45-8931-91806357a963', 'Your insight is really helpful.', 'active', '2026-05-10 08:21:45.889488+00', '2026-05-10 08:21:45.889488+00'),
	('b412cd38-74f0-4da1-a1a8-cd1700d3d3a7', 'ac7d026f-44f9-4d8c-8e16-b4e6b8f79181', '9eb8b33e-758a-455d-a05f-2e1ce99e3f9a', 'fc3b0169-406a-4a45-8931-91806357a963', 'This is such a thoughtful response.', 'active', '2026-05-10 08:21:45.889488+00', '2026-05-10 08:21:45.889488+00'),
	('43217a12-68b1-4002-944d-f742e28941c7', 'ac7d026f-44f9-4d8c-8e16-b4e6b8f79181', 'a467f7a7-dd7d-48df-a0ab-049859644453', 'd970ed2e-1d71-4837-8b29-e5f773292cfd', 'This is such a thoughtful response.', 'active', '2026-05-10 08:21:45.889488+00', '2026-05-10 08:21:45.889488+00'),
	('cc6f63c4-fdff-4888-a429-51b77fc99539', 'ac7d026f-44f9-4d8c-8e16-b4e6b8f79181', 'adfe3895-e3f6-4dc0-8a99-1282de8d2416', 'd970ed2e-1d71-4837-8b29-e5f773292cfd', 'I totally agree with this perspective!', 'active', '2026-05-10 08:21:45.889488+00', '2026-05-10 08:21:45.889488+00'),
	('f928054e-9414-4a74-8530-e1ccbf3b12a9', '70deeb4e-18f9-4b22-b073-a8be4270189e', '9eb8b33e-758a-455d-a05f-2e1ce99e3f9a', '243cc315-4fc4-4e22-b873-2f6c6dc3d426', 'I''m learning so much from these discussions.', 'active', '2026-05-10 08:21:45.889488+00', '2026-05-10 08:21:45.889488+00'),
	('2f584b5b-2da0-4ee6-9a9a-10486cb0b25e', '70deeb4e-18f9-4b22-b073-a8be4270189e', 'a467f7a7-dd7d-48df-a0ab-049859644453', '243cc315-4fc4-4e22-b873-2f6c6dc3d426', 'I''m learning so much from these discussions.', 'active', '2026-05-10 08:21:45.889488+00', '2026-05-10 08:21:45.889488+00'),
	('8a9191f8-d38e-49b1-a43b-6551cac61f63', '70deeb4e-18f9-4b22-b073-a8be4270189e', 'adfe3895-e3f6-4dc0-8a99-1282de8d2416', '7d88559c-d642-419a-89ca-9e9ba81c552d', 'Thank you for saying this so well.', 'active', '2026-05-10 08:21:45.889488+00', '2026-05-10 08:21:45.889488+00'),
	('8578bd4f-41cc-4c90-bf16-3405089d690f', '70deeb4e-18f9-4b22-b073-a8be4270189e', 'a467f7a7-dd7d-48df-a0ab-049859644453', '7d88559c-d642-419a-89ca-9e9ba81c552d', 'You''ve given me a lot to think about.', 'active', '2026-05-10 08:21:45.889488+00', '2026-05-10 08:21:45.889488+00'),
	('675e9051-0795-4497-854e-508fb2d7a89b', '16508a31-3ed3-4cd5-928a-10272728ddb8', '9eb8b33e-758a-455d-a05f-2e1ce99e3f9a', '68100af4-81dd-4de6-8cbc-a0d71d73fff4', 'This is why I love this community.', 'active', '2026-05-10 08:21:45.889488+00', '2026-05-10 08:21:45.889488+00'),
	('718e82d9-81cf-4df2-93f0-b9f10902a2cc', '16508a31-3ed3-4cd5-928a-10272728ddb8', 'adfe3895-e3f6-4dc0-8a99-1282de8d2416', '68100af4-81dd-4de6-8cbc-a0d71d73fff4', 'This response made my day!', 'active', '2026-05-10 08:21:45.889488+00', '2026-05-10 08:21:45.889488+00'),
	('ec218d10-49e0-4790-af08-b8e2d390e07b', '16508a31-3ed3-4cd5-928a-10272728ddb8', 'a467f7a7-dd7d-48df-a0ab-049859644453', '78a02842-8d3d-4396-bb1c-b084c78e926b', 'Exactly! This is what I was thinking too.', 'active', '2026-05-10 08:21:45.889488+00', '2026-05-10 08:21:45.889488+00'),
	('a77356ed-fec1-4940-ad14-cf22cf2bbd8d', '16508a31-3ed3-4cd5-928a-10272728ddb8', 'adfe3895-e3f6-4dc0-8a99-1282de8d2416', '78a02842-8d3d-4396-bb1c-b084c78e926b', 'I feel seen and understood.', 'active', '2026-05-10 08:21:45.889488+00', '2026-05-10 08:21:45.889488+00'),
	('44aa8741-1494-437a-ab0e-d74a00138c84', 'aa617836-1b35-454e-a277-6e20f49d327e', 'a467f7a7-dd7d-48df-a0ab-049859644453', '858375d3-a963-415a-a2cc-94bd0efacc37', 'Thank you for saying this so well.', 'active', '2026-05-10 08:21:45.889488+00', '2026-05-10 08:21:45.889488+00'),
	('69a0230c-dae8-43e5-8ffa-b891d90f30a2', 'aa617836-1b35-454e-a277-6e20f49d327e', 'adfe3895-e3f6-4dc0-8a99-1282de8d2416', '858375d3-a963-415a-a2cc-94bd0efacc37', 'Your insight is really helpful.', 'active', '2026-05-10 08:21:45.889488+00', '2026-05-10 08:21:45.889488+00'),
	('d94f1eb8-1742-4169-94ec-2a5b6cde2bfe', 'aa617836-1b35-454e-a277-6e20f49d327e', '9eb8b33e-758a-455d-a05f-2e1ce99e3f9a', 'f3ec8732-21c1-46c8-a624-fc2ee78d33a8', 'This adds so much value to the conversation.', 'active', '2026-05-10 08:21:45.889488+00', '2026-05-10 08:21:45.889488+00'),
	('a24de687-c217-428c-9606-48ab1ddcc59c', 'b90ef7b1-7c00-4ec9-9a9c-9f4734c27783', 'adfe3895-e3f6-4dc0-8a99-1282de8d2416', 'c4801320-b3ad-4741-827c-ed291261c168', 'You''re absolutely right about this.', 'active', '2026-05-10 08:21:45.889488+00', '2026-05-10 08:21:45.889488+00'),
	('b60d5906-48d1-4872-86ea-896f52c6adf7', 'b90ef7b1-7c00-4ec9-9a9c-9f4734c27783', '9eb8b33e-758a-455d-a05f-2e1ce99e3f9a', 'c4801320-b3ad-4741-827c-ed291261c168', 'I appreciate you taking the time to reply.', 'active', '2026-05-10 08:21:45.889488+00', '2026-05-10 08:21:45.889488+00'),
	('9a119486-1aaa-4ab1-8412-a2d1eac75743', 'b90ef7b1-7c00-4ec9-9a9c-9f4734c27783', 'adfe3895-e3f6-4dc0-8a99-1282de8d2416', 'a69083c9-0e1e-4318-b805-d831d5077d45', 'Your insight is really helpful.', 'active', '2026-05-10 08:21:45.889488+00', '2026-05-10 08:21:45.889488+00'),
	('cdda9387-ae44-4d1d-b9b7-0b56cbc66800', 'b90ef7b1-7c00-4ec9-9a9c-9f4734c27783', 'a467f7a7-dd7d-48df-a0ab-049859644453', 'a69083c9-0e1e-4318-b805-d831d5077d45', 'Exactly! This is what I was thinking too.', 'active', '2026-05-10 08:21:45.889488+00', '2026-05-10 08:21:45.889488+00'),
	('59115e54-459b-48cf-965e-6152cff67ef4', 'bada9c44-609c-4ea8-9881-30b99ada1390', '9eb8b33e-758a-455d-a05f-2e1ce99e3f9a', 'c741b0f6-bb5e-41cb-8139-031eaf6eddff', 'This community is amazing because of people like you.', 'active', '2026-05-10 08:21:45.889488+00', '2026-05-10 08:21:45.889488+00'),
	('f4fd8068-584b-4199-a7a2-ca64cfc02e23', 'bada9c44-609c-4ea8-9881-30b99ada1390', 'adfe3895-e3f6-4dc0-8a99-1282de8d2416', 'c741b0f6-bb5e-41cb-8139-031eaf6eddff', 'I hadn''t thought of it this way before.', 'active', '2026-05-10 08:21:45.889488+00', '2026-05-10 08:21:45.889488+00'),
	('5c3b2661-fed1-454b-8bb0-8d714c2988a3', 'bada9c44-609c-4ea8-9881-30b99ada1390', 'a467f7a7-dd7d-48df-a0ab-049859644453', '721acad1-f99e-4ab6-a300-23604d7823f9', 'Your support means a lot to me.', 'active', '2026-05-10 08:21:45.889488+00', '2026-05-10 08:21:45.889488+00'),
	('2e4df838-2eaa-47ab-973e-28bc3f7e516c', 'd750c25c-186d-4c02-9cbc-c0943c638bf7', 'adfe3895-e3f6-4dc0-8a99-1282de8d2416', '9f0c0da3-05d9-4552-909b-4aac0a5013ce', 'I appreciate you taking the time to reply.', 'active', '2026-05-10 08:21:45.889488+00', '2026-05-10 08:21:45.889488+00'),
	('3e3ec3e8-3f65-4492-937e-27564bdab764', 'd750c25c-186d-4c02-9cbc-c0943c638bf7', 'a467f7a7-dd7d-48df-a0ab-049859644453', '60449e3d-3f1d-4935-8865-a5b98822588e', 'Exactly! This is what I was thinking too.', 'active', '2026-05-10 08:21:45.889488+00', '2026-05-10 08:21:45.889488+00'),
	('a9ba2745-9eba-430b-a01b-5181f07df006', 'd750c25c-186d-4c02-9cbc-c0943c638bf7', '9eb8b33e-758a-455d-a05f-2e1ce99e3f9a', '60449e3d-3f1d-4935-8865-a5b98822588e', 'This conversation is so important.', 'active', '2026-05-10 08:21:45.889488+00', '2026-05-10 08:21:45.889488+00'),
	('a4d51c75-76d9-4def-b446-911264c00355', 'e9242701-2b48-414a-a424-70908b4bd952', '9eb8b33e-758a-455d-a05f-2e1ce99e3f9a', '7a8db17c-946f-4f3a-bc88-cfb6ca968d59', 'You''ve captured my feelings perfectly.', 'active', '2026-05-10 08:21:45.889488+00', '2026-05-10 08:21:45.889488+00'),
	('c0359886-6898-4975-8efe-e78d2792db96', 'e9242701-2b48-414a-a424-70908b4bd952', 'a467f7a7-dd7d-48df-a0ab-049859644453', '7a8db17c-946f-4f3a-bc88-cfb6ca968d59', 'You''re absolutely right about this.', 'active', '2026-05-10 08:21:45.889488+00', '2026-05-10 08:21:45.889488+00'),
	('241da704-e2cf-490e-bf09-445443640528', 'e9242701-2b48-414a-a424-70908b4bd952', 'adfe3895-e3f6-4dc0-8a99-1282de8d2416', '1edbba67-beac-439f-9c3f-8bac2518ef6a', 'You''ve captured my feelings perfectly.', 'active', '2026-05-10 08:21:45.889488+00', '2026-05-10 08:21:45.889488+00'),
	('df6c9de6-d173-4f6f-b668-68b129969236', 'e9242701-2b48-414a-a424-70908b4bd952', '9eb8b33e-758a-455d-a05f-2e1ce99e3f9a', '1edbba67-beac-439f-9c3f-8bac2518ef6a', 'You''ve captured my feelings perfectly.', 'active', '2026-05-10 08:21:45.889488+00', '2026-05-10 08:21:45.889488+00'),
	('d4e7e174-1176-4415-ab26-d229faa20a72', 'a1965eb5-4d61-4435-8481-b24862e2023a', '9eb8b33e-758a-455d-a05f-2e1ce99e3f9a', 'df04ba3a-ff64-47b3-a386-ffb81e38a195', 'This response made my day!', 'active', '2026-05-10 08:21:45.889488+00', '2026-05-10 08:21:45.889488+00'),
	('b525a653-4f9a-4169-9014-513bb6313ca8', 'a1965eb5-4d61-4435-8481-b24862e2023a', '9eb8b33e-758a-455d-a05f-2e1ce99e3f9a', '290397ff-941e-46eb-94b9-907c88f3a3e9', 'This conversation is so important.', 'active', '2026-05-10 08:21:45.889488+00', '2026-05-10 08:21:45.889488+00'),
	('760a7384-9e54-4c7a-a12c-9b7d69df1ec8', '09a891e5-9285-44b6-a7f4-32f8d7b0c693', '9eb8b33e-758a-455d-a05f-2e1ce99e3f9a', '6b0ba759-2db4-4dfe-baa5-213937a11c24', 'You''ve captured my feelings perfectly.', 'active', '2026-05-10 08:21:45.889488+00', '2026-05-10 08:21:45.889488+00'),
	('ae033d87-83f7-4eed-8a1e-5adf26fe7c1a', '09a891e5-9285-44b6-a7f4-32f8d7b0c693', 'adfe3895-e3f6-4dc0-8a99-1282de8d2416', 'b91c327c-9b56-457a-9dd4-15aa3121ac0f', 'This adds so much value to the conversation.', 'active', '2026-05-10 08:21:45.889488+00', '2026-05-10 08:21:45.889488+00'),
	('145f3916-8741-49ae-ab49-9631846e8535', '09a891e5-9285-44b6-a7f4-32f8d7b0c693', '9eb8b33e-758a-455d-a05f-2e1ce99e3f9a', 'b91c327c-9b56-457a-9dd4-15aa3121ac0f', 'Your support means a lot to me.', 'active', '2026-05-10 08:21:45.889488+00', '2026-05-10 08:21:45.889488+00'),
	('633dbba1-a822-42a8-bddb-d1de59bdffab', '06c1da3d-c01f-4bbd-bbf2-b9747cbc1523', 'a467f7a7-dd7d-48df-a0ab-049859644453', 'cc200851-7c63-40e0-bc0f-5bfe1d70d957', 'This adds so much value to the conversation.', 'active', '2026-05-10 08:21:45.889488+00', '2026-05-10 08:21:45.889488+00'),
	('9a0fef68-1287-4484-b816-92bc1107ca85', '06c1da3d-c01f-4bbd-bbf2-b9747cbc1523', 'adfe3895-e3f6-4dc0-8a99-1282de8d2416', 'cc200851-7c63-40e0-bc0f-5bfe1d70d957', 'I appreciate you taking the time to reply.', 'active', '2026-05-10 08:21:45.889488+00', '2026-05-10 08:21:45.889488+00'),
	('6c3ab4c9-70ea-4ad7-abf4-4144df30944b', '06c1da3d-c01f-4bbd-bbf2-b9747cbc1523', '9eb8b33e-758a-455d-a05f-2e1ce99e3f9a', '0ea42675-b2c4-42c3-a7be-12d76c71efef', 'You''re absolutely right about this.', 'active', '2026-05-10 08:21:45.889488+00', '2026-05-10 08:21:45.889488+00'),
	('7e07721b-7d96-4643-ace1-5272f061e0a3', '06c1da3d-c01f-4bbd-bbf2-b9747cbc1523', 'a467f7a7-dd7d-48df-a0ab-049859644453', '0ea42675-b2c4-42c3-a7be-12d76c71efef', 'You''re absolutely right about this.', 'active', '2026-05-10 08:21:45.889488+00', '2026-05-10 08:21:45.889488+00'),
	('bab5d4ad-d8b9-4774-acf9-9a334d8e0397', '50834ae3-fbee-4a6e-8d80-5f9ab6199fce', 'a467f7a7-dd7d-48df-a0ab-049859644453', 'b127e2b6-6905-401e-939f-581b07586d7f', 'This is such a thoughtful response.', 'active', '2026-05-10 08:21:45.889488+00', '2026-05-10 08:21:45.889488+00'),
	('de6a4ca2-e3aa-40ad-af66-86343f22d651', '50834ae3-fbee-4a6e-8d80-5f9ab6199fce', '9eb8b33e-758a-455d-a05f-2e1ce99e3f9a', 'b127e2b6-6905-401e-939f-581b07586d7f', 'I''m learning so much from these discussions.', 'active', '2026-05-10 08:21:45.889488+00', '2026-05-10 08:21:45.889488+00'),
	('825c461d-82a3-4a29-b7e6-0c72864d1410', '50834ae3-fbee-4a6e-8d80-5f9ab6199fce', 'a467f7a7-dd7d-48df-a0ab-049859644453', '09cac672-e7ba-467a-b3ae-29c2f6bf583e', 'This is why I love this community.', 'active', '2026-05-10 08:21:45.889488+00', '2026-05-10 08:21:45.889488+00'),
	('33d59298-f71f-4a66-8500-411148d65c33', '50834ae3-fbee-4a6e-8d80-5f9ab6199fce', 'adfe3895-e3f6-4dc0-8a99-1282de8d2416', '09cac672-e7ba-467a-b3ae-29c2f6bf583e', 'Exactly! This is what I was thinking too.', 'active', '2026-05-10 08:21:45.889488+00', '2026-05-10 08:21:45.889488+00'),
	('e3775ceb-2886-4e2d-a593-3f9a04a35afc', '87996792-dbc0-4101-8411-df7afbc6e9df', 'adfe3895-e3f6-4dc0-8a99-1282de8d2416', '938a05ab-32c2-46bf-ad3e-9ddcddf35850', 'This community is amazing because of people like you.', 'active', '2026-05-10 08:21:45.889488+00', '2026-05-10 08:21:45.889488+00'),
	('d8f30418-592c-44bd-b47c-8c86f94ec50d', '87996792-dbc0-4101-8411-df7afbc6e9df', 'a467f7a7-dd7d-48df-a0ab-049859644453', '938a05ab-32c2-46bf-ad3e-9ddcddf35850', 'Your insight is really helpful.', 'active', '2026-05-10 08:21:45.889488+00', '2026-05-10 08:21:45.889488+00'),
	('1a460054-31e1-4b1a-acee-95d4a316c9f2', '87996792-dbc0-4101-8411-df7afbc6e9df', '9eb8b33e-758a-455d-a05f-2e1ce99e3f9a', 'ad3ad05d-89e8-45b2-9c28-a41d59becb1b', 'Your support means a lot to me.', 'active', '2026-05-10 08:21:45.889488+00', '2026-05-10 08:21:45.889488+00'),
	('35e5013a-21e3-43fb-b646-dc3862706561', '87996792-dbc0-4101-8411-df7afbc6e9df', 'a467f7a7-dd7d-48df-a0ab-049859644453', 'ad3ad05d-89e8-45b2-9c28-a41d59becb1b', 'Thank you for your kind words.', 'active', '2026-05-10 08:21:45.889488+00', '2026-05-10 08:21:45.889488+00'),
	('4c019261-3af5-4956-8871-f5b4722e2118', '52d9e79b-6919-497a-89dc-10f203721854', '9eb8b33e-758a-455d-a05f-2e1ce99e3f9a', 'a045b6c3-125a-4ab9-a3d7-8bf114575759', 'You''ve given me a lot to think about.', 'active', '2026-05-10 08:21:45.889488+00', '2026-05-10 08:21:45.889488+00'),
	('88185d91-f95b-40a2-ac31-53e137f3dac0', '52d9e79b-6919-497a-89dc-10f203721854', 'a467f7a7-dd7d-48df-a0ab-049859644453', 'a045b6c3-125a-4ab9-a3d7-8bf114575759', 'This adds so much value to the conversation.', 'active', '2026-05-10 08:21:45.889488+00', '2026-05-10 08:21:45.889488+00'),
	('4355dd22-b853-41bb-99fd-4dae4e92ec17', '52d9e79b-6919-497a-89dc-10f203721854', 'adfe3895-e3f6-4dc0-8a99-1282de8d2416', 'dde005f3-e219-4c96-bcb5-d774b25587da', 'This is such a thoughtful response.', 'active', '2026-05-10 08:21:45.889488+00', '2026-05-10 08:21:45.889488+00'),
	('6e6fac8a-9a66-43b6-9fa6-27459ef9f7d5', '52d9e79b-6919-497a-89dc-10f203721854', 'a467f7a7-dd7d-48df-a0ab-049859644453', 'dde005f3-e219-4c96-bcb5-d774b25587da', 'I feel seen and understood.', 'active', '2026-05-10 08:21:45.889488+00', '2026-05-10 08:21:45.889488+00'),
	('c5e472f7-586d-44c9-a180-2e1f6d7b3437', '6689f567-a1cf-467a-9467-f57d297db665', 'a467f7a7-dd7d-48df-a0ab-049859644453', '1773fb8f-81f5-4fca-a701-b37180892ab6', 'I hadn''t thought of it this way before.', 'active', '2026-05-10 08:21:45.889488+00', '2026-05-10 08:21:45.889488+00'),
	('f2c10b39-b63f-4f36-94eb-06c2105d2a6d', '6689f567-a1cf-467a-9467-f57d297db665', 'adfe3895-e3f6-4dc0-8a99-1282de8d2416', '1773fb8f-81f5-4fca-a701-b37180892ab6', 'Your insight is really helpful.', 'active', '2026-05-10 08:21:45.889488+00', '2026-05-10 08:21:45.889488+00'),
	('977ec796-923a-476a-828b-e247721cf075', '6689f567-a1cf-467a-9467-f57d297db665', 'adfe3895-e3f6-4dc0-8a99-1282de8d2416', '0658132e-ef96-411f-9bb6-b46a0f66c233', 'I hadn''t thought of it this way before.', 'active', '2026-05-10 08:21:45.889488+00', '2026-05-10 08:21:45.889488+00'),
	('a1238640-dc8c-4665-bd4e-9bc569484c02', '20bae48b-14b9-410c-bd5d-cad33b4cfcda', '9eb8b33e-758a-455d-a05f-2e1ce99e3f9a', 'e38f08db-52ce-4f49-bf03-d533a4ca95e2', 'This response made my day!', 'active', '2026-05-10 08:21:45.889488+00', '2026-05-10 08:21:45.889488+00'),
	('42ca32b0-5b2c-41a6-8ec0-89b540a91d4b', '20bae48b-14b9-410c-bd5d-cad33b4cfcda', 'adfe3895-e3f6-4dc0-8a99-1282de8d2416', 'e38f08db-52ce-4f49-bf03-d533a4ca95e2', 'This adds so much value to the conversation.', 'active', '2026-05-10 08:21:45.889488+00', '2026-05-10 08:21:45.889488+00'),
	('8f487dc9-d646-4773-8890-029a245789e2', '20bae48b-14b9-410c-bd5d-cad33b4cfcda', 'a467f7a7-dd7d-48df-a0ab-049859644453', '627884a6-8a36-4a25-8dd3-39f8c0e16af4', 'This response made my day!', 'active', '2026-05-10 08:21:45.889488+00', '2026-05-10 08:21:45.889488+00'),
	('b66b259f-08b6-4e6e-b9de-fd8220424881', '20bae48b-14b9-410c-bd5d-cad33b4cfcda', 'adfe3895-e3f6-4dc0-8a99-1282de8d2416', '627884a6-8a36-4a25-8dd3-39f8c0e16af4', 'I appreciate you taking the time to reply.', 'active', '2026-05-10 08:21:45.889488+00', '2026-05-10 08:21:45.889488+00'),
	('3758e6a3-6b2a-4adf-8f7b-63859c1d7374', '0990acfc-1ca4-4281-9cfe-2ba76c2e44eb', 'adfe3895-e3f6-4dc0-8a99-1282de8d2416', 'eab988b2-a60c-4dc1-bbff-a3f88941e172', 'I totally agree with this perspective!', 'active', '2026-05-10 08:21:45.889488+00', '2026-05-10 08:21:45.889488+00'),
	('f836ab0e-5244-4ea2-a5e4-4bb40d14784f', '0990acfc-1ca4-4281-9cfe-2ba76c2e44eb', 'adfe3895-e3f6-4dc0-8a99-1282de8d2416', 'eb1f9686-6dda-43d2-a7c6-b9f1cc064d6d', 'This conversation is so important.', 'active', '2026-05-10 08:21:45.889488+00', '2026-05-10 08:21:45.889488+00'),
	('345eff8c-7ea6-421b-ac6f-fc1d8c5de72d', 'e26541ac-7008-4282-9094-c6185b5cbd67', 'adfe3895-e3f6-4dc0-8a99-1282de8d2416', '595ee6f3-4400-4503-a2e0-fb6457a06b89', 'You''re absolutely right about this.', 'active', '2026-05-10 08:21:45.889488+00', '2026-05-10 08:21:45.889488+00'),
	('5e846297-c2d0-45b9-9565-1b953a2628db', 'e26541ac-7008-4282-9094-c6185b5cbd67', 'a467f7a7-dd7d-48df-a0ab-049859644453', '595ee6f3-4400-4503-a2e0-fb6457a06b89', 'Exactly! This is what I was thinking too.', 'active', '2026-05-10 08:21:45.889488+00', '2026-05-10 08:21:45.889488+00'),
	('6ad77679-eb30-466c-881a-6f96ff7deb03', 'e26541ac-7008-4282-9094-c6185b5cbd67', '9eb8b33e-758a-455d-a05f-2e1ce99e3f9a', 'c90c73ad-9841-42f7-b5b4-33d2b281a049', 'I totally agree with this perspective!', 'active', '2026-05-10 08:21:45.889488+00', '2026-05-10 08:21:45.889488+00'),
	('88b7f236-f963-4f34-96cd-5916a2ce81d5', 'e26541ac-7008-4282-9094-c6185b5cbd67', 'adfe3895-e3f6-4dc0-8a99-1282de8d2416', 'c90c73ad-9841-42f7-b5b4-33d2b281a049', 'You''re absolutely right about this.', 'active', '2026-05-10 08:21:45.889488+00', '2026-05-10 08:21:45.889488+00'),
	('a40dba80-e045-4353-9134-b291492e8c58', 'bb7989d4-26a9-4116-bf31-bcd0af29f431', 'a467f7a7-dd7d-48df-a0ab-049859644453', 'f08c09c3-e749-4259-adc3-31c818b6bc52', 'p', 'active', '2026-05-12 11:43:06.830002+00', '2026-05-12 11:43:06.830002+00');


--
-- Data for Name: post_reports; Type: TABLE DATA; Schema: public; Owner: postgres
--

INSERT INTO "public"."post_reports" ("id", "post_id", "user_id", "reason", "created_at") VALUES
	('d08cb853-b844-4904-99a0-55c1daa16875', '22e55c57-d8e9-415f-ac61-222650375df1', 'adfe3895-e3f6-4dc0-8a99-1282de8d2416', 'this stupid tbh', '2026-05-12 07:47:11.37503+00'),
	('876544b9-672b-4b3c-9062-2d8628e74c65', '22e55c57-d8e9-415f-ac61-222650375df1', 'a467f7a7-dd7d-48df-a0ab-049859644453', 'this stupid to tbh', '2026-05-12 07:47:46.888255+00');


--
-- Data for Name: tags; Type: TABLE DATA; Schema: public; Owner: postgres
--

INSERT INTO "public"."tags" ("id", "name", "count", "created_at", "updated_at") VALUES
	('feb847d1-14a5-48b6-b2b8-4390d7928da7', 'Friendship', 1, '2026-05-07 06:02:26.30641+00', '2026-05-10 08:15:10.635404+00'),
	('9d6d6537-0a7d-4adf-9bf0-a015fa4083de', 'Family', 2, '2026-05-07 06:02:26.30641+00', '2026-05-10 08:15:10.635404+00'),
	('4c56819f-af7c-4107-bab3-575058211f60', 'Relationship', 0, '2026-05-07 06:02:26.30641+00', '2026-05-10 08:15:10.635404+00'),
	('0b762603-ffe4-42ee-8995-e9c15c0e1039', 'School', 1, '2026-05-07 06:02:26.30641+00', '2026-05-10 08:15:10.635404+00'),
	('7d55323b-a107-4c6b-8c2f-b7e788a319fb', 'Work', 2, '2026-05-07 06:02:26.30641+00', '2026-05-10 08:15:10.635404+00'),
	('79d7c141-c8d1-4dc4-9bd3-82f698f939fe', 'Adult', 4, '2026-05-07 06:02:26.30641+00', '2026-05-10 08:15:10.635404+00'),
	('daa9ceb0-225b-45c9-a2df-6e2136cbfee9', 'Teen', 0, '2026-05-07 06:02:26.30641+00', '2026-05-10 08:15:10.635404+00'),
	('24c0c856-508d-4999-8da9-2a252aacf11a', 'Love', 1, '2026-05-07 06:02:26.30641+00', '2026-05-10 08:15:10.635404+00'),
	('850efc4e-a868-4f12-8604-61d6f078c265', 'Heartbreak', 0, '2026-05-07 06:02:26.30641+00', '2026-05-10 08:15:10.635404+00'),
	('4f566fa7-4fe0-4f87-a7e7-0a2e35b69b3d', 'Mental Health', 1, '2026-05-07 06:02:26.30641+00', '2026-05-10 08:15:10.635404+00'),
	('b6722b31-0022-4bb1-9bd9-2b8649cbf82f', 'Melancholy', 1, '2026-05-07 06:02:26.30641+00', '2026-05-10 08:15:10.635404+00'),
	('0e72fed2-cb13-46ad-9508-e5b10e8585b3', 'Anxiety', 1, '2026-05-07 06:02:26.30641+00', '2026-05-10 08:15:10.635404+00'),
	('48dc9996-0554-4163-b74f-6ea5a05f6921', 'Depression', 2, '2026-05-07 06:02:26.30641+00', '2026-05-10 08:15:10.635404+00'),
	('a5a75c30-5b32-4419-b601-df7f60852905', 'Self Harm', 1, '2026-05-07 06:02:26.30641+00', '2026-05-10 08:15:10.635404+00'),
	('260bd2f3-28e4-41e4-af51-4a6fcfe665d6', 'Sexual Assault', 2, '2026-05-07 06:02:26.30641+00', '2026-05-10 08:15:10.635404+00'),
	('29c7800c-b4a3-4848-85ad-98da55659b11', 'Abuse', 0, '2026-05-07 06:02:26.30641+00', '2026-05-10 08:15:10.635404+00'),
	('a7eb63bd-4be6-4843-b3a9-1c229974e3db', 'Addiction', 4, '2026-05-07 06:02:26.30641+00', '2026-05-10 08:15:10.635404+00'),
	('8153b3bb-c011-4ad5-8e8f-f406444065f8', 'Crush', 2, '2026-05-07 06:02:26.30641+00', '2026-05-10 08:15:10.635404+00'),
	('1abb5517-097c-4140-8307-1584db908dd7', 'Secret', 0, '2026-05-07 06:02:26.30641+00', '2026-05-10 08:15:10.635404+00'),
	('68d811b7-f854-4175-a730-dade40d1936b', 'Regret', 1, '2026-05-07 06:02:26.30641+00', '2026-05-10 08:15:10.635404+00'),
	('bbedc86c-d229-4cb3-94d4-28991b37fd2b', 'Betrayal', 1, '2026-05-07 06:02:26.30641+00', '2026-05-10 08:15:10.635404+00'),
	('730dbc17-597d-4b73-8151-4fa77737d298', 'Cheating', 2, '2026-05-07 06:02:26.30641+00', '2026-05-10 08:15:10.635404+00'),
	('09907ecc-941a-46a8-b171-f63855e3dfe4', 'Jealousy', 1, '2026-05-07 06:02:26.30641+00', '2026-05-10 08:15:10.635404+00'),
	('f6e75bce-62f3-4e25-ad60-6336d59fa4f2', 'Loneliness', 1, '2026-05-07 06:02:26.30641+00', '2026-05-10 08:15:10.635404+00'),
	('33b6ea37-e9a3-43ed-8ae8-ab46cabcb8dd', 'Grief', 0, '2026-05-07 06:02:26.30641+00', '2026-05-10 08:15:10.635404+00'),
	('2bb1b8d5-5fcf-42e1-81d0-eac5d17ecdba', 'Marriage', 1, '2026-05-07 06:02:26.30641+00', '2026-05-10 08:15:10.635404+00'),
	('348d6063-8e79-4830-ab85-ac5447951939', 'Parenting', 0, '2026-05-07 06:02:26.30641+00', '2026-05-10 08:15:10.635404+00'),
	('0faad847-7f88-4fa2-9cd8-1c1f015b00a2', 'Divorce', 1, '2026-05-07 06:02:26.30641+00', '2026-05-10 08:15:10.635404+00'),
	('d492c563-e359-4e64-9ff1-bea116754cef', 'Body Image', 3, '2026-05-07 06:02:26.30641+00', '2026-05-10 08:15:10.635404+00'),
	('3bd99dca-b85a-4ce1-b6ce-0beeaff049af', 'Faith', 3, '2026-05-07 06:02:26.30641+00', '2026-05-10 08:15:10.635404+00'),
	('c89e1919-bf6e-4dff-80c6-6b655145e0a5', 'Coming Out', 0, '2026-05-07 06:02:26.30641+00', '2026-05-10 08:15:10.635404+00'),
	('6f9318c4-d801-44c4-a71d-75dbe85ade15', 'Identity', 1, '2026-05-07 06:02:26.30641+00', '2026-05-10 08:15:10.635404+00'),
	('46d1605d-9568-4455-9610-1811aef03c99', 'Anger', 2, '2026-05-07 06:02:26.30641+00', '2026-05-10 08:15:10.635404+00'),
	('382a524b-e91f-4ba5-bac6-f5faa35176c4', 'Guilt', 2, '2026-05-07 06:02:26.30641+00', '2026-05-10 08:15:10.635404+00'),
	('7cf19ad4-418e-4d08-b532-4535dda41f23', 'Forgiveness', 1, '2026-05-07 06:02:26.30641+00', '2026-05-10 08:15:10.635404+00'),
	('cf058546-17ab-4a46-8fb5-8252698acaca', 'Gratitude', 1, '2026-05-07 06:02:26.30641+00', '2026-05-10 08:15:10.635404+00'),
	('60d9cf10-beb1-4455-ad27-1f06c425645a', 'Dreams', 2, '2026-05-07 06:02:26.30641+00', '2026-05-10 08:15:10.635404+00'),
	('ffbf49c6-3e44-4a3d-9a19-0b9195b0c825', 'Money', 0, '2026-05-07 06:02:26.30641+00', '2026-05-10 08:15:10.635404+00'),
	('6d203aca-a76f-4ad6-af26-bae57fe3e82c', 'College', 2, '2026-05-07 06:02:26.30641+00', '2026-05-10 08:15:10.635404+00'),
	('7e3e00dd-2cb5-4a66-80f5-7d828c12b773', 'Toxic', 0, '2026-05-07 06:02:26.30641+00', '2026-05-10 08:15:10.635404+00'),
	('7afeb768-1090-443d-a5a0-c1c62c4fb55f', 'Trauma', 1, '2026-05-07 06:02:26.30641+00', '2026-05-10 08:15:10.635404+00'),
	('b8e52183-f614-49a1-ad13-12377c2710c6', 'Healing', 2, '2026-05-07 06:02:26.30641+00', '2026-05-10 08:15:10.635404+00'),
	('1fade48e-ee0e-4bf0-88a8-b9730881920f', 'Funny', 1, '2026-05-07 06:02:26.30641+00', '2026-05-10 08:15:10.635404+00'),
	('63ea6408-c903-4906-b13b-a1b5ecf16a28', 'Random', 1, '2026-05-07 06:02:26.30641+00', '2026-05-10 08:15:10.635404+00');


--
-- Data for Name: post_tags; Type: TABLE DATA; Schema: public; Owner: postgres
--

INSERT INTO "public"."post_tags" ("post_id", "tag_id") VALUES
	('4c1c8a23-5043-43b1-801d-31e7e8cdfce0', 'a7eb63bd-4be6-4843-b3a9-1c229974e3db'),
	('4c1c8a23-5043-43b1-801d-31e7e8cdfce0', '79d7c141-c8d1-4dc4-9bd3-82f698f939fe'),
	('4c1c8a23-5043-43b1-801d-31e7e8cdfce0', '46d1605d-9568-4455-9610-1811aef03c99'),
	('4bfe0a16-04c2-4cd9-9e4c-d764a780d661', 'a7eb63bd-4be6-4843-b3a9-1c229974e3db'),
	('4bfe0a16-04c2-4cd9-9e4c-d764a780d661', '79d7c141-c8d1-4dc4-9bd3-82f698f939fe'),
	('4bfe0a16-04c2-4cd9-9e4c-d764a780d661', '46d1605d-9568-4455-9610-1811aef03c99'),
	('e07fe405-0748-45fb-9890-0a4d4e4a7bfa', 'a7eb63bd-4be6-4843-b3a9-1c229974e3db'),
	('e07fe405-0748-45fb-9890-0a4d4e4a7bfa', '730dbc17-597d-4b73-8151-4fa77737d298'),
	('e07fe405-0748-45fb-9890-0a4d4e4a7bfa', '0faad847-7f88-4fa2-9cd8-1c1f015b00a2'),
	('4bfe0a16-04c2-4cd9-9e4c-d764a780d661', '6f9318c4-d801-44c4-a71d-75dbe85ade15'),
	('4bfe0a16-04c2-4cd9-9e4c-d764a780d661', '3bd99dca-b85a-4ce1-b6ce-0beeaff049af'),
	('4bfe0a16-04c2-4cd9-9e4c-d764a780d661', '48dc9996-0554-4163-b74f-6ea5a05f6921'),
	('22e55c57-d8e9-415f-ac61-222650375df1', 'd492c563-e359-4e64-9ff1-bea116754cef'),
	('22e55c57-d8e9-415f-ac61-222650375df1', '1fade48e-ee0e-4bf0-88a8-b9730881920f'),
	('bb7989d4-26a9-4116-bf31-bcd0af29f431', '79d7c141-c8d1-4dc4-9bd3-82f698f939fe'),
	('4ec550bc-370f-449f-bc59-f0aad06ee701', '09907ecc-941a-46a8-b171-f63855e3dfe4'),
	('d99fae3c-b3cd-417a-b351-b8141da9a94e', '7d55323b-a107-4c6b-8c2f-b7e788a319fb'),
	('4e108bb4-370d-4740-a429-5448e3bc034a', '730dbc17-597d-4b73-8151-4fa77737d298'),
	('4e108bb4-370d-4740-a429-5448e3bc034a', 'feb847d1-14a5-48b6-b2b8-4390d7928da7'),
	('1f8f45ca-e243-4dc7-b8d4-23292f096f33', 'b6722b31-0022-4bb1-9bd9-2b8649cbf82f'),
	('ac7d026f-44f9-4d8c-8e16-b4e6b8f79181', '0e72fed2-cb13-46ad-9508-e5b10e8585b3'),
	('ac7d026f-44f9-4d8c-8e16-b4e6b8f79181', '8153b3bb-c011-4ad5-8e8f-f406444065f8'),
	('ac7d026f-44f9-4d8c-8e16-b4e6b8f79181', '6d203aca-a76f-4ad6-af26-bae57fe3e82c'),
	('70deeb4e-18f9-4b22-b073-a8be4270189e', 'a7eb63bd-4be6-4843-b3a9-1c229974e3db'),
	('70deeb4e-18f9-4b22-b073-a8be4270189e', '7afeb768-1090-443d-a5a0-c1c62c4fb55f'),
	('16508a31-3ed3-4cd5-928a-10272728ddb8', '260bd2f3-28e4-41e4-af51-4a6fcfe665d6'),
	('16508a31-3ed3-4cd5-928a-10272728ddb8', '9d6d6537-0a7d-4adf-9bf0-a015fa4083de'),
	('aa617836-1b35-454e-a277-6e20f49d327e', '2bb1b8d5-5fcf-42e1-81d0-eac5d17ecdba'),
	('aa617836-1b35-454e-a277-6e20f49d327e', '7cf19ad4-418e-4d08-b532-4535dda41f23'),
	('b90ef7b1-7c00-4ec9-9a9c-9f4734c27783', '9d6d6537-0a7d-4adf-9bf0-a015fa4083de'),
	('bada9c44-609c-4ea8-9881-30b99ada1390', '68d811b7-f854-4175-a730-dade40d1936b'),
	('bada9c44-609c-4ea8-9881-30b99ada1390', '6d203aca-a76f-4ad6-af26-bae57fe3e82c'),
	('d750c25c-186d-4c02-9cbc-c0943c638bf7', '382a524b-e91f-4ba5-bac6-f5faa35176c4'),
	('d750c25c-186d-4c02-9cbc-c0943c638bf7', '60d9cf10-beb1-4455-ad27-1f06c425645a'),
	('e9242701-2b48-414a-a424-70908b4bd952', 'bbedc86c-d229-4cb3-94d4-28991b37fd2b'),
	('a1965eb5-4d61-4435-8481-b24862e2023a', 'a5a75c30-5b32-4419-b601-df7f60852905'),
	('09a891e5-9285-44b6-a7f4-32f8d7b0c693', '3bd99dca-b85a-4ce1-b6ce-0beeaff049af'),
	('09a891e5-9285-44b6-a7f4-32f8d7b0c693', 'd492c563-e359-4e64-9ff1-bea116754cef'),
	('09a891e5-9285-44b6-a7f4-32f8d7b0c693', '8153b3bb-c011-4ad5-8e8f-f406444065f8'),
	('06c1da3d-c01f-4bbd-bbf2-b9747cbc1523', '382a524b-e91f-4ba5-bac6-f5faa35176c4'),
	('06c1da3d-c01f-4bbd-bbf2-b9747cbc1523', '3bd99dca-b85a-4ce1-b6ce-0beeaff049af'),
	('50834ae3-fbee-4a6e-8d80-5f9ab6199fce', '260bd2f3-28e4-41e4-af51-4a6fcfe665d6'),
	('50834ae3-fbee-4a6e-8d80-5f9ab6199fce', '60d9cf10-beb1-4455-ad27-1f06c425645a'),
	('87996792-dbc0-4101-8411-df7afbc6e9df', '63ea6408-c903-4906-b13b-a1b5ecf16a28'),
	('87996792-dbc0-4101-8411-df7afbc6e9df', '0b762603-ffe4-42ee-8995-e9c15c0e1039'),
	('87996792-dbc0-4101-8411-df7afbc6e9df', '48dc9996-0554-4163-b74f-6ea5a05f6921'),
	('52d9e79b-6919-497a-89dc-10f203721854', 'b8e52183-f614-49a1-ad13-12377c2710c6'),
	('52d9e79b-6919-497a-89dc-10f203721854', '7d55323b-a107-4c6b-8c2f-b7e788a319fb'),
	('6689f567-a1cf-467a-9467-f57d297db665', 'cf058546-17ab-4a46-8fb5-8252698acaca'),
	('20bae48b-14b9-410c-bd5d-cad33b4cfcda', 'f6e75bce-62f3-4e25-ad60-6336d59fa4f2'),
	('0990acfc-1ca4-4281-9cfe-2ba76c2e44eb', 'b8e52183-f614-49a1-ad13-12377c2710c6'),
	('0990acfc-1ca4-4281-9cfe-2ba76c2e44eb', '24c0c856-508d-4999-8da9-2a252aacf11a'),
	('0990acfc-1ca4-4281-9cfe-2ba76c2e44eb', 'd492c563-e359-4e64-9ff1-bea116754cef'),
	('e26541ac-7008-4282-9094-c6185b5cbd67', '79d7c141-c8d1-4dc4-9bd3-82f698f939fe'),
	('e26541ac-7008-4282-9094-c6185b5cbd67', '4f566fa7-4fe0-4f87-a7e7-0a2e35b69b3d');


--
-- Data for Name: reactions; Type: TABLE DATA; Schema: public; Owner: postgres
--

INSERT INTO "public"."reactions" ("id", "user_id", "post_id", "comment_id", "emoji", "created_at", "updated_at") VALUES
	('87e67e42-b1b6-4167-9f1e-3d005580b8dd', 'adfe3895-e3f6-4dc0-8a99-1282de8d2416', NULL, '9a5dc26e-d7e7-407d-9c30-3bef4d510337', '❤️', '2026-05-07 12:56:08.615917+00', '2026-05-07 12:56:08.615917+00'),
	('8294b92d-00b9-4932-bc74-e77ac1492773', 'adfe3895-e3f6-4dc0-8a99-1282de8d2416', '4bfe0a16-04c2-4cd9-9e4c-d764a780d661', NULL, '😢', '2026-05-07 12:58:20.510208+00', '2026-05-07 12:58:20.510208+00'),
	('17c1ce0a-8c95-4dd4-9dea-45dc210d0154', 'adfe3895-e3f6-4dc0-8a99-1282de8d2416', 'e07fe405-0748-45fb-9890-0a4d4e4a7bfa', NULL, '👎', '2026-05-07 13:04:34.010109+00', '2026-05-07 13:07:56.029566+00'),
	('77939427-0c66-40b5-8b20-385971e58139', 'adfe3895-e3f6-4dc0-8a99-1282de8d2416', '4c1c8a23-5043-43b1-801d-31e7e8cdfce0', NULL, '😍', '2026-05-07 13:07:46.288152+00', '2026-05-08 19:03:50.278196+00'),
	('7548217b-ce82-41e8-9d75-3d996b6c1500', 'a467f7a7-dd7d-48df-a0ab-049859644453', '4c1c8a23-5043-43b1-801d-31e7e8cdfce0', NULL, '🤯', '2026-05-07 11:35:38.760904+00', '2026-05-10 04:24:27.766764+00'),
	('3d5f546c-868e-435e-ab1c-e0fe722eb83e', 'a467f7a7-dd7d-48df-a0ab-049859644453', NULL, '697abdcc-15d0-4d56-8a46-450a9d9d4636', '😡', '2026-05-10 04:24:35.657435+00', '2026-05-10 04:24:35.657435+00'),
	('7d9fea53-fd65-4d82-9a09-9addb0aa793e', 'a467f7a7-dd7d-48df-a0ab-049859644453', 'e07fe405-0748-45fb-9890-0a4d4e4a7bfa', NULL, '👎', '2026-05-10 04:25:03.533911+00', '2026-05-10 04:25:03.533911+00'),
	('658bba89-2709-4a8e-a3f1-a9198444f0fe', 'adfe3895-e3f6-4dc0-8a99-1282de8d2416', NULL, '524cef55-68f8-4456-99e8-a655398956ca', '😃', '2026-05-11 06:47:52.191516+00', '2026-05-11 06:47:52.191516+00'),
	('761e336b-20eb-4ba8-95b2-fc9fa4b10798', 'adfe3895-e3f6-4dc0-8a99-1282de8d2416', '22e55c57-d8e9-415f-ac61-222650375df1', NULL, '🙏', '2026-05-11 06:49:52.797533+00', '2026-05-11 06:54:39.82109+00'),
	('72d9b93c-9766-4518-b5bf-fe350e85f482', 'adfe3895-e3f6-4dc0-8a99-1282de8d2416', 'bb7989d4-26a9-4116-bf31-bcd0af29f431', NULL, '👎', '2026-05-11 06:54:46.040347+00', '2026-05-11 06:54:46.040347+00'),
	('de1bbcec-89f5-4dba-bed5-b09dd51faeda', 'adfe3895-e3f6-4dc0-8a99-1282de8d2416', '4ec550bc-370f-449f-bc59-f0aad06ee701', NULL, '👍', '2026-05-11 06:54:52.474697+00', '2026-05-11 06:54:52.474697+00'),
	('e4ce65c9-53d6-4799-a85c-f92a0caacae6', 'adfe3895-e3f6-4dc0-8a99-1282de8d2416', '70deeb4e-18f9-4b22-b073-a8be4270189e', NULL, '😡', '2026-05-11 06:55:50.903801+00', '2026-05-11 06:55:50.903801+00'),
	('d3125af9-e735-4dca-855f-9c79319a27e9', '9eb8b33e-758a-455d-a05f-2e1ce99e3f9a', '22e55c57-d8e9-415f-ac61-222650375df1', NULL, '🙏', '2026-05-11 06:57:05.222897+00', '2026-05-11 06:57:05.222897+00'),
	('47ac9d62-8c55-4854-b802-37d9cc63c95f', '9eb8b33e-758a-455d-a05f-2e1ce99e3f9a', 'bb7989d4-26a9-4116-bf31-bcd0af29f431', NULL, '👎', '2026-05-11 06:57:44.687715+00', '2026-05-11 06:57:44.687715+00'),
	('b150c632-f3b5-4840-a0e9-3e444d4950b2', 'a467f7a7-dd7d-48df-a0ab-049859644453', '22e55c57-d8e9-415f-ac61-222650375df1', NULL, '😡', '2026-05-12 11:33:48.601827+00', '2026-05-12 11:33:48.601827+00');


--
-- Data for Name: user_blocks; Type: TABLE DATA; Schema: public; Owner: postgres
--



--
-- Data for Name: buckets; Type: TABLE DATA; Schema: storage; Owner: supabase_storage_admin
--



--
-- Data for Name: buckets_analytics; Type: TABLE DATA; Schema: storage; Owner: supabase_storage_admin
--



--
-- Data for Name: buckets_vectors; Type: TABLE DATA; Schema: storage; Owner: supabase_storage_admin
--



--
-- Data for Name: iceberg_namespaces; Type: TABLE DATA; Schema: storage; Owner: supabase_storage_admin
--



--
-- Data for Name: iceberg_tables; Type: TABLE DATA; Schema: storage; Owner: supabase_storage_admin
--



--
-- Data for Name: objects; Type: TABLE DATA; Schema: storage; Owner: supabase_storage_admin
--



--
-- Data for Name: s3_multipart_uploads; Type: TABLE DATA; Schema: storage; Owner: supabase_storage_admin
--



--
-- Data for Name: s3_multipart_uploads_parts; Type: TABLE DATA; Schema: storage; Owner: supabase_storage_admin
--



--
-- Data for Name: vector_indexes; Type: TABLE DATA; Schema: storage; Owner: supabase_storage_admin
--



--
--
-- PostgreSQL database dump complete
--

-- \unrestrict 36PruBtAUa3eTdVx8pDK1y6Y1wmthqVVGVucv5GCN1XqwJzsSlaosTaGezOTkAA

RESET ALL;
SET session_replication_role = DEFAULT;
